OBJECTID,ACCIDENTNUM,ACCIDENTDATE,ACCIDENT_YEAR,ACCIDENT_MONTH,ACCIDENT_DAY,ACCIDENT_HOUR,ACCIDENT_MINUTE,ACCIDENT_SECOND,ACCIDENT_WEEKDAY,XCOORD,YCOORD,LONGITUDE,LATITUDE,ACCIDENTLOCATION,COLLISIONTYPE,CLASSIFICATIONOFACCIDENT,IMPACTLOCATION,INITIALDIRECTIONOFTRAVELONE,INITIALDIRECTIONOFTRAVELTWO,INITIALIMPACTTYPE,INTTRAFFICCONTROL,LIGHT,LIGHTFORREPORT,ROADJURISDICTION,TRAFFICCONTROL,TRAFFICCONTROLCONDITION,THRULANENO,NORTHBOUNDDISOBEYCOUNT,SOUTHBOUNDDISOBEYCOUNT,PEDESTRIANINVOLVED,CYCLISTINVOLVED,MOTORCYCLISTINVOLVED,ENVIRONMENTCONDITION1,ENVIRONMENTCONDITION2,SELFREPORTED,XMLIMPORTNOTES,LASTEDITEDDATE,CREATE_BY,CREATE_DATE
48697,19003555,1546705140000,2019,1,5,16,19,0,Saturday,545483.63491,4804349.33045,-80.438409,43.390648999999996,At intersection,2,Non-reportable,Within intersection,unknown,unknown,SMV other,Unknown,"Daylight, artificial","02 - Daylight, artificial",Municipal (excl. Twp. Rd.),Stop sign,Functioning,0,0,0,False,False,False,Clear,,False,Road 1: DOON VILLAGE RD (50 km/h); Road 2: ANVIL ST (50 km/h); Vehicle #1     Make: FORD     Model: COF     Colour: WHI     Style: PK,4/9/2021 4:28:24 PM,,
48698,19003632,1546713000000,2019,1,5,18,30,0,Saturday,543120.46953,4806548.97018,-80.467413,43.410593999999996,Non intersection,2,P.D. only,Thru lane,unknown,unknown,SMV unattended vehicle,Unknown,Dark,07 - Dark,Municipal (excl. Twp. Rd.),No control,unknown,1,0,0,False,False,False,Clear,,False,Road 1: 160 CENTURY HILL DR (50 km/h); Road 2: CENTURY HILL DR; Distance: 20.0 M N; Vehicle #1     Make: CHEV     Model: CAL     Colour: WHI     Style: PK; Vehicle #2     Make: VOLK     Model: CJS     Colour: GRY     Style: 4D; Vehicle #3     Make: FORD  ,4/9/2021 4:25:30 PM,,
48699,19003679,1546716180000,2019,1,5,19,23,0,Saturday,545855.61202,4807129.56169,-80.433583,43.415659,At intersection,2,P.D. only,Within intersection,unknown,unknown,Angle,Unknown,Dark,07 - Dark,Municipal (excl. Twp. Rd.),unknown,Functioning,0,0,0,False,False,False,Clear,,False,Road 1: HIDDEN VALLEY RD (50 km/h); Road 2: WABANAKI DR (50 km/h); Vehicle #1     Make: HOND     Model: CRV     Colour: RED     Style: 4W; Vehicle #2     Make: NISS     Model: PFI     Colour: SIL     Style: TY,4/9/2021 4:28:22 PM,,
48700,19004705,1546842600000,2019,1,7,6,30,0,Monday,546113.05956,4804413.03676,-80.430633,43.391183999999996,At/near private drive,2,P.D. only,Thru lane,unknown,unknown,SMV other,Unknown,Dark,07 - Dark,Municipal (excl. Twp. Rd.),No control,unknown,1,0,0,False,False,False,Clear,,False,Road 1: 170 OLD CARRIAGE DR (50 km/h); Road 2: OLD CARRIAGE DR; Distance: 1.0 M S; Vehicle #1     Make: BMW     Model: 28X     Colour: GRY     Style: 4D,4/9/2021 4:29:23 PM,,
48701,19005087,1546871400000,2019,1,7,14,30,0,Monday,542488.88382,4811127.42464,-80.474857,43.451854,At intersection,2,P.D. only,Within intersection,unknown,unknown,Angle,Unknown,Daylight,01 - Daylight,Municipal (excl. Twp. Rd.),Stop sign,Functioning,0,0,0,False,False,False,Clear,,False,Road 1: KRUG ST (50 km/h); Road 2: LYDIA ST (50 km/h); Vehicle #1     Make: HOND     Model: UDY     Colour: SIL     Style: TY; Vehicle #2     Make: HOND     Model: UCL     Colour: WHI     Style: 4D,4/9/2021 4:28:03 PM,,
48702,19005116,1546877580000,2019,1,7,16,13,0,Monday,547448.38218,4810632.70562,-80.413606,43.447102,At/near private drive,2,P.D. only,Right shoulder,unknown,unknown,SMV unattended vehicle,Unknown,Daylight,01 - Daylight,Municipal (excl. Twp. Rd.),No control,unknown,0,0,0,False,False,False,Clear,,False,Road 1: 82 COUNTRY CLAIR ST (50 km/h); Road 2: COUNTRY CLAIR ST; Distance: 1.0 M S; Vehicle #1     Make: INTL     Model: PB1     Colour: YEL     Style: BU; Vehicle #2     Make: ACUR     Model: CCS     Colour: WHI     Style: 4D,4/9/2021 4:29:17 PM,,
48703,19005145,1546879500000,2019,1,7,16,45,0,Monday,545464.8691,4804361.86037,-80.43863999999999,43.390763,Non intersection,2,P.D. only,Other,unknown,unknown,SMV other,Unknown,Dusk,05 - Dusk,Municipal (excl. Twp. Rd.),No control,unknown,0,0,0,False,False,False,Clear,,False,Road 1: DOON VILLAGE RD (50 km/h); Road 2: ANVIL ST; Distance: 20.0 M N; Vehicle #1     Make: FORD     Model: EPR     Colour: GRY     Style: TY,3/26/2021 11:53:24 AM,,
48704,19005721,1546866000000,2019,1,7,13,0,0,Monday,539880.58172,4806005.83071,-80.507468,43.405882999999996,At/near private drive,2,P.D. only,Thru lane,unknown,unknown,Other,Unknown,Daylight,01 - Daylight,Regional municipality,No control,unknown,1,0,0,False,False,False,Snow,,True,Road 1: 152 COTTON GRASS ST (50 km/h); Road 2: COTTON GRASS ST; Vehicle #1     Make: FORD     Model: FE     Colour: BLK     Style: 4D; Vehicle #2     Make: FORD     Model: SPE     Colour: BLK     Style: TY,4/9/2021 4:29:05 PM,,
48705,19006016,1546965000000,2019,1,8,16,30,0,Tuesday,544917.70036,4804865.3085,-80.445354,43.395329,At/near private drive,1,Non-fatal injury,Thru lane,unknown,unknown,Rear end,Unknown,Daylight,01 - Daylight,Municipal (excl. Twp. Rd.),No control,unknown,1,0,0,False,False,False,Rain,,True,Road 1: 450 PIONEER DR (50 km/h); Road 2: PIONEER DR; Vehicle #1     Make: HOND     Model: CCL     Colour: WHI     Style: 4D; Vehicle #2     Make: HYUN     Model: SFT     Colour: GRY     Style: TY,4/9/2021 4:29:06 PM,,
48706,19006643,1546354800000,2019,1,1,15,0,0,Tuesday,538987.61721,4807420.25711,-80.518395,43.418665,At/near private drive,2,P.D. only,Thru lane,unknown,unknown,SMV unattended vehicle,Unknown,Daylight,01 - Daylight,Municipal (excl. Twp. Rd.),No control,unknown,1,0,0,False,False,False,Clear,,True,Road 1: 51 GLEN AVON CRES (50 km/h); Road 2: GLEN AVON CRES; Vehicle #1     Make: CHEV     Model: MAL     Colour:      Style: 4D; Vehicle #2     Make: CHEV     Model: TRL     Colour: GRY     Style: TY,4/9/2021 4:29:12 PM,,
48707,19006828,1547050620000,2019,1,9,16,17,0,Wednesday,548239.13632,4804558.93172,-80.40437,43.392364,At/near private drive,2,P.D. only,Thru lane,unknown,unknown,Angle,Unknown,Dusk,05 - Dusk,Regional municipality,No control,unknown,1,0,0,False,False,False,Snow,,False,Road 1: 299 DOON VALLEY DR (50 km/h); Road 2: DOON VALLEY DR; Distance: 1.0 M E; Vehicle #1     Make: MAZD     Model: 3TR     Colour: BLU     Style: 4D; Vehicle #2     Make: JEEP     Model: CHK     Colour: GRY     Style: TY,4/9/2021 4:29:04 PM,,
48708,19007269,1547024400000,2019,1,9,9,0,0,Wednesday,540174.9617,4809411.65938,-80.503582,43.436533,Intersection related,2,P.D. only,Thru lane,unknown,unknown,Rear end,Unknown,Daylight,01 - Daylight,Municipal (excl. Twp. Rd.),Traffic signal,Functioning,1,0,0,False,False,False,Clear,,True,Road 1: BELMONT AVE E (50 km/h); Road 2: QUEENS BLVD (50 km/h); Vehicle #1     Make: DODG     Model: JOU     Colour: RED     Style: TY; Vehicle #2     Make: DODG     Model: RPC     Colour: RED     Style: PK,4/9/2021 4:26:59 PM,,
48709,19007271,1547111400000,2019,1,10,9,10,0,Thursday,541748.31121,4813072.27929,-80.48386099999999,43.469408,At/near private drive,2,P.D. only,Thru lane,unknown,unknown,Other,Unknown,Daylight,01 - Daylight,Municipal (excl. Twp. Rd.),No control,unknown,1,0,0,False,False,False,Clear,,False,Road 1: 11 ASH ST (50 km/h); Road 2: ASH ST; Distance: 1.0 M N; Vehicle #1     Make: HYUN     Model: ETG     Colour: GRY     Style: 4B; Vehicle #2     Make: DODG     Model: RPC     Colour: WHI     Style: CT,4/9/2021 4:29:13 PM,,
48710,19007334,1547112000000,2019,1,10,9,20,0,Thursday,544611.22196,4809092.38039,-80.448793,43.433406999999995,At intersection,2,P.D. only,Within intersection,unknown,unknown,Sideswipe,Unknown,Daylight,01 - Daylight,Municipal (excl. Twp. Rd.),Traffic signal,Functioning,0,0,0,False,False,False,Snow,,True,Road 1: FRANKLIN ST S (50 km/h); Road 2: KINGSWAY DR (50 km/h); Vehicle #1     Make: HYUN     Model: SFT     Colour: SIL     Style: TY; Vehicle #2     Make: HYUN     Model: CFE     Colour: SIL     Style: TY,4/9/2021 4:28:09 PM,,
48711,19007469,1547112600000,2019,1,10,9,30,0,Thursday,539174.73725,4810914.67977,-80.515832,43.45012,At/near private drive,2,P.D. only,Thru lane,unknown,unknown,Other,Unknown,Daylight,01 - Daylight,Municipal (excl. Twp. Rd.),No control,unknown,2,0,0,False,False,False,Clear,,False,Road 1: 564 BELMONT AVE W (50 km/h); Road 2: BELMONT AVE W; Distance: 0.0 M E; Vehicle #1     Make: CHEV     Model: EQU     Colour: BRN     Style: TY; Vehicle #2     Make: LINC     Model: MSA     Colour: BLK     Style: 4D,4/9/2021 4:29:08 PM,,
48712,19007632,1547136660000,2019,1,10,16,11,0,Thursday,541751.15396,4806103.81533,-80.484359,43.406662999999995,At intersection,2,P.D. only,Within intersection,unknown,unknown,Sideswipe,Unknown,Daylight,01 - Daylight,Municipal (excl. Twp. Rd.),Stop sign,Functioning,0,0,0,False,False,False,Clear,,False,Road 1: THE COUNTRY WAY (40 km/h); Road 2: NICHOLE CRES (50 km/h); Vehicle #1     Make: FORD     Model: TST     Colour: WHI     Style: FV; Vehicle #2     Make: FORD     Model: FE     Colour: BLK     Style: 4D,4/9/2021 4:28:02 PM,,
48713,19007903,1547157960000,2019,1,10,22,6,0,Thursday,541670.12,4803583.30011,-80.485552,43.383973,Non intersection,2,P.D. only,Right shoulder,unknown,unknown,SMV unattended vehicle,Unknown,Dark,07 - Dark,Municipal (excl. Twp. Rd.),No control,unknown,0,0,0,False,False,False,Clear,,False,Road 1: FRANKFURT ST (50 km/h); Road 2: 23 FRANKFURT ST; Distance: 1.0 M S; Vehicle #1     Make: PETE     Model:      Colour:      Style: ; Vehicle #2     Make: HYUN     Model: GN2     Colour: GRY     Style: 2D,4/9/2021 4:25:29 PM,,
48714,19008000,1547168940000,2019,1,11,1,9,0,Friday,542403.63363,4803764.73277,-80.47648199999999,43.385565,Non intersection,2,P.D. only,Thru lane,unknown,unknown,SMV other,Unknown,Dark,07 - Dark,Municipal (excl. Twp. Rd.),No control,unknown,1,0,0,False,False,True,Clear,,False,Road 1: 731 HURON RD (60 km/h); Road 2: HURON RD; Distance: 1.0 M W; Vehicle #1     Make: HOND     Model: VCA     Colour: GRY     Style: MS,4/9/2021 4:25:29 PM,,
48715,19008158,1547192280000,2019,1,11,7,38,0,Friday,540288.85663,4809881.61677,-80.50214,43.440759,At/near private drive,2,P.D. only,Thru lane,unknown,unknown,SMV unattended vehicle,Unknown,Dawn,03 - Dawn,Municipal (excl. Twp. Rd.),No control,unknown,1,0,0,False,False,False,Clear,,True,Road 1: 58 VANCAMP AVE (50 km/h); Road 2: VANCAMP AVE; Vehicle #1     Make: DODG     Model: CAR     Colour: WHI     Style: VN; Vehicle #2     Make: LEXS     Model: E33     Colour: GRY     Style: 4D,4/9/2021 4:29:10 PM,,
48716,19008489,1547223240000,2019,1,11,16,14,0,Friday,545035.64511,4807866.0144,-80.443651,43.42234,At intersection,1,Non-fatal injury,Within intersection,unknown,unknown,SMV other,Unknown,Daylight,01 - Daylight,Municipal (excl. Twp. Rd.),Traffic signal,Functioning,0,0,0,True,False,False,Clear,,False,Road 1: KINGSWAY DR (50 km/h); Road 2: WILSON AVE (50 km/h); Vehicle #1     Make: NISS     Model: SBL     Colour: RED     Style: 4D,4/9/2021 4:28:02 PM,,
48717,19008591,1547232480000,2019,1,11,18,48,0,Friday,545907.83457,4809344.00506,-80.432752,43.435595,At intersection,2,Non-reportable,Within intersection,unknown,unknown,Angle,Unknown,Dark,07 - Dark,Municipal (excl. Twp. Rd.),unknown,Functioning,0,0,0,False,False,False,Clear,,False,Road 1: KINZIE AVE (50 km/h); Road 2: THALER AVE (50 km/h); Vehicle #1     Make: HYUN     Model: SAN     Colour: RED     Style: TY; Vehicle #2     Make: FORD     Model: SPE     Colour: BLK     Style: TY,4/9/2021 4:28:20 PM,,
48718,19009018,1547286900000,2019,1,12,9,55,0,Saturday,541144.62535,4812021.96493,-80.49140299999999,43.459984,Other,2,Non-reportable,Off highway,unknown,unknown,SMV other,Unknown,Daylight,01 - Daylight,Municipal (excl. Twp. Rd.),No control,unknown,0,0,0,False,False,False,Clear,,True,Road 1: MARGARET AVE; Road 2: 147 MARGARET AVE; Vehicle #1     Make: HYUN     Model: PGS     Colour: RED     Style: 4D,4/9/2021 4:30:18 PM,,
48719,19009030,1547135100000,2019,1,10,15,45,0,Thursday,540366.48576,4806368.1768,-80.50144,43.409119,At/near private drive,2,P.D. only,Thru lane,unknown,unknown,SMV unattended vehicle,Unknown,Daylight,01 - Daylight,Municipal (excl. Twp. Rd.),No control,unknown,1,0,0,False,False,False,Clear,,True,Road 1: 504 HIGHBROOK CRT (50 km/h); Road 2: HIGHBROOK CRT; Vehicle #1     Make: TOYT     Model: CEN     Colour: WHI     Style: TY; Vehicle #2     Make: NISS     Model: SBL     Colour: SIL     Style: 4D,4/9/2021 4:29:10 PM,,
48720,19009049,1547287200000,2019,1,12,10,0,0,Saturday,538134.29942,4807508.44682,-80.52892899999999,43.419503,Intersection related,2,P.D. only,Thru lane,unknown,unknown,Rear end,Unknown,Daylight,01 - Daylight,Municipal (excl. Twp. Rd.),Stop sign,unknown,1,0,0,False,False,False,Clear,,True,Road 1: MCGARRY DR (50 km/h); Road 2: ROYAL ORCHARD DR (50 km/h); Vehicle #1     Make: HOND     Model: AXL     Colour: GRY     Style: 4D; Vehicle #2     Make: MAZD     Model: M3S     Colour: GRY     Style: 4D,4/9/2021 4:27:00 PM,,
48721,19009115,1547213400000,2019,1,11,13,30,0,Friday,543939.0229,4804979.10548,-80.45742899999999,43.396411,At/near private drive,2,P.D. only,Thru lane,unknown,unknown,Other,Unknown,Daylight,01 - Daylight,Municipal (excl. Twp. Rd.),No control,unknown,1,0,0,False,False,False,Clear,,True,Road 1: 11 CALVERT CLOSE (50 km/h); Road 2: CALVERT CLOSE; Vehicle #1     Make: TOYT     Model: RV4     Colour: GRY     Style: TY; Vehicle #2     Make: NISS     Model: CXT     Colour: BLK     Style: TY,4/9/2021 4:29:08 PM,,
48722,19010004,1547370900000,2019,1,13,9,15,0,Sunday,541019.09659,4809678.4086,-80.49313099999999,43.438888999999996,Intersection related,1,Non-fatal injury,Thru lane,unknown,unknown,Rear end,Unknown,Daylight,01 - Daylight,Municipal (excl. Twp. Rd.),Traffic signal,Functioning,1,0,0,False,False,False,Clear,,False,Road 1: HIGHLAND RD E (50 km/h); Road 2: SPADINA RD E (50 km/h); Vehicle #1     Make: CHEV     Model: CZT     Colour: RED     Style: 4D; Vehicle #2     Make: MAZD     Model: 3TR     Colour: BLU     Style: 4B,4/9/2021 4:27:15 PM,,
48723,19010720,1547471400000,2019,1,14,13,10,0,Monday,541636.15445,4811414.25481,-80.485374,43.454485,Intersection related,1,Non-fatal injury,Thru lane,unknown,unknown,Rear end,Unknown,Daylight,01 - Daylight,Municipal (excl. Twp. Rd.),Traffic signal,Functioning,1,0,0,False,False,False,Clear,,False,Road 1: QUEEN ST N (50 km/h); Road 2: OTTO ST (50 km/h); Distance: 5.0 M S; Vehicle #1     Make: GMC     Model: TER     Colour: WHI     Style: TY; Vehicle #2     Make: MERZ     Model: SMA     Colour: SIL     Style: 2D,4/9/2021 4:27:14 PM,,
48724,19010860,1547477100000,2019,1,14,14,45,0,Monday,543106.68715,4804748.6459,-80.467725,43.394383999999995,Non intersection,1,Non-fatal injury,Thru lane,unknown,unknown,Sideswipe,Unknown,Daylight,01 - Daylight,Municipal (excl. Twp. Rd.),No control,unknown,1,0,0,False,False,False,Clear,,True,Road 1: 1825 STRASBURG RD (50 km/h); Road 2: STRASBURG RD; Vehicle #1     Make: TOYT     Model: CTR     Colour: WHI     Style: 4B; Vehicle #2     Make: HOND     Model: CRV     Colour: GRY     Style: TY,4/9/2021 4:25:26 PM,,
48725,19011806,1547570820000,2019,1,15,16,47,0,Tuesday,543073.50029,4812800.39429,-80.4675,43.466884,At intersection,2,P.D. only,Within intersection,unknown,unknown,Turning movement,Unknown,Dusk,05 - Dusk,Municipal (excl. Twp. Rd.),unknown,Functioning,0,0,0,False,False,False,Clear,,False,Road 1: WELLINGTON ST N (60 km/h); Road 2: RIVERBEND DR (60 km/h); Distance:  K; Vehicle #1     Make: HOND     Model: UCL     Colour: SIL     Style: 4D; Vehicle #2     Make: TOYT     Model: CUB     Colour: GRY     Style: 4D; Vehicle #3     Make: CHEV     ,4/9/2021 4:28:12 PM,,
48726,19011859,1547571000000,2019,1,15,16,50,0,Tuesday,548246.16791,4804558.37299,-80.40428299999999,43.392358,At/near private drive,2,P.D. only,Thru lane,unknown,unknown,Angle,Unknown,"Dusk, artificial","06 - Dusk, artificial",Municipal (excl. Twp. Rd.),No control,unknown,1,0,0,False,False,False,Clear,,True,Road 1: 299 CONESTOGA COLLEGE BLVD (50 km/h); Road 2: DOON VALLEY DR; Vehicle #1     Make: TOYT     Model: MTL     Colour: GRY     Style: 4D; Vehicle #2     Make: TOYO     Model: COR     Colour: BRN     Style: 4D,4/9/2021 4:29:05 PM,,
48727,19011896,1547383500000,2019,1,13,12,45,0,Sunday,545036.40745,4811250.57,-80.443362,43.452814,At/near private drive,2,P.D. only,Thru lane,unknown,unknown,Other,Unknown,Daylight,01 - Daylight,Municipal (excl. Twp. Rd.),No control,unknown,1,0,0,False,False,False,Clear,,True,Road 1: 109 BRECKENRIDGE DR (50 km/h); Road 2: BRECKENRIDGE DR; Vehicle #1     Make: FORD     Model: FSL     Colour: GRY     Style: VN; Vehicle #2     Make: TOYT     Model: UCS     Colour: RED     Style: 4D,4/9/2021 4:29:09 PM,,
48728,19012228,1547611560000,2019,1,16,4,6,0,Wednesday,545877.86263,4808928.59452,-80.433157,43.431855999999996,Non intersection,1,Non-fatal injury,Right shoulder,unknown,unknown,SMV other,Unknown,Dark,07 - Dark,Municipal (excl. Twp. Rd.),No control,unknown,0,0,0,False,False,False,Freezing Rain,,False,Road 1: 117 JANSEN AVE (50 km/h); Road 2: JANSEN AVE; Distance: 1.0 M N; Vehicle #1     Make: HYUN     Model: EGM     Colour: WHI     Style: 4D,4/9/2021 4:25:31 PM,,
48729,19012242,1547617020000,2019,1,16,5,37,0,Wednesday,540590.36835,4809506.34317,-80.498442,43.437363,Non intersection,2,Non-reportable,Not on roadway - left side,unknown,unknown,SMV other,Unknown,Dark,07 - Dark,Municipal (excl. Twp. Rd.),No control,unknown,0,0,0,False,False,False,Freezing Rain,,False,Road 1: 64 PLEASANT AVE (50 km/h); Road 2: PLEASANT AVE; Distance: 10.0 M W; Vehicle #1     Make: VOLK     Model: JBS     Colour: GRY     Style: 4D,4/9/2021 4:25:47 PM,,
48730,19012252,1547619480000,2019,1,16,6,18,0,Wednesday,539732.6306,4810959.69367,-80.508934,43.450496,At railway crossing,2,Non-reportable,Thru lane,unknown,unknown,SMV other,Unknown,Dark,07 - Dark,Municipal (excl. Twp. Rd.),No control,unknown,1,0,1,False,False,False,Snow,,False,Road 1: STRANGE ST (50 km/h); Road 2: CN RAIL; Distance: 1.0 M W; Vehicle #1     Make: INTL     Model: 70S     Colour: WHI     Style: DP,4/9/2021 4:30:20 PM,,
48731,19012256,1547620800000,2019,1,16,6,40,0,Wednesday,542769.75925,4803928.69872,-80.471949,43.387021,At intersection,2,P.D. only,Within intersection,unknown,unknown,Angle,Unknown,"Dark, artificial","08 - Dark, artificial",Municipal (excl. Twp. Rd.),Stop sign,Functioning,0,0,0,False,False,False,Freezing Rain,,False,Road 1: CRANSHAW ST (50 km/h); Road 2: BANFFSHIRE ST (50 km/h); Vehicle #1     Make: TRAC     Model: MT^     Colour: YEL     Style: PLO; Vehicle #2     Make: GMC     Model: SIE     Colour: BLK     Style: PK,4/9/2021 4:28:16 PM,,
48732,19012418,1547627400000,2019,1,16,8,30,0,Wednesday,536852.10028,4808267.36217,-80.544716,43.426401,At intersection,2,P.D. only,Within intersection,unknown,unknown,Angle,Unknown,Daylight,01 - Daylight,Municipal (excl. Twp. Rd.),unknown,Functioning,0,0,0,False,False,False,Snow,,True,Road 1: WESTMEADOW DR (50 km/h); Road 2: WESTFOREST TRAIL (50 km/h); Vehicle #1     Make: MAZD     Model: M3I     Colour: SIL     Style: 4B; Vehicle #2     Make: HYUN     Model: SFT     Colour: BLK     Style: TY,4/9/2021 4:28:17 PM,,
48733,19012513,1547644920000,2019,1,16,13,22,0,Wednesday,541226.95912,4811868.47477,-80.490397,43.458597,At intersection,1,Non-fatal injury,Within intersection,unknown,unknown,SMV other,Unknown,Daylight,01 - Daylight,Municipal (excl. Twp. Rd.),Traffic signal,Functioning,0,0,0,True,False,False,Clear,,False,Road 1: WELLINGTON ST N (50 km/h); Road 2: MARGARET AVE (50 km/h); Vehicle #1     Make: NISS     Model: VSL     Colour: SIL     Style: 4B,4/9/2021 4:28:22 PM,,
48734,19012528,1547555400000,2019,1,15,12,30,0,Tuesday,541839.80161,4805286.27892,-80.483327,43.399297,Non intersection,2,P.D. only,Right shoulder,unknown,unknown,SMV other,Unknown,Daylight,01 - Daylight,Municipal (excl. Twp. Rd.),No control,unknown,0,0,0,False,False,False,Clear,,False,Road 1: 815 TRILLIUM DR (50 km/h); Road 2: TRILLIUM DR; Distance: 100.0 M E; Vehicle #1     Make: FORD     Model: TST     Colour: WHI     Style: FV,4/9/2021 4:25:33 PM,,
48735,19012648,1547655060000,2019,1,16,16,11,0,Wednesday,547277.23114,4809105.20749,-80.415853,43.433358999999996,Non intersection,2,P.D. only,Thru lane,unknown,unknown,SMV unattended vehicle,Unknown,Daylight,01 - Daylight,Municipal (excl. Twp. Rd.),No control,unknown,1,0,0,False,False,False,Clear,,False,Road 1: QUINTE CRES (50 km/h); Road 2: QUINTE CRT; Distance: 68.0 M W; Vehicle #1     Make: TOYT     Model: COR     Colour: GRY     Style: 4D; Vehicle #2     Make: HOND     Model: UDY     Colour: PLE     Style: TY,4/9/2021 4:25:38 PM,,
48736,19012730,1547616600000,2019,1,16,5,30,0,Wednesday,545081.28066,4813088.4063,-80.442655,43.469359,Non intersection,2,P.D. only,Thru lane,unknown,unknown,SMV other,Unknown,Dark,07 - Dark,Municipal (excl. Twp. Rd.),No control,unknown,1,0,0,False,False,False,Snow,,True,Road 1: 17 SMETANA DR (50 km/h); Road 2: SMETANA DR; Vehicle #1     Make: MITS     Model: OUT     Colour: BLK     Style: TY,4/9/2021 4:25:33 PM,,
48737,19012774,1547626080000,2019,1,16,8,8,0,Wednesday,539532.76976,4810110.74358,-80.511466,43.442862,Non intersection,2,P.D. only,Thru lane,unknown,unknown,Sideswipe,Unknown,Daylight,01 - Daylight,Municipal (excl. Twp. Rd.),No control,unknown,2,0,0,False,False,False,Snow,,True,Road 1: 297 BELMONT AVE W (50 km/h); Road 2: BELMONT AVE W; Vehicle #1     Make:      Model:      Colour:      Style: ; Vehicle #2     Make: HYUN     Model: TUC     Colour: GRY     Style: TY,4/9/2021 4:25:25 PM,,
48738,19013165,1547683500000,2019,1,17,0,5,0,Thursday,541465.9938,4808998.25959,-80.487661,43.432741,Non intersection,2,P.D. only,Thru lane,unknown,unknown,SMV unattended vehicle,Unknown,"Dark, artificial","08 - Dark, artificial",Municipal (excl. Twp. Rd.),No control,unknown,1,0,0,False,False,False,Clear,,True,Road 1: 16 SOUTHDALE AVE (50 km/h); Road 2: SOUTHDALE AVE; Vehicle #1     Make:      Model:      Colour:      Style: ; Vehicle #2     Make: ACUR     Model: CCS     Colour: SIL     Style: 4D,4/9/2021 4:25:34 PM,,
48739,19013735,1547762700000,2019,1,17,22,5,0,Thursday,542314.00255,4810287.67927,-80.47708399999999,43.444303,At intersection,2,P.D. only,Within intersection,unknown,unknown,Angle,Unknown,"Dark, artificial","08 - Dark, artificial",Regional municipality,Traffic signal,Functioning,0,0,0,False,False,False,Snow,,False,Road 1: KING ST E (50 km/h); Road 2: STIRLING AVE N (50 km/h); Vehicle #1     Make: VOLK     Model: PTS     Colour: BLK     Style: 4D; Vehicle #2     Make: CHEV     Model: MAL     Colour: GRN     Style: 4D,4/9/2021 4:28:15 PM,,
48740,19013936,1547798400000,2019,1,18,8,0,0,Friday,545924.37429,4812085.50423,-80.432317,43.460277999999995,At/near private drive,2,P.D. only,Not on roadway - left side,unknown,unknown,SMV other,Unknown,Daylight,01 - Daylight,Municipal (excl. Twp. Rd.),No control,unknown,0,0,0,False,False,False,Clear,,False,Road 1: 46 ROSE GARDEN ST (50 km/h); Road 2: ROSE GARDEN ST; Distance: 20.0 M W; Vehicle #1     Make: HYUN     Model: GN4     Colour: GRY     Style: 4D,4/9/2021 4:29:23 PM,,
48741,19014015,1547803800000,2019,1,18,9,30,0,Friday,541954.35822,4815744.36495,-80.48110799999999,43.493455,At intersection,2,P.D. only,Within intersection,unknown,unknown,Angle,Unknown,Daylight,01 - Daylight,Municipal (excl. Twp. Rd.),Stop sign,Functioning,0,0,0,False,False,False,Clear,,False,Road 1: WOOLWICH ST (50 km/h); Road 2: FALCONRIDGE DR (50 km/h); Vehicle #1     Make: RAM     Model: RTR     Colour: BLK     Style: CW; Vehicle #2     Make: NISS     Model: ROG     Colour: RED     Style: 4W,4/9/2021 4:28:23 PM,,
48742,19014365,1547827920000,2019,1,18,16,12,0,Friday,545877.88463,4802790.40797,-80.433672,43.376588,At intersection,2,Non-reportable,Within intersection,unknown,unknown,Angle,Unknown,Daylight,01 - Daylight,Municipal (excl. Twp. Rd.),Stop sign,Functioning,0,0,0,False,False,False,Clear,,False,Road 1: DOON SOUTH DR (50 km/h); Road 2: CRANBROOK ST (50 km/h); Vehicle #1     Make: HYUN     Model: ASE     Colour: GRY     Style: 4D; Vehicle #2     Make: DODG     Model: DUR     Colour: RED     Style: TY,4/9/2021 4:28:01 PM,,
48743,19014460,1547834340000,2019,1,18,17,59,0,Friday,543933.29809,4807652.27702,-80.457285,43.420480999999995,Other,2,P.D. only,Off highway,unknown,unknown,SMV other,Unknown,Dark,07 - Dark,Private property,No control,unknown,0,0,0,False,False,False,Clear,,False,Road 1: VANIER DR; Road 2: 553 VANIER; Distance: 20.0 M N; Vehicle #1     Make: DODG     Model: DAK     Colour: BLU     Style: PK,4/9/2021 4:30:19 PM,,
48744,19014792,1547858280000,2019,1,19,0,38,0,Saturday,541341.99769,4809273.9152,-80.489172,43.43523,Non intersection,2,Non-reportable,Off highway,unknown,unknown,SMV other,Unknown,Dark,07 - Dark,Municipal (excl. Twp. Rd.),No control,unknown,0,0,0,False,False,False,Clear,,False,Road 1: 52 CHARLES BEST PL (50 km/h); Road 2: CHARLES BEST PL; Distance: 4.0 M W; Vehicle #1     Make: PONT     Model:      Colour: RED     Style: 2D,3/26/2021 11:53:27 AM,,
48745,19015046,1547895180000,2019,1,19,10,53,0,Saturday,540492.69364,4807838.05444,-80.499772,43.422346999999995,At intersection,2,P.D. only,Within intersection,unknown,unknown,SMV other,Unknown,Daylight,01 - Daylight,Municipal (excl. Twp. Rd.),Stop sign,Functioning,0,0,0,False,False,False,Snow,,False,Road 1: CHANDLER DR (50 km/h); Road 2: MOWAT BLVD (50 km/h); Vehicle #1     Make: FORD     Model: FE     Colour: GRY     Style: 4D,4/9/2021 4:28:17 PM,,
48746,19015048,1547938620000,2019,1,19,22,57,0,Saturday,547518.82646,4804533.0372,-80.413266,43.392176,Non intersection,2,P.D. only,Off highway,unknown,unknown,SMV unattended vehicle,Unknown,"Dark, artificial","08 - Dark, artificial",Municipal (excl. Twp. Rd.),No control,unknown,0,0,0,False,False,False,Snow,,False,Road 1: 23 AMHERST DR (50 km/h); Road 2: AMHERST DR; Distance: 50.0 M S; Vehicle #1     Make:      Model:      Colour:      Style: ; Vehicle #2     Make: TOYT     Model: MTL     Colour: GRY     Style: 4D,4/9/2021 4:25:39 PM,,