OBJECTID,ACCIDENTNUM,ACCIDENTDATE,ACCIDENT_YEAR,ACCIDENT_MONTH,ACCIDENT_DAY,ACCIDENT_HOUR,ACCIDENT_MINUTE,ACCIDENT_SECOND,ACCIDENT_WEEKDAY,XCOORD,YCOORD,LONGITUDE,LATITUDE,ACCIDENTLOCATION,COLLISIONTYPE,CLASSIFICATIONOFACCIDENT,IMPACTLOCATION,INITIALDIRECTIONOFTRAVELONE,INITIALDIRECTIONOFTRAVELTWO,INITIALIMPACTTYPE,INTTRAFFICCONTROL,LIGHT,LIGHTFORREPORT,ROADJURISDICTION,TRAFFICCONTROL,TRAFFICCONTROLCONDITION,THRULANENO,NORTHBOUNDDISOBEYCOUNT,SOUTHBOUNDDISOBEYCOUNT,PEDESTRIANINVOLVED,CYCLISTINVOLVED,MOTORCYCLISTINVOLVED,ENVIRONMENTCONDITION1,ENVIRONMENTCONDITION2,SELFREPORTED,XMLIMPORTNOTES,LASTEDITEDDATE,CREATE_BY,CREATE_DATE
48796,19023319,1548693000000,2019,1,28,16,30,0,Monday,540375.88074,4805919.22422,-80.501357,43.405076,At intersection,2,Non-reportable,Thru lane,unknown,unknown,Rear end,Unknown,Daylight,01 - Daylight,Municipal (excl. Twp. Rd.),unknown,unknown,0,0,0,False,False,False,Clear,,True,Road 1: MAX BECKER DR; Road 2: FISCHER-HALLMAN RD; Distance: 5.0 M W; Vehicle #1     Make: TOYT     Model: SIE     Colour: GRY     Style: VN; Vehicle #2     Make: INFI     Model: XTR     Colour: BLU     Style: TY,8/16/2022 3:01:49 PM,,
48797,19023423,1548753180000,2019,1,29,9,13,0,Tuesday,543988.40954,4807776.91145,-80.456594,43.421600000000005,At intersection,2,P.D. only,Within intersection,unknown,unknown,Angle,Unknown,Daylight,01 - Daylight,Municipal (excl. Twp. Rd.),unknown,Functioning,0,0,0,False,False,False,Clear,,True,Road 1: VANIER DR; Road 2: SIEBERT AVE; Vehicle #1     Make: HYUN     Model: VEL     Colour: WHI     Style: 4D; Vehicle #2     Make:      Model:      Colour:      Style:,4/9/2021 4:28:49 PM,,
48798,19023439,1548775200000,2019,1,29,15,20,0,Tuesday,546751.5629,4804934.16626,-80.422705,43.395835999999996,Non intersection,2,P.D. only,Thru lane,unknown,unknown,SMV other,Unknown,Daylight,01 - Daylight,Municipal (excl. Twp. Rd.),No control,unknown,0,0,0,False,False,False,Drifting Snow,,True,Road 1: MILL PARK DR; Vehicle #1     Make: SUBA     Model: FOR     Colour: GRN     Style: 4W,4/9/2021 4:26:40 PM,,
48799,19023489,1548403200000,2019,1,25,8,0,0,Friday,547391.80232,4810111.76757,-80.41435,43.442415,Intersection related,2,P.D. only,Thru lane,unknown,unknown,SMV other,Unknown,Daylight,01 - Daylight,Municipal (excl. Twp. Rd.),Stop sign,unknown,0,0,0,False,False,False,Clear,,True,Road 1: TREMAINE DR; Vehicle #1     Make: JEEP     Model: WUL     Colour: BRN     Style: TY,4/9/2021 4:27:46 PM,,
48800,19023506,1548781500000,2019,1,29,17,5,0,Tuesday,542570.62726,4805980.78144,-80.474248,43.405508999999995,Intersection related,2,Non-reportable,Thru lane,unknown,unknown,Angle,Unknown,Dusk,05 - Dusk,Municipal (excl. Twp. Rd.),Stop sign,unknown,0,0,0,False,False,False,Snow,,True,Road 1: STRASBURG RD; Road 2: SHOEMAKER ST; Vehicle #1     Make: MAZD     Model: CX5     Colour: GRY     Style: TY; Vehicle #2     Make: HYUN     Model: CAS     Colour: SIL     Style: 2B,4/9/2021 4:27:30 PM,,
48801,19023513,1548782400000,2019,1,29,17,20,0,Tuesday,545134.38784,4807616.60678,-80.44245099999999,43.420088,Non intersection,2,P.D. only,Thru lane,unknown,unknown,Angle,Unknown,Dusk,05 - Dusk,Municipal (excl. Twp. Rd.),No control,unknown,0,0,0,False,False,False,Clear,,True,Road 1: 509 WILSON AVE (NEAR BABIES R U PARKING ENTRACE); Vehicle #1     Make: VOLK     Model: TIG     Colour: BLU     Style: TY; Vehicle #2     Make: HINO     Model: 338     Colour: WHI     Style: FV,4/9/2021 4:26:33 PM,,
48802,19023561,1548749400000,2019,1,29,8,10,0,Tuesday,543391.47768,4804756.31983,-80.464208,43.394436999999996,Intersection related,2,Non-reportable,Thru lane,unknown,unknown,Rear end,Unknown,Daylight,01 - Daylight,Municipal (excl. Twp. Rd.),unknown,Functioning,0,0,0,False,False,False,Clear,,True,Road 1: HURON RD; Road 2: TEMPLEWOOD DR; Distance: 5.0 M S; Vehicle #1     Make:      Model:      Colour:      Style: ; Vehicle #2     Make: KIA     Model: SED     Colour: SIL     Style: VN,4/9/2021 4:27:29 PM,,
48803,19023839,1548831600000,2019,1,30,7,0,0,Wednesday,546129.07688,4804999.62848,-80.430385,43.396463999999995,At intersection,1,Non-fatal injury,Within intersection,unknown,unknown,SMV other,Unknown,Dawn,03 - Dawn,Municipal (excl. Twp. Rd.),Stop sign,Functioning,0,0,0,True,False,False,Clear,,False,Road 1: PIONEER DR (50 km/h); Road 2: GREEN VALLEY DR (50 km/h); Distance:  K; Vehicle #1     Make:      Model: -     Colour:      Style: ; Vehicle #2     Make:      Model: -     Colour:      Style:,4/9/2021 4:28:23 PM,,
48804,19024073,1548842400000,2019,1,30,10,0,0,Wednesday,541876.19139,4811808.99048,-80.482377,43.458026,At intersection,2,P.D. only,Within intersection,unknown,unknown,Angle,Unknown,Daylight,01 - Daylight,Municipal (excl. Twp. Rd.),unknown,Functioning,0,0,0,False,False,False,Clear,,True,Road 1: LANCASTER ST E; Road 2: QUEEN ST N; Vehicle #1     Make: HYUN     Model: SFT     Colour: WHI     Style: TY; Vehicle #2     Make: HYUN     Model: SHL     Colour: GRY     Style: 4D,8/16/2022 3:03:18 PM,,
48805,19024157,1548787380000,2019,1,29,18,43,0,Tuesday,538354.63007,4805449.25026,-80.526352,43.400951,Non intersection,2,Non-reportable,Right shoulder,unknown,unknown,SMV unattended vehicle,Unknown,"Dark, artificial","08 - Dark, artificial",Municipal (excl. Twp. Rd.),No control,unknown,0,0,0,False,False,False,Snow,,True,Road 1: GRAVEL RIDGE TRAIL; Road 2: ELIZA AVE; Distance: 120.0 M N; Vehicle #1     Make:      Model:      Colour:      Style: ; Vehicle #2     Make: PONT     Model: GAS     Colour: WHI     Style: 4D,4/9/2021 4:26:19 PM,,
48806,19024361,1548871800000,2019,1,30,18,10,0,Wednesday,545851.41606,4809756.51075,-80.433415,43.439312,Intersection related,2,P.D. only,Not on roadway - left side,unknown,unknown,Turning movement,Unknown,Dark,07 - Dark,Municipal (excl. Twp. Rd.),Traffic signal,Functioning,0,0,0,False,False,False,Clear,,True,Road 1: RIVER RD E; Road 2: OLD CHICOPEE DR; Vehicle #1     Make:      Model:      Colour:      Style: ; Vehicle #2     Make: FORD     Model: RNG     Colour: BLU     Style: PK,4/9/2021 4:27:29 PM,,
48807,19024366,1548512100000,2019,1,26,14,15,0,Saturday,540930.79441,4810828.91028,-80.494136,43.449253,Non intersection,2,P.D. only,Thru lane,unknown,unknown,Sideswipe,Unknown,Daylight,01 - Daylight,Municipal (excl. Twp. Rd.),No control,unknown,0,0,0,False,False,False,Clear,,True,Road 1: JOSEPH ST; Road 2: GAUKEL ST; Vehicle #1     Make: HOND     Model: UCL     Colour: SIL     Style: 4D; Vehicle #2     Make:      Model:      Colour:      Style:,4/9/2021 4:26:40 PM,,
48808,19024735,1548921780000,2019,1,31,8,3,0,Thursday,543100.28938,4804770.62068,-80.46780199999999,43.394583,At/near private drive,2,P.D. only,Left turn lane,unknown,unknown,Sideswipe,Unknown,Daylight,01 - Daylight,Municipal (excl. Twp. Rd.),No control,unknown,0,0,0,False,False,False,Clear,,False,Road 1: 1825 STRASBURG RD (50 km/h); Road 2: STRASBURG RD; Distance: 1.0 M S; Vehicle #1     Make: CHEV     Model: SSC     Colour: BLK     Style: 2D; Vehicle #2     Make: CHEV     Model: VTL     Colour: BLU     Style: 4B,4/9/2021 4:29:07 PM,,
48809,19024754,1548923520000,2019,1,31,8,32,0,Thursday,540390.35945,4812517.04785,-80.50068999999999,43.464483,At intersection,2,P.D. only,Within intersection,unknown,unknown,Angle,Unknown,Daylight,01 - Daylight,Municipal (excl. Twp. Rd.),Stop sign,Functioning,0,0,0,False,False,False,Clear,,False,Road 1: HARTWOOD AVE (50 km/h); Road 2: ELLIS AVE (50 km/h); Vehicle #1     Make: BMW     Model: MI5     Colour: BLK     Style: 2D; Vehicle #2     Make: PONT     Model: TOR     Colour: BRN     Style: TY,4/9/2021 4:28:13 PM,,
48810,19024765,1548923400000,2019,1,31,8,30,0,Thursday,545275.73761,4806435.41599,-80.440803,43.409444,Intersection related,2,Non-reportable,Right turn channel,unknown,unknown,Sideswipe,Stop sign,Daylight,01 - Daylight,Municipal (excl. Twp. Rd.),Stop sign,Functioning,0,0,0,False,False,False,Snow,,True,Road 1: WILSON AVE; Road 2: WABANAKI DR; Vehicle #1     Make: TOYT     Model: CTR     Colour: GRY     Style: 4B; Vehicle #2     Make: TOYT     Model: CH4     Colour: GRY     Style: 4D,4/9/2021 4:27:30 PM,,
48811,19024783,1548925800000,2019,1,31,9,10,0,Thursday,538902.4989,4811024.06137,-80.519189,43.451119,At intersection,2,Non-reportable,Within intersection,unknown,unknown,Angle,Unknown,Daylight,01 - Daylight,Municipal (excl. Twp. Rd.),Stop sign,unknown,0,0,0,False,False,False,Clear,,True,Road 1: GLASGOW ST; Road 2: MARINA RD; Vehicle #1     Make: FORD     Model: SPE     Colour: RED     Style: TY; Vehicle #2     Make:      Model:      Colour:      Style:,4/9/2021 4:28:39 PM,,
48812,19024788,1548925800000,2019,1,31,9,10,0,Thursday,545314.93732,4804469.41396,-80.440482,43.39174,Intersection related,2,P.D. only,Thru lane,unknown,unknown,Sideswipe,Unknown,Daylight,01 - Daylight,Municipal (excl. Twp. Rd.),unknown,Functioning,0,0,0,False,False,False,Clear,,True,Road 1: BECHTEL DR; Road 2: DOON VILLAGE RD; Vehicle #1     Make: NISS     Model: A2B     Colour: BLK     Style: 4D; Vehicle #2     Make: LEXS     Model: RX5     Colour: GRY     Style: TY,4/9/2021 4:27:27 PM,,
48813,19024839,1548930000000,2019,1,31,10,20,0,Thursday,540682.84934,4811615.74386,-80.497142,43.456351999999995,At intersection,2,P.D. only,Within intersection,unknown,unknown,Angle,Unknown,Daylight,01 - Daylight,Municipal (excl. Twp. Rd.),unknown,Functioning,0,0,0,False,False,False,Clear,,True,Road 1: WELLINGTON ST N; Road 2: DUKE ST W; Vehicle #1     Make: HOND     Model: UCL     Colour: SIL     Style: 4D; Vehicle #2     Make: GMC     Model: SIE     Colour: RED     Style: PK,4/9/2021 4:28:43 PM,,
48814,19025521,1549057740000,2019,2,1,21,49,0,Friday,549012.70241,4806206.94302,-80.394671,43.407151999999996,Non intersection,2,Non-reportable,Thru lane,unknown,unknown,Rear end,Unknown,Dark,07 - Dark,Municipal (excl. Twp. Rd.),No control,unknown,0,0,0,False,False,False,Clear,,True,Road 1: SPORTSWORLD DR; Road 2: KING ST E; Distance: 80.0 M N; Vehicle #1     Make: TOYT     Model: RV4     Colour: GRY     Style: TY; Vehicle #2     Make:      Model:      Colour:      Style:,8/16/2022 3:04:30 PM,,
48815,19025547,1549008000000,2019,2,1,8,0,0,Friday,547877.21403,4806852.70164,-80.408638,43.413039999999995,Non intersection,2,P.D. only,Thru lane,unknown,unknown,Other,Unknown,Daylight,01 - Daylight,Municipal (excl. Twp. Rd.),No control,unknown,0,0,0,False,False,False,Clear,,True,Road 1: GRAND HILL DR (@ THE END OF DRIVEWAY FOR 54 GRAND HILL); Road 2: THE KIRKSWAY; Distance: 120.0 M W; Vehicle #1     Make: HOND     Model: CVT     Colour: BLU     Style: 4D; Vehicle #2     Make: JEEP     Model: CMP     Colour: WHI     Style: TY,4/9/2021 4:26:41 PM,,
48816,19025641,1549011300000,2019,2,1,8,55,0,Friday,540265.69041,4805500.51587,-80.502749,43.401312,Non intersection,2,Non-reportable,Thru lane,unknown,unknown,Sideswipe,Unknown,Daylight,01 - Daylight,Municipal (excl. Twp. Rd.),No control,unknown,0,0,0,False,False,False,Clear,,True,Road 1: COMMONWEALTH CRESCENT; Vehicle #1     Make: DODG     Model: CAR     Colour: GRY     Style: VN; Vehicle #2     Make: HYUN     Model: SFT     Colour: GRY     Style: TY,4/9/2021 4:26:11 PM,,
48817,19025827,1549027800000,2019,2,1,13,30,0,Friday,545147.46314,4807559.56745,-80.442295,43.419574,At/near private drive,2,P.D. only,Thru lane,unknown,unknown,Angle,Unknown,Daylight,01 - Daylight,Municipal (excl. Twp. Rd.),No control,unknown,0,0,0,False,False,False,Clear,,True,Road 1: WILSON AVE (IFO 696 WILSON AVE); Road 2: FAIRWAY RD S; Vehicle #1     Make: BMW     Model: 52X     Colour: SIL     Style: 4D; Vehicle #2     Make: MAZD     Model: 3TR     Colour: SIL     Style: 4D,4/9/2021 4:30:08 PM,,
48818,19025830,1549028700000,2019,2,1,13,45,0,Friday,542473.08388,4812922.47028,-80.474913,43.468018,At intersection,2,P.D. only,Within intersection,unknown,unknown,Angle,Unknown,Daylight,01 - Daylight,Municipal (excl. Twp. Rd.),Stop sign,Missing/Damaged,0,0,0,False,False,False,Clear,,True,Road 1: SPRING VALLEY RD; Road 2: 111 TORYORK DR; Vehicle #1     Make: FORD     Model: FPH     Colour: BLK     Style: 4D; Vehicle #2     Make: FORD     Model: TST     Colour: WHI     Style: FV,4/9/2021 4:28:48 PM,,
48819,19026075,1549054680000,2019,2,1,20,58,0,Friday,540802.32384,4811143.38207,-80.4957,43.452092,Non intersection,2,P.D. only,Thru lane,unknown,unknown,Rear end,Unknown,Dark,07 - Dark,Municipal (excl. Twp. Rd.),No control,unknown,0,0,0,False,False,False,Clear,,True,Road 1: KING ST W; Road 2: WATER ST S; Distance: 100.0 M W; Vehicle #1     Make: HYUN     Model: TUC     Colour: BLK     Style: TY; Vehicle #2     Make: DODG     Model: JOU     Colour: BLK     Style: TY,4/27/2022 10:39:21 AM,,
48820,19026084,1549038600000,2019,2,1,16,30,0,Friday,542152.20717,4810391.93647,-80.479075,43.445251,Non intersection,2,P.D. only,Thru lane,unknown,unknown,Rear end,Unknown,Daylight,01 - Daylight,Municipal (excl. Twp. Rd.),No control,unknown,0,0,0,False,False,False,Clear,,True,Road 1: PANDORA AVE S; Road 2: KING ST EAST KITCHENER; Distance: 15.0 M E; Vehicle #1     Make: TOYT     Model: CHR     Colour: BLU     Style: 4W; Vehicle #2     Make: TOYT     Model: CBA     Colour: WHI     Style: 4D,4/9/2021 4:26:42 PM,,
48821,19026270,1549046400000,2019,2,1,18,40,0,Friday,545364.58571,4811022.30571,-80.439325,43.450739,At intersection,2,P.D. only,Thru lane,unknown,unknown,Rear end,Unknown,Dark,07 - Dark,Municipal (excl. Twp. Rd.),unknown,Functioning,1,0,0,False,False,False,Clear,,False,Road 1: OLD CHICOPEE DR (50 km/h); Road 2: HOLBORN DR (50 km/h); Vehicle #1     Make: HOND     Model: UCL     Colour: SIL     Style: 2D; Vehicle #2     Make: TOYT     Model: YAR     Colour: BLU     Style: 4B,4/9/2021 4:28:18 PM,,
48822,19026625,1548842400000,2019,1,30,10,0,0,Wednesday,539823.37153,4805602.75012,-80.50820399999999,43.402256,Non intersection,2,Non-reportable,Thru lane,unknown,unknown,SMV unattended vehicle,Unknown,Daylight,01 - Daylight,Municipal (excl. Twp. Rd.),No control,unknown,0,0,0,False,False,False,Clear,,True,Road 1: 1122 COPPER LEAF CRESCENT (IN FRONT OF 1122 COPPER LEAF CRESCENT); Road 2: MAX BECKER DR; Distance: 50.0 M W; Vehicle #1     Make:      Model:      Colour:      Style: ; Vehicle #2     Make: HYUN     Model: EGM     Colour: RED     Style: 4D,4/9/2021 4:26:19 PM,,
48823,19027109,1549144800000,2019,2,2,22,0,0,Saturday,539396.31643,4808472.96085,-80.51326999999999,43.428123,At/near private drive,2,P.D. only,Thru lane,unknown,unknown,SMV unattended vehicle,Unknown,Dark,07 - Dark,Municipal (excl. Twp. Rd.),No control,unknown,0,0,0,False,False,False,Clear,,True,Road 1: FOREST HILL DR (IFO 377 FOREST HILL DR); Road 2: DEERPARK CRESCENT; Distance: 30.0 M N; Vehicle #1     Make:      Model:      Colour:      Style: ; Vehicle #2     Make: MAZD     Model: M3I     Colour: GRY     Style: 4D,4/9/2021 4:29:57 PM,,
48824,19027470,1548508500000,2019,1,26,13,15,0,Saturday,538365.60287,4810426.55055,-80.52586699999999,43.445766,At/near private drive,2,P.D. only,Thru lane,unknown,unknown,Other,Unknown,Daylight,01 - Daylight,Municipal (excl. Twp. Rd.),No control,unknown,0,0,0,False,False,False,Clear,,True,Road 1: 69 WESTWOOD DR; Vehicle #1     Make: FORD     Model: FSL     Colour: RED     Style: VN; Vehicle #2     Make: ACUR     Model: RLA     Colour: GRY     Style: 4D,4/9/2021 4:30:06 PM,,
48825,19027552,1549035000000,2019,2,1,15,30,0,Friday,545201.87322,4810469.21743,-80.44138199999999,43.445769,Non intersection,2,P.D. only,Thru lane,unknown,unknown,Rear end,Unknown,Daylight,01 - Daylight,Municipal (excl. Twp. Rd.),No control,unknown,0,0,0,False,False,False,Clear,,True,Road 1: RIVER RD E; Road 2: BRADLEY DR; Distance: 20.0 M N; Vehicle #1     Make: HOND     Model: CTU     Colour: SIL     Style: 4D; Vehicle #2     Make:      Model:      Colour:      Style:,4/9/2021 4:26:41 PM,,
48826,19027587,1549206000000,2019,2,3,15,0,0,Sunday,542582.09279,4810126.15535,-80.473783,43.442834,At intersection,2,P.D. only,Within intersection,unknown,unknown,Angle,Unknown,Daylight,01 - Daylight,Municipal (excl. Twp. Rd.),Traffic signal,Functioning,0,0,0,False,False,False,Clear,,True,Road 1: KING ST E; Road 2: BORDEN AVE S; Vehicle #1     Make: MERZ     Model: MS6     Colour: WHI     Style: TY; Vehicle #2     Make: HOND     Model: UCC     Colour: SIL     Style: 2B,4/9/2021 4:27:58 PM,,
48827,19027721,1549211400000,2019,2,3,16,30,0,Sunday,543620.95649,4812489.71199,-80.460757,43.464054999999995,Other,2,P.D. only,Off highway,unknown,unknown,SMV unattended vehicle,Unknown,Daylight,01 - Daylight,Private property,No control,unknown,0,0,0,False,False,False,Clear,,True,Road 1: 49 TURNER AVE (DRIVEWAY); Vehicle #1     Make:      Model:      Colour:      Style: ; Vehicle #2     Make: JEEP     Model: CHK     Colour: BLU     Style: TY,4/9/2021 4:30:17 PM,,
48828,19027870,1549227480000,2019,2,3,20,58,0,Sunday,538888.03164,4810240.57196,-80.519424,43.444064999999995,Non intersection,2,P.D. only,Thru lane,unknown,unknown,Approaching,Unknown,Dark,07 - Dark,Municipal (excl. Twp. Rd.),No control,unknown,1,0,0,False,False,False,Clear,,False,Road 1: 111 BRYBECK CRES (40 km/h); Road 2: BRYBECK CRES; Distance: 5.0 M N; Vehicle #1     Make: HYUN     Model: SAN     Colour: GRY     Style: TY; Vehicle #2     Make: TOYT     Model: ECH     Colour: GRY     Style: 4D,3/26/2021 11:53:13 AM,,
48829,19028265,1549188000000,2019,2,3,10,0,0,Sunday,543356.46459,4809214.76274,-80.464287,43.434582999999996,At/near private drive,2,P.D. only,Not on roadway - right side,unknown,unknown,SMV unattended vehicle,Unknown,Daylight,01 - Daylight,Municipal (excl. Twp. Rd.),No control,unknown,0,0,0,False,False,False,Clear,,True,Road 1: CARWOOD CRESCENT; Road 2: DOON RD; Distance: 100.0 M W; Vehicle #1     Make:      Model:      Colour:      Style: ; Vehicle #2     Make: DODG     Model: CAR     Colour: GRY     Style: VN,4/9/2021 4:29:00 PM,,
48830,19028317,1549023240000,2019,2,1,12,14,0,Friday,539582.84593,4805790.42761,-80.51115999999999,43.403959,At/near private drive,2,Non-reportable,Off highway,unknown,unknown,SMV unattended vehicle,Unknown,Daylight,01 - Daylight,Municipal (excl. Twp. Rd.),No control,unknown,0,0,0,False,False,False,Clear,,True,Road 1: DONNENWERTH DR (IFO 2 DONNENWERTH DR); Road 2: BRIDLEWREATH ST; Vehicle #1     Make:      Model:      Colour:      Style: ; Vehicle #2     Make: TOYT     Model: RV4     Colour: WHI     Style: TY,4/9/2021 4:30:02 PM,,
48831,19028351,1549278300000,2019,2,4,11,5,0,Monday,545214.50999,4810450.92697,-80.441227,43.445603999999996,Intersection related,2,Non-reportable,Thru lane,unknown,unknown,Other,Unknown,Daylight,01 - Daylight,Municipal (excl. Twp. Rd.),Stop sign,Functioning,0,0,0,False,False,False,Clear,,True,Road 1: BRADLEY DR; Road 2: RIVER RD E; Distance: 10.0 M N; Vehicle #1     Make: MITS     Model: LANC     Colour: WHI     Style: 4D; Vehicle #2     Make:      Model:      Colour:      Style:,4/9/2021 4:26:56 PM,,
48832,19028485,1549295100000,2019,2,4,15,45,0,Monday,543568.45386,4804977.83726,-80.46200499999999,43.396421,Intersection related,2,P.D. only,Thru lane,unknown,unknown,Rear end,Unknown,Daylight,01 - Daylight,Municipal (excl. Twp. Rd.),Traffic signal,Functioning,0,0,0,False,False,False,Clear,,True,Road 1: HURON RD; Road 2: BATTLER RD; Vehicle #1     Make: RAM     Model: RTR     Colour: RED     Style: PK; Vehicle #2     Make: BMW     Model: BX6     Colour: RED     Style: TY,4/9/2021 4:26:54 PM,,
48833,19029110,1549360920000,2019,2,5,10,2,0,Tuesday,545275.75371,4806433.01487,-80.440803,43.409423,At intersection,2,Non-reportable,Right turn lane,unknown,unknown,Rear end,Stop sign,Daylight,01 - Daylight,Municipal (excl. Twp. Rd.),Stop sign,unknown,0,0,0,False,False,False,Clear,,True,Road 1: WILSON AVE; Road 2: WABANAKI DR; Vehicle #1     Make: NEWF     Model: XD4     Colour: WHI     Style: BU; Vehicle #2     Make: MERZ     Model: C30     Colour: SIL     Style: 4D,4/9/2021 4:27:49 PM,,
48834,19029115,1549362000000,2019,2,5,10,20,0,Tuesday,536425.90017,4808711.47279,-80.54995199999999,43.43042,Non intersection,2,P.D. only,Thru lane,unknown,unknown,Other,Unknown,Daylight,01 - Daylight,Municipal (excl. Twp. Rd.),No control,unknown,0,0,0,False,False,False,Clear,,True,Road 1: HUCK CRESCENT; Road 2: HIGHGATE RD; Distance: 50.0 M W; Vehicle #1     Make: TOYT     Model: RG4     Colour: GRY     Style: TY; Vehicle #2     Make:      Model:      Colour:      Style:,3/26/2021 11:53:21 AM,,
48835,19029260,1549378020000,2019,2,5,14,47,0,Tuesday,545274.13654,4806434.60484,-80.440823,43.409437,At intersection,2,P.D. only,Within intersection,unknown,unknown,Angle,Stop sign,Daylight,01 - Daylight,Municipal (excl. Twp. Rd.),Stop sign,Functioning,0,0,0,False,False,False,Clear,,True,Road 1: WABANAKI DR; Road 2: WILSON AVE; Vehicle #1     Make: FORD     Model: TST     Colour: WHI     Style: FV; Vehicle #2     Make: TOYT     Model: VEN     Colour: BRN     Style: TY,4/9/2021 4:27:48 PM,,
48836,19029824,1548275400000,2019,1,23,20,30,0,Wednesday,547479.53563,4803815.34728,-80.41381299999999,43.385717,Non intersection,2,P.D. only,Thru lane,unknown,unknown,Approaching,Unknown,Dark,07 - Dark,Regional municipality,No control,unknown,0,0,0,False,False,False,Clear,,True,Road 1: PINNACLE DR; Road 2: CONESTOGA COLLEGE BLVD; Distance: 100.0 M S; Vehicle #1     Make: GMC     Model: SIE     Colour: GRY     Style: PK; Vehicle #2     Make:      Model:      Colour:      Style:,4/9/2021 4:27:06 PM,,
48837,19030013,1548230400000,2019,1,23,8,0,0,Wednesday,545996.94575,4803218.49093,-80.43216699999999,43.380435,Non intersection,2,P.D. only,Thru lane,unknown,unknown,Rear end,Unknown,Daylight,01 - Daylight,Municipal (excl. Twp. Rd.),No control,unknown,0,0,0,False,False,False,Clear,,True,Road 1: 436 DOON SOUTH DR; Road 2: DOON SOUTH DR; Vehicle #1     Make: VOLK     Model: PTS     Colour: GRY     Style: 4D; Vehicle #2     Make: RAM     Model: RTR     Colour: GRN     Style: PK,4/9/2021 4:25:55 PM,,
48838,19030689,1549540500000,2019,2,7,11,55,0,Thursday,541808.78204,4810637.2277,-80.4833,43.447479,Non intersection,2,Non-reportable,Thru lane,unknown,unknown,SMV unattended vehicle,Unknown,Daylight,01 - Daylight,Municipal (excl. Twp. Rd.),No control,unknown,0,0,0,False,False,False,Clear,,True,Road 1: KING ST E; Road 2: CEDAR ST S; Distance: 20.0 M N; Vehicle #1     Make:      Model:      Colour:      Style: ; Vehicle #2     Make: CHEV     Model: ETV     Colour: WHI     Style: CB,3/26/2021 11:53:23 AM,,
48839,19031427,1549614600000,2019,2,8,8,30,0,Friday,544644.47032,4805071.17657,-80.448711,43.397199,Non intersection,2,Non-reportable,Thru lane,unknown,unknown,SMV other,Unknown,Daylight,01 - Daylight,Municipal (excl. Twp. Rd.),No control,unknown,0,0,0,False,False,False,Clear,,True,Road 1: HARCOURT CRESCENT; Road 2: MILLWOOD CRESCENT; Distance: 100.0 M W; Vehicle #1     Make: CHEV     Model: ML     Colour: GRY     Style: 4D,3/26/2021 11:53:09 AM,,
48840,19031528,1549566000000,2019,2,7,19,0,0,Thursday,540995.22144,4806802.53351,-80.493642,43.412996,At/near private drive,2,Non-reportable,Thru lane,unknown,unknown,SMV unattended vehicle,Unknown,Dark,07 - Dark,Private property,No control,unknown,0,0,0,False,False,False,Clear,,True,Road 1: 39 RADCLIFFE DR; Vehicle #1     Make:      Model:      Colour:      Style: ; Vehicle #2     Make: CHEV     Model: SIL     Colour: RED     Style: CW,4/9/2021 4:28:51 PM,,
48841,19031578,1549629720000,2019,2,8,12,42,0,Friday,542484.50209,4809357.33177,-80.475049,43.435916999999996,Other,2,P.D. only,Off highway,unknown,unknown,SMV other,Unknown,Daylight,01 - Daylight,Private property,No control,unknown,0,0,0,False,False,False,Clear,,False,Road 1: 244 SYDNEY ST S; Road 2: SYDNEY ST S; Vehicle #1     Make: TOYT     Model: CXL     Colour: GRY     Style: 4D,4/9/2021 4:30:17 PM,,
48842,19031643,1549630200000,2019,2,8,12,50,0,Friday,542247.25718,4810235.87125,-80.477912,43.443841,Non intersection,2,P.D. only,Thru lane,unknown,unknown,Sideswipe,Unknown,Daylight,01 - Daylight,Municipal (excl. Twp. Rd.),No control,unknown,0,0,0,False,False,False,Clear,,True,Road 1: 32 STIRLING AVE S; Vehicle #1     Make: ACUR     Model: RDX     Colour: BRN     Style: TY; Vehicle #2     Make: MAZD     Model: X3T     Colour: RED     Style: 4W,3/26/2021 11:53:21 AM,,
48843,19031673,1549635600000,2019,2,8,14,20,0,Friday,538921.8746,4810084.29145,-80.51901699999999,43.442656,At/near private drive,2,Non-reportable,Off highway,unknown,unknown,SMV unattended vehicle,Unknown,Daylight,01 - Daylight,Private property,No control,unknown,0,0,0,False,False,False,Clear,,True,Road 1: 12 WEICHEL ST (STREET PARKING); Vehicle #1     Make:      Model:      Colour:      Style: ; Vehicle #2     Make: HOND     Model: CCL     Colour: BLK     Style: 4D,4/9/2021 4:28:52 PM,,
48844,19031779,1549612800000,2019,2,8,8,0,0,Friday,537386.90175,4810286.76524,-80.537971,43.444556999999996,Other,2,Non-reportable,Off highway,unknown,unknown,Angle,Unknown,Daylight,01 - Daylight,Private property,No control,unknown,0,0,0,False,False,False,Clear,,True,Road 1: 754 GLASGOW ST (DRIVE WAY); Vehicle #1     Make: TOYT     Model: HIG     Colour: BLK     Style: TY; Vehicle #2     Make:      Model:      Colour:      Style:,4/9/2021 4:30:17 PM,,