OBJECTID,ACCIDENTNUM,ACCIDENTDATE,ACCIDENT_YEAR,ACCIDENT_MONTH,ACCIDENT_DAY,ACCIDENT_HOUR,ACCIDENT_MINUTE,ACCIDENT_SECOND,ACCIDENT_WEEKDAY,XCOORD,YCOORD,LONGITUDE,LATITUDE,ACCIDENTLOCATION,COLLISIONTYPE,CLASSIFICATIONOFACCIDENT,IMPACTLOCATION,INITIALDIRECTIONOFTRAVELONE,INITIALDIRECTIONOFTRAVELTWO,INITIALIMPACTTYPE,INTTRAFFICCONTROL,LIGHT,LIGHTFORREPORT,ROADJURISDICTION,TRAFFICCONTROL,TRAFFICCONTROLCONDITION,THRULANENO,NORTHBOUNDDISOBEYCOUNT,SOUTHBOUNDDISOBEYCOUNT,PEDESTRIANINVOLVED,CYCLISTINVOLVED,MOTORCYCLISTINVOLVED,ENVIRONMENTCONDITION1,ENVIRONMENTCONDITION2,SELFREPORTED,XMLIMPORTNOTES,LASTEDITEDDATE,CREATE_BY,CREATE_DATE
48845,19032405,1549741500000,2019,2,9,19,45,0,Saturday,540360.64171,4806982.26768,-80.50146699999999,43.414649,At/near private drive,2,P.D. only,Thru lane,unknown,unknown,SMV unattended vehicle,Unknown,Dark,07 - Dark,Municipal (excl. Twp. Rd.),No control,unknown,1,0,0,False,False,False,Clear,,False,Road 1: 39 LITTLEFIELD CRES (50 km/h); Road 2: LITTLEFIELD CRES; Distance: 2.0 M S; Vehicle #1     Make: DODG     Model: RPC     Colour: BLK     Style: PK; Vehicle #2     Make: MERZ     Model: E32     Colour: GRN     Style: 4D,4/9/2021 4:29:04 PM,,
48846,19032503,1549723500000,2019,2,9,14,45,0,Saturday,543230.61648,4804478.42513,-80.466216,43.391943999999995,At intersection,2,P.D. only,Within intersection,unknown,unknown,SMV other,Unknown,Daylight,01 - Daylight,Municipal (excl. Twp. Rd.),Stop sign,unknown,0,0,0,False,False,False,Clear,,True,Road 1: HURON RD @; Road 2: STRASBURG RD; Vehicle #1     Make: INFI     Model: Q5S     Colour: BLK     Style: 4D,4/9/2021 4:27:45 PM,,
48847,19032934,1549764480000,2019,2,10,2,8,0,Sunday,542239.26922,4810497.49957,-80.477991,43.446197,Intersection related,2,P.D. only,Off highway,unknown,unknown,SMV other,Unknown,Dark,07 - Dark,Regional municipality,Stop sign,unknown,0,0,0,False,False,False,Clear,,False,Road 1: PANDORA AVE N (50 km/h); Road 2: DUKE ST E (50 km/h); Vehicle #1     Make: DODG     Model: CHS     Colour: RED     Style: 4D,4/9/2021 4:26:50 PM,,
48848,19033078,1549737000000,2019,2,9,18,30,0,Saturday,539059.11964,4806886.2554,-80.51755,43.413852999999996,Intersection related,2,P.D. only,Thru lane,unknown,unknown,Rear end,Unknown,Dark,07 - Dark,Municipal (excl. Twp. Rd.),Stop sign,Functioning,0,0,0,False,False,False,Clear,,True,Road 1: WAKE ROBIN DR; Road 2: INTERNATIONAL PL; Vehicle #1     Make: HYUN     Model: TUC     Colour: GRY     Style: TY; Vehicle #2     Make:      Model:      Colour:      Style:,4/9/2021 4:26:50 PM,,
48849,19033126,1549644900000,2019,2,8,16,55,0,Friday,543584.50196,4808934.60819,-80.461491,43.432047,At/near private drive,2,Non-reportable,Thru lane,unknown,unknown,Other,Unknown,Daylight,01 - Daylight,Municipal (excl. Twp. Rd.),No control,unknown,0,0,0,False,False,False,Clear,,True,Road 1: 197 DIXON ST; Vehicle #1     Make: MAZD     Model: PDS     Colour: BLK     Style: 4D; Vehicle #2     Make:      Model:      Colour:      Style:,4/9/2021 4:29:00 PM,,
48850,19033334,1549735200000,2019,2,9,18,0,0,Saturday,539058.69071,4806885.64092,-80.517555,43.413848,At intersection,2,P.D. only,Within intersection,unknown,unknown,Rear end,Unknown,Dusk,05 - Dusk,Municipal (excl. Twp. Rd.),Stop sign,Functioning,0,0,0,False,False,False,Clear,,True,Road 1: MILFOIL CRESCENT; Road 2: INTERNATIONAL PL; Vehicle #1     Make: HOND     Model: RID     Colour: SIL     Style: PK; Vehicle #2     Make:      Model:      Colour:      Style:,4/9/2021 4:27:49 PM,,
48851,19033391,1549824060000,2019,2,10,18,41,0,Sunday,542793.51645,4811268.88036,-80.471081,43.453111,Non intersection,2,P.D. only,Thru lane,unknown,unknown,SMV unattended vehicle,Unknown,"Dark, artificial","08 - Dark, artificial",Regional municipality,No control,unknown,1,0,0,False,False,False,Clear,,False,Road 1: 250 KRUG ST (50 km/h); Road 2: KRUG ST; Distance: 4.0 M E; Vehicle #1     Make: STRN     Model: SI2     Colour: GRY     Style: 2D; Vehicle #2     Make: MAZD     Model: X3T     Colour: RED     Style: SW,3/26/2021 11:53:08 AM,,
48852,19033873,1549884120000,2019,2,11,11,22,0,Monday,542487.18524,4803863.48445,-80.475443,43.386449999999996,Non intersection,2,P.D. only,Thru lane,unknown,unknown,Turning movement,Unknown,Daylight,01 - Daylight,Municipal (excl. Twp. Rd.),No control,unknown,1,0,0,False,False,False,Clear,,False,Road 1: 655 HURON RD (60 km/h); Road 2: HURON RD; Distance: 2.0 M S; Vehicle #1     Make: KIA     Model: RIL     Colour: SIL     Style: 4D; Vehicle #2     Make: LEXS     Model: A35     Colour: WHI     Style: 4D,3/26/2021 11:53:14 AM,,
48853,19034013,1549894080000,2019,2,11,14,8,0,Monday,542753.25309,4816228.08461,-80.471189,43.497766,Non intersection,2,P.D. only,Thru lane,unknown,unknown,SMV unattended vehicle,Unknown,Daylight,01 - Daylight,Municipal (excl. Twp. Rd.),No control,unknown,1,0,0,False,False,False,Clear,,False,Road 1: EAGLECREST ST (50 km/h); Road 2: KESTREL ST; Distance: 100.0 M N; Vehicle #1     Make: BMW     Model: BX3     Colour: WHI     Style: TY; Vehicle #2     Make: LEXS     Model: IS3     Colour: WHI     Style: 4D,3/26/2021 11:53:08 AM,,
48854,19034516,1549961580000,2019,2,12,8,53,0,Tuesday,538632.63746,4806607.03315,-80.522837,43.411361,At intersection,2,P.D. only,Left turn lane,unknown,unknown,SMV other,Unknown,Daylight,01 - Daylight,Municipal (excl. Twp. Rd.),Stop sign,unknown,0,0,0,False,False,False,Snow,,True,Road 1: WINDFLOWER DR; Road 2: WAKE ROBIN DR; Vehicle #1     Make: FORD     Model: SPE     Colour: SIL     Style: TY,4/9/2021 4:27:52 PM,,
48855,19034608,1549611960000,2019,2,8,7,46,0,Friday,537351.07909,4810268.49044,-80.538415,43.444393999999996,Non intersection,2,Non-reportable,Thru lane,unknown,unknown,Angle,Unknown,Daylight,01 - Daylight,Municipal (excl. Twp. Rd.),No control,unknown,0,0,0,False,False,False,Clear,,True,Road 1: 768 GLASGOW ST; Vehicle #1     Make: MACK     Model: 800     Colour: BLU     Style: CT; Vehicle #2     Make:      Model:      Colour:      Style:,3/26/2021 11:53:10 AM,,
48856,19034645,1548440700000,2019,1,25,18,25,0,Friday,537024.28678,4809365.20768,-80.542515,43.436277,Non intersection,2,P.D. only,Thru lane,unknown,unknown,SMV unattended vehicle,Unknown,Dark,07 - Dark,Municipal (excl. Twp. Rd.),No control,unknown,0,0,0,False,False,False,Clear,,True,Road 1: 48 LYNNVALLEY CRESCENT (ROAD SIDE PARKING); Vehicle #1     Make:      Model:      Colour:      Style: ; Vehicle #2     Make: HOND     Model: UDY     Colour: BLU     Style: TY,4/9/2021 4:26:35 PM,,
48857,19034757,1549984500000,2019,2,12,15,15,0,Tuesday,540796.65964,4809182.9496,-80.49591699999999,43.434439999999995,At intersection,2,P.D. only,Thru lane,unknown,unknown,Rear end,Stop sign,Daylight,01 - Daylight,Municipal (excl. Twp. Rd.),Stop sign,Functioning,1,0,0,False,False,False,Freezing Rain,,False,Road 1: STIRLING AVE S (50 km/h); Road 2: PLEASANT AVE (50 km/h); Distance:  K; Vehicle #1     Make: HOND     Model: ACT     Colour: BLK     Style: TY; Vehicle #2     Make: HOND     Model: UDY     Colour: WHI     Style: TY,4/9/2021 4:27:57 PM,,
48858,19034829,1549964100000,2019,2,12,9,35,0,Tuesday,540571.76145,4812710.15217,-80.49843299999999,43.466212,At intersection,2,Non-reportable,Within intersection,unknown,unknown,SMV other,Stop sign,Daylight,01 - Daylight,Municipal (excl. Twp. Rd.),Stop sign,unknown,0,0,0,False,False,False,Snow,,True,Road 1: MARGARET AVE S; Road 2: UNION ST; Vehicle #1     Make: FORD     Model: FSE     Colour: YEL     Style: 4D,4/9/2021 4:27:57 PM,,
48859,19034855,1549994520000,2019,2,12,18,2,0,Tuesday,544296.67228,4813255.94854,-80.452342,43.470915,Non intersection,2,P.D. only,Not on roadway - right side,unknown,unknown,SMV other,Unknown,Dark,07 - Dark,Municipal (excl. Twp. Rd.),No control,unknown,0,0,0,False,False,False,Freezing Rain,,False,Road 1: 400 BINGEMANS CENTRE DR (50 km/h); Road 2: BINGEMANS CENTRE DR; Distance: 30.0 M E; Vehicle #1     Make: NISS     Model: SML     Colour: BLK     Style: 4D,3/26/2021 11:53:15 AM,,
48860,19034903,1549982400000,2019,2,12,14,40,0,Tuesday,545188.53699,4813354.73623,-80.441307,43.471751,Intersection related,2,Non-reportable,Thru lane,unknown,unknown,Sideswipe,Unknown,Daylight,01 - Daylight,Municipal (excl. Twp. Rd.),Traffic signal,Functioning,0,0,0,False,False,False,Freezing Rain,,True,Road 1: BINGEMANS CENTRE DR; Road 2: VICTORIA ST N; Vehicle #1     Make: TOYT     Model: RG4     Colour: WHI     Style: TY; Vehicle #2     Make:      Model:      Colour:      Style:,4/9/2021 4:26:54 PM,,
48861,19035358,1550059920000,2019,2,13,12,12,0,Wednesday,543248.14135,4804518.95066,-80.465997,43.392308,Intersection related,1,Non-fatal injury,Thru lane,unknown,unknown,Approaching,Unknown,Daylight,01 - Daylight,Regional municipality,Stop sign,Functioning,1,0,0,False,False,False,Snow,,False,Road 1: HURON RD (50 km/h); Road 2: STRASBURG RD (50 km/h); Distance: 20.0 M E; Vehicle #1     Make: VOLK     Model: GLF     Colour: WHI     Style: 2B; Vehicle #2     Make: CHEV     Model: CAV     Colour: RED     Style: 4D,4/9/2021 4:26:48 PM,,
48862,19035443,1550054400000,2019,2,13,10,40,0,Wednesday,540288.29562,4810698.53092,-80.50208599999999,43.448114,Non intersection,2,Non-reportable,Thru lane,unknown,unknown,Rear end,Unknown,Daylight,01 - Daylight,Municipal (excl. Twp. Rd.),No control,unknown,0,0,0,False,False,False,Snow,,True,Road 1: PARK ST; Road 2: VICTORIA ST S; Distance: 50.0 M S; Vehicle #1     Make: FORD     Model: VAN     Colour: WHI     Style: FV; Vehicle #2     Make:      Model:      Colour:      Style:,3/26/2021 11:53:20 AM,,
48863,19035477,1549152000000,2019,2,3,0,0,0,Sunday,538910.80457,4810023.80217,-80.51915799999999,43.442111999999995,At/near private drive,2,P.D. only,Thru lane,unknown,unknown,SMV unattended vehicle,Unknown,Dark,07 - Dark,Municipal (excl. Twp. Rd.),No control,unknown,0,0,0,False,False,False,Clear,,True,Road 1: BELTON DR (IFO 11); Vehicle #1     Make:      Model:      Colour:      Style: ; Vehicle #2     Make: MERZ     Model: MG3     Colour: GRY     Style: TY,4/9/2021 4:29:57 PM,,
48864,19035511,1550074800000,2019,2,13,16,20,0,Wednesday,545146.73986,4807126.13416,-80.44233899999999,43.415670999999996,At intersection,2,Non-reportable,Thru lane,unknown,unknown,Rear end,Unknown,Daylight,01 - Daylight,Municipal (excl. Twp. Rd.),Stop sign,unknown,0,0,0,False,False,False,Snow,,True,Road 1: WILSON AVE; Road 2: GOODRICH DR; Vehicle #1     Make: FORD     Model: FE     Colour: RED     Style: 4D; Vehicle #2     Make: CHEV     Model: SIL     Colour: WHI     Style: CB,4/9/2021 4:27:58 PM,,
48865,19035517,1550074860000,2019,2,13,16,21,0,Wednesday,542116.02666,4811415.59571,-80.479443,43.45447,At/near private drive,2,P.D. only,Thru lane,unknown,unknown,Other,Unknown,Daylight,01 - Daylight,Municipal (excl. Twp. Rd.),No control,unknown,0,0,0,False,False,False,Clear,,True,Road 1: SAMUEL ST (IFO 11 SAMUEL ST); Road 2: FREDERICK ST; Vehicle #1     Make: DODG     Model: CAR     Colour: RED     Style: VN; Vehicle #2     Make:      Model:      Colour:      Style:,4/9/2021 4:28:53 PM,,
48866,19035581,1549999800000,2019,2,12,19,30,0,Tuesday,541548.70206,4811886.68625,-80.486419,43.458743999999996,At intersection,2,P.D. only,Within intersection,unknown,unknown,Angle,Unknown,Dark,07 - Dark,Municipal (excl. Twp. Rd.),Stop sign,Functioning,0,0,0,False,False,False,Freezing Rain,,True,Road 1: BREITHAUPT ST; Road 2: ST LEGER ST; Vehicle #1     Make: MERZ     Model: GL3     Colour: BLK     Style: TY; Vehicle #2     Make:      Model:      Colour:      Style:,4/9/2021 4:27:52 PM,,
48867,19035653,1550084400000,2019,2,13,19,0,0,Wednesday,545274.13117,4806435.40522,-80.440823,43.409444,At intersection,2,P.D. only,Right turn channel,unknown,unknown,Rear end,Stop sign,Dark,07 - Dark,Municipal (excl. Twp. Rd.),Stop sign,Functioning,0,0,0,False,False,False,Snow,,True,Road 1: WILSON AVE; Road 2: WABANAKI DR; Distance: 0.0 M W; Vehicle #1     Make: NISS     Model: SML     Colour: BLK     Style: 4D; Vehicle #2     Make: CHEV     Model: UPL     Colour: GRY     Style: VN,4/9/2021 4:27:48 PM,,
48868,19035659,1553498400000,2019,3,25,7,20,0,Monday,542962.53879,4814157.84227,-80.468764,43.479113,At/near private drive,2,P.D. only,Thru lane,unknown,unknown,Sideswipe,Unknown,Daylight,01 - Daylight,Municipal (excl. Twp. Rd.),No control,unknown,1,0,0,False,False,False,Clear,,False,Road 1: TAGGE ST (50 km/h); Road 2: TAGGE ST; Distance: 1.0 M W; Vehicle #1     Make: GMC     Model: SIE     Colour: RED     Style: PK; Vehicle #2     Make:      Model:      Colour:      Style: 4D,4/9/2021 4:29:17 PM,,
48869,19035985,1550136000000,2019,2,14,9,20,0,Thursday,539316.66272,4810616.19878,-80.5141,43.447424999999996,Intersection related,2,P.D. only,Right turn channel,unknown,unknown,Other,Unknown,Daylight,01 - Daylight,Municipal (excl. Twp. Rd.),Traffic signal,unknown,0,0,0,False,False,False,Clear,,True,Road 1: BELMONT ST KITCHENER; Road 2: GAGE ST KITCHENER; Vehicle #1     Make: TOYT     Model: HIG     Colour: BLK     Style: TY; Vehicle #2     Make: MAZD     Model: M3S     Colour: SIL     Style: 4D,4/9/2021 4:26:52 PM,,
48870,19036023,1550135400000,2019,2,14,9,10,0,Thursday,542410.70896,4807653.55042,-80.47609299999999,43.42058,Non intersection,2,Non-reportable,Thru lane,unknown,unknown,SMV unattended vehicle,Unknown,Daylight,01 - Daylight,Municipal (excl. Twp. Rd.),No control,unknown,0,0,0,False,False,False,Clear,,True,Road 1: GRACEFIELD CRESCENT; Vehicle #1     Make: DODG     Model: CAR     Colour: SIL     Style: VN; Vehicle #2     Make: TOYT     Model: RV4     Colour: WHI     Style: TY,3/26/2021 11:53:19 AM,,
48871,19036034,1550131800000,2019,2,14,8,10,0,Thursday,544116.82693,4811895.97389,-80.454675,43.45868,At intersection,2,Non-reportable,Thru lane,unknown,unknown,Rear end,Unknown,Daylight,01 - Daylight,Municipal (excl. Twp. Rd.),unknown,Functioning,0,0,0,False,False,False,Clear,,True,Road 1: MANCHESTER RD; Road 2: RIVER RD E; Vehicle #1     Make: HOND     Model: ELE     Colour: BLK     Style: TY; Vehicle #2     Make:      Model:      Colour:      Style:,4/9/2021 4:27:59 PM,,
48872,19036342,1550147400000,2019,2,14,12,30,0,Thursday,548535.7406,4806587.82893,-80.400528,43.410613,Non intersection,2,Non-reportable,Thru lane,unknown,unknown,Angle,Unknown,Daylight,01 - Daylight,Municipal (excl. Twp. Rd.),No control,unknown,0,0,0,False,False,False,Clear,,True,Road 1: DEER RIDGE DR; Road 2: KING ST E; Distance: 60.0 M N; Vehicle #1     Make: HOND     Model: CIV     Colour: GRY     Style: 4D; Vehicle #2     Make:      Model:      Colour:      Style:,3/26/2021 11:53:22 AM,,
48873,19036347,1550131200000,2019,2,14,8,0,0,Thursday,545666.11866,4803703.44005,-80.43621,43.384822,At/near private drive,2,Non-reportable,Thru lane,unknown,unknown,Other,Unknown,Daylight,01 - Daylight,Municipal (excl. Twp. Rd.),No control,unknown,0,0,0,False,False,False,Clear,,True,Road 1: 80 APPLE RIDGE DR; Vehicle #1     Make: GMC     Model: SAV     Colour: WHI     Style: FV; Vehicle #2     Make:      Model:      Colour:      Style:,4/9/2021 4:29:00 PM,,
48874,19036403,1550154000000,2019,2,14,14,20,0,Thursday,545907.2924,4809345.68468,-80.43275899999999,43.43561,At intersection,2,P.D. only,Within intersection,unknown,unknown,Angle,Unknown,Daylight,01 - Daylight,Municipal (excl. Twp. Rd.),unknown,Functioning,0,0,0,False,False,False,Clear,,True,Road 1: KINZIE AVE; Road 2: THALER AVE; Vehicle #1     Make: HYUN     Model: SGL     Colour: BLK     Style: 4D; Vehicle #2     Make: TOYT     Model: UCS     Colour: BLU     Style: 4D,4/9/2021 4:27:51 PM,,
48875,19036799,1550213940000,2019,2,15,6,59,0,Friday,546734.75574,4802140.19931,-80.42315099999999,43.370681,Non intersection,2,P.D. only,Right shoulder,unknown,unknown,SMV other,Unknown,Dawn,03 - Dawn,Municipal (excl. Twp. Rd.),No control,unknown,0,0,0,False,False,False,Rain,,False,Road 1: REICHERT DR (80 km/h); Road 2: NEW DUNDEE RD; Distance: 250.0 K S; Vehicle #1     Make: KIA     Model: SOR     Colour: BLK     Style: TY,3/26/2021 11:53:09 AM,,
48876,19036807,1550213940000,2019,2,15,6,59,0,Friday,546733.94923,4802140.59419,-80.423161,43.370684,Non intersection,2,P.D. only,Right shoulder,unknown,unknown,SMV other,Unknown,Dawn,03 - Dawn,Municipal (excl. Twp. Rd.),No control,unknown,0,0,0,False,False,False,Rain,,False,Road 1: REICHERT DR (80 km/h); Road 2: NEW DUNDEE RD; Distance: 250.0 M S; Vehicle #1     Make: TOYT     Model: CTX     Colour: BLK     Style: 4B,3/26/2021 11:53:09 AM,,
48877,19036939,1550224800000,2019,2,15,10,0,0,Friday,542452.48708,4811201.83673,-80.475301,43.452526999999996,At intersection,2,P.D. only,Within intersection,unknown,unknown,SMV other,Unknown,Daylight,01 - Daylight,Municipal (excl. Twp. Rd.),Stop sign,Functioning,0,0,0,False,False,False,Snow,,False,Road 1: BRUBACHER ST (50 km/h); Road 2: LYDIA ST (50 km/h); Vehicle #1     Make: HOND     Model: UDV     Colour: BLU     Style: 4D,4/9/2021 4:27:47 PM,,
48878,19037002,1550082600000,2019,2,13,18,30,0,Wednesday,540218.05885,4805818.87559,-80.503314,43.404181,At intersection,2,P.D. only,Thru lane,unknown,unknown,Rear end,Unknown,Dark,07 - Dark,Municipal (excl. Twp. Rd.),unknown,Functioning,0,0,0,False,False,False,Snow,,True,Road 1: MAX BECKER DR; Road 2: COMMONWEALTH ST; Vehicle #1     Make: MERZ     Model: CW3     Colour: WHI     Style: 4D; Vehicle #2     Make:      Model:      Colour:      Style:,4/9/2021 4:27:50 PM,,
48879,19037039,1550155500000,2019,2,14,14,45,0,Thursday,538025.83853,4807056.86988,-80.5303,43.415442999999996,Non intersection,2,P.D. only,Thru lane,unknown,unknown,SMV other,Unknown,Daylight,01 - Daylight,Municipal (excl. Twp. Rd.),No control,unknown,0,0,0,False,False,False,Snow,,True,Road 1: ROYAL ORCHARD DR; Road 2: DEERWOOD CRESCENT; Vehicle #1     Make: HOND     Model: CS3     Colour: BLU     Style: 4D,3/26/2021 11:53:16 AM,,
48880,19037154,1550219700000,2019,2,15,8,35,0,Friday,542212.26483,4806728.08863,-80.478616,43.412258,Non intersection,2,Non-reportable,Thru lane,unknown,unknown,Sideswipe,Unknown,Daylight,01 - Daylight,Municipal (excl. Twp. Rd.),No control,unknown,0,0,0,False,False,False,Clear,,True,Road 1: 60 THE COUNTRY WAY; Vehicle #1     Make: HOND     Model: PIL     Colour: BGE     Style: TY; Vehicle #2     Make: CHEV     Model: MBL     Colour: WHI     Style: 4D,3/26/2021 11:53:19 AM,,
48881,19037923,1550133900000,2019,2,14,8,45,0,Thursday,545314.41918,4810772.74242,-80.439966,43.448495,Non intersection,2,Non-reportable,Thru lane,unknown,unknown,Angle,Unknown,Daylight,01 - Daylight,Municipal (excl. Twp. Rd.),No control,unknown,0,0,0,False,False,False,Clear,,True,Road 1: CONWAY DR; Road 2: GAY CRESCENT; Distance: 100.0 M W; Vehicle #1     Make: TOYO     Model: COR     Colour: GRY     Style: 4D; Vehicle #2     Make:      Model:      Colour:      Style:,3/26/2021 11:53:20 AM,,
48882,19037928,1550274600000,2019,2,15,23,50,0,Friday,538915.68625,4810255.64036,-80.519081,43.444199,Non intersection,2,P.D. only,Thru lane,unknown,unknown,Rear end,Unknown,Dark,07 - Dark,Municipal (excl. Twp. Rd.),No control,unknown,0,0,0,False,False,False,Clear,,True,Road 1: BRYBECK CRESCENT; Road 2: WESTMOUNT RD W; Distance: 300.0 M E; Vehicle #1     Make: NISS     Model: ATS     Colour: GRY     Style: 4D; Vehicle #2     Make:      Model:      Colour:      Style:,3/26/2021 11:53:12 AM,,
48883,19038549,1550385000000,2019,2,17,6,30,0,Sunday,544393.66509,4802922.32272,-80.451982,43.377865,Non intersection,2,P.D. only,Not on roadway - right side,unknown,unknown,SMV other,Unknown,Dark,07 - Dark,Municipal (excl. Twp. Rd.),No control,unknown,0,0,0,False,False,False,Snow,,False,Road 1: CARYNDALE DR (50 km/h); Road 2: ROBERT FERRIE DR; Distance: 50.0 M S; Vehicle #1     Make: SUBA     Model: ISE     Colour: BLU     Style: SW,3/26/2021 11:53:11 AM,,
48884,19038992,1550451600000,2019,2,18,1,0,0,Monday,542108.78403,4807131.04977,-80.479863,43.415892,At intersection,2,P.D. only,Within intersection,unknown,unknown,Angle,Unknown,Dark,07 - Dark,Municipal (excl. Twp. Rd.),Traffic signal,Functioning,0,0,0,False,False,False,Snow,,True,Road 1: BLOCK LINE RD; Road 2: STRASBURG RD; Vehicle #1     Make: HOND     Model: UCD     Colour: RED     Style: 4D; Vehicle #2     Make: HOND     Model: UDY     Colour: BLK     Style: VN,4/9/2021 4:27:45 PM,,
48885,19039856,1550566200000,2019,2,19,8,50,0,Tuesday,549339.56554,4805843.61012,-80.390667,43.403859,Intersection related,2,P.D. only,Thru lane,unknown,unknown,Other,Unknown,Daylight,01 - Daylight,Municipal (excl. Twp. Rd.),Stop sign,unknown,0,0,0,False,False,False,Clear,,True,Road 1: EDGEHILL DR; Road 2: STANSON CLOSE; Vehicle #1     Make: LNDR     Model: DIS     Colour: BLK     Style: TY; Vehicle #2     Make:      Model:      Colour:      Style:,4/9/2021 4:26:51 PM,,
48886,19039889,1550429700000,2019,2,17,18,55,0,Sunday,543073.65486,4812799.218,-80.46749799999999,43.466874,Intersection related,2,P.D. only,Thru lane,unknown,unknown,Rear end,Unknown,"Dark, artificial","08 - Dark, artificial",Municipal (excl. Twp. Rd.),unknown,Functioning,0,0,0,False,False,False,Clear,,True,Road 1: SHIRLEY AVE; Road 2: RIVERBEND DR; Vehicle #1     Make: HYUN     Model: ESS     Colour: RED     Style: 4D; Vehicle #2     Make: FORD     Model: EDG     Colour: GRY     Style: TY,4/9/2021 4:26:53 PM,,
48887,19039905,1550322000000,2019,2,16,13,0,0,Saturday,538688.3082,4807649.17868,-80.522076,43.420742,Non intersection,2,P.D. only,Not on roadway - right side,unknown,unknown,SMV unattended vehicle,Unknown,Daylight,01 - Daylight,Municipal (excl. Twp. Rd.),No control,unknown,0,0,0,False,False,False,Clear,,True,Road 1: PINEHURST CRESCENT; Road 2: MCGARRY DR; Distance: 100.0 M N; Vehicle #1     Make: FORD     Model: SPE     Colour: WHI     Style: TY; Vehicle #2     Make: TOYT     Model: RV4     Colour: GRY     Style: TY,3/26/2021 11:53:18 AM,,
48888,19040014,1550581200000,2019,2,19,13,0,0,Tuesday,548117.86008,4804527.78454,-80.40587,43.392091,At intersection,2,P.D. only,Within intersection,unknown,unknown,Angle,Unknown,Daylight,01 - Daylight,Regional municipality,Stop sign,Functioning,0,0,0,False,False,False,Clear,,False,Road 1: DOON VALLEY DR (50 km/h); Road 2: OLD MILL RD (50 km/h); Distance: 5.0 M S; Vehicle #1     Make: DODG     Model: CTX     Colour: YEL     Style: 2D; Vehicle #2     Make: TOYT     Model: CCX     Colour: GRY     Style: 4D,4/9/2021 4:27:50 PM,,
48889,19040043,1550585700000,2019,2,19,14,15,0,Tuesday,544231.30177,4813253.95641,-80.45315,43.470901,Non intersection,2,P.D. only,Not on roadway - right side,unknown,unknown,SMV other,Unknown,Daylight,01 - Daylight,Municipal (excl. Twp. Rd.),No control,unknown,0,0,0,False,False,False,Clear,,False,Road 1: SHIRLEY AVE (60 km/h); Road 2: BINGEMANS CENTRE DR; Distance: 37.0 M E; Vehicle #1     Make: MACK     Model: 600     Colour: BLU     Style: CB,3/26/2021 11:53:14 AM,,
48890,19040158,1550556300000,2019,2,19,6,5,0,Tuesday,539268.2967,4810592.15691,-80.514699,43.447210999999996,At/near private drive,2,Non-reportable,Thru lane,unknown,unknown,Angle,Unknown,Dark,07 - Dark,Municipal (excl. Twp. Rd.),No control,unknown,0,0,0,False,False,False,Clear,,True,Road 1: GAGE AVE; Road 2: BELMONT AVE W; Vehicle #1     Make: CHEV     Model: SIL     Colour: WHI     Style: PK; Vehicle #2     Make: INFI     Model: EXA     Colour: WHI     Style: SW,4/9/2021 4:29:02 PM,,
48891,19040379,1550614860000,2019,2,19,22,21,0,Tuesday,545274.80735,4806435.33392,-80.440815,43.409444,At intersection,2,P.D. only,Within intersection,unknown,unknown,Angle,Stop sign,Dark,07 - Dark,Regional municipality,Stop sign,Functioning,0,0,0,False,False,False,Clear,,False,Road 1: WABANAKI DR (50 km/h); Road 2: WILSON AVE (50 km/h); Vehicle #1     Make: VOLK     Model: CGD     Colour: SIL     Style: 4B; Vehicle #2     Make: LEXS     Model: HS2     Colour: GRY     Style: 4D,4/9/2021 4:27:48 PM,,
48892,19040600,1550654580000,2019,2,20,9,23,0,Wednesday,543045.29504,4809760.61708,-80.468088,43.439516,At intersection,2,Non-reportable,Within intersection,unknown,unknown,Rear end,Unknown,Daylight,01 - Daylight,Municipal (excl. Twp. Rd.),Stop sign,Obscured,0,0,0,False,False,False,Clear,,True,Road 1: PRESTON ST; Road 2: CHARLES ST E; Vehicle #1     Make: HOND     Model: UCD     Colour: GRY     Style: 4D; Vehicle #2     Make: HYUN     Model: TUC     Colour: BLK     Style: TY,4/9/2021 4:28:00 PM,,
48893,19040885,1550674200000,2019,2,20,14,50,0,Wednesday,540487.42178,4809736.47779,-80.499697,43.439440999999995,At intersection,2,P.D. only,Within intersection,unknown,unknown,Angle,Unknown,Daylight,01 - Daylight,Municipal (excl. Twp. Rd.),Stop sign,Functioning,0,0,0,False,False,False,Clear,,True,Road 1: SPADINA RD W; Road 2: QUEEN'S BLVD; Vehicle #1     Make: CHEV     Model: CZT     Colour: RED     Style: 4D; Vehicle #2     Make: DODG     Model: CAR     Colour: GRY     Style: VN,4/9/2021 4:27:54 PM,,
48894,19041060,1550688480000,2019,2,20,18,48,0,Wednesday,541001.38451,4810880.79202,-80.49325999999999,43.449717,At/near private drive,1,Non-fatal injury,Right shoulder,unknown,unknown,SMV other,Unknown,Dark,07 - Dark,Municipal (excl. Twp. Rd.),No control,unknown,0,0,0,True,False,False,Rain,,False,Road 1: 15 CHARLES ST E (50 km/h); Road 2: CHARLES ST E; Distance: 1.0 M N; Vehicle #1     Make: ALEX     Model: ENV     Colour: GRN     Style: BU,4/27/2022 10:42:30 AM,,
48895,19041071,1550314800000,2019,2,16,11,0,0,Saturday,539891.60312,4807659.63316,-80.507211,43.420773,Non intersection,2,P.D. only,Thru lane,unknown,unknown,SMV unattended vehicle,Unknown,Daylight,01 - Daylight,Municipal (excl. Twp. Rd.),No control,unknown,0,0,0,False,False,False,Clear,,True,Road 1: 147 WINDALE CRESCENT; Vehicle #1     Make:      Model:      Colour:      Style: ; Vehicle #2     Make: CADI     Model: CT     Colour: RED     Style: 4D,3/26/2021 11:53:17 AM,,