OBJECTID,ACCIDENTNUM,ACCIDENTDATE,ACCIDENT_YEAR,ACCIDENT_MONTH,ACCIDENT_DAY,ACCIDENT_HOUR,ACCIDENT_MINUTE,ACCIDENT_SECOND,ACCIDENT_WEEKDAY,XCOORD,YCOORD,LONGITUDE,LATITUDE,ACCIDENTLOCATION,COLLISIONTYPE,CLASSIFICATIONOFACCIDENT,IMPACTLOCATION,INITIALDIRECTIONOFTRAVELONE,INITIALDIRECTIONOFTRAVELTWO,INITIALIMPACTTYPE,INTTRAFFICCONTROL,LIGHT,LIGHTFORREPORT,ROADJURISDICTION,TRAFFICCONTROL,TRAFFICCONTROLCONDITION,THRULANENO,NORTHBOUNDDISOBEYCOUNT,SOUTHBOUNDDISOBEYCOUNT,PEDESTRIANINVOLVED,CYCLISTINVOLVED,MOTORCYCLISTINVOLVED,ENVIRONMENTCONDITION1,ENVIRONMENTCONDITION2,SELFREPORTED,XMLIMPORTNOTES,LASTEDITEDDATE,CREATE_BY,CREATE_DATE
48896,19041206,1550700060000,2019,2,20,22,1,0,Wednesday,542632.19181,4803742.94673,-80.47366199999999,43.385356,At/near private drive,2,P.D. only,Right shoulder,unknown,unknown,SMV other,Unknown,Dark,07 - Dark,Municipal (excl. Twp. Rd.),No control,unknown,0,0,0,False,False,False,Freezing Rain,,False,Road 1: 130 BANFFSHIRE ST (50 km/h); Road 2: BANFFSHIRE ST; Distance: 1.0 M N; Vehicle #1     Make: HYUN     Model: ESM     Colour: BLK     Style: 4D,4/9/2021 4:28:52 PM,,
48897,19041218,1550702460000,2019,2,20,22,41,0,Wednesday,541936.86748,4816313.69778,-80.48128,43.498582999999996,Intersection related,2,P.D. only,Thru lane,unknown,unknown,Approaching,Unknown,"Dark, artificial","08 - Dark, artificial",Municipal (excl. Twp. Rd.),Stop sign,unknown,1,0,0,False,False,False,Freezing Rain,,False,Road 1: WOOLWICH ST (50 km/h); Road 2: KIWANIS PARK DR (50 km/h); Vehicle #1     Make: AUDI     Model: CQ5     Colour: GRY     Style: TY; Vehicle #2     Make: CHEV     Model: MZ     Colour: BLK     Style: 4D,4/9/2021 4:26:50 PM,,
48898,19041707,1550761200000,2019,2,21,15,0,0,Thursday,545906.88688,4809346.28197,-80.43276399999999,43.435615,At intersection,2,P.D. only,Within intersection,unknown,unknown,Angle,Unknown,Daylight,01 - Daylight,Municipal (excl. Twp. Rd.),unknown,Functioning,0,0,0,False,False,False,Clear,,True,Road 1: KINZIE AVE; Road 2: THALER AVE; Vehicle #1     Make: HYUN     Model: AGS     Colour: WHI     Style: 4B; Vehicle #2     Make: VOLK     Model: JBS     Colour: WHI     Style: 4D,4/9/2021 4:27:51 PM,,
48899,19042606,1550855820000,2019,2,22,17,17,0,Friday,546019.71628,4803252.59424,-80.431883,43.380741,At/near private drive,2,P.D. only,Thru lane,unknown,unknown,SMV unattended vehicle,Unknown,Dusk,05 - Dusk,Township,No control,unknown,1,0,0,False,False,False,Clear,,False,Road 1: 424 DOON SOUTH DR (50 km/h); Road 2: DOON SOUTH DR; Distance: 1.0 K S; Vehicle #1     Make: NISS     Model: SBL     Colour: BLK     Style: 4D; Vehicle #2     Make: CHEV     Model: EQU     Colour: BLK     Style: TY,4/9/2021 4:28:53 PM,,
48900,19042622,1550857200000,2019,2,22,17,40,0,Friday,546063.47335,4809492.29497,-80.43081699999999,43.43692,Intersection related,2,P.D. only,Thru lane,unknown,unknown,Sideswipe,Unknown,Dusk,05 - Dusk,Municipal (excl. Twp. Rd.),Traffic signal,Functioning,0,0,0,False,False,False,Clear,,True,Road 1: RIVER RD E; Road 2: KINZIE AVE; Vehicle #1     Make: KIA     Model: SOR     Colour: WHI     Style: TY; Vehicle #2     Make: MERZ     Model: C23     Colour: BLK     Style: 4D,4/9/2021 4:26:55 PM,,
48901,19043105,1550766600000,2019,2,21,16,30,0,Thursday,543185.85564,4804484.8663,-80.466768,43.392005,Non intersection,2,P.D. only,Thru lane,unknown,unknown,Rear end,Unknown,Daylight,01 - Daylight,Municipal (excl. Twp. Rd.),No control,unknown,0,0,0,False,False,False,Clear,,True,Road 1: HURON RD (STRASBURG ROAD); Vehicle #1     Make: MERZ     Model: 4M4     Colour: BLK     Style: 4D; Vehicle #2     Make: CHEV     Model: RAX     Colour: WHI     Style: TY,3/26/2021 11:53:29 AM,,
48902,19043184,1550916000000,2019,2,23,10,0,0,Saturday,541142.59238,4806764.19995,-80.49182499999999,43.412642999999996,Intersection related,2,P.D. only,Thru lane,unknown,unknown,Rear end,Unknown,Daylight,01 - Daylight,Municipal (excl. Twp. Rd.),unknown,Functioning,0,0,0,False,False,False,Clear,,True,Road 1: BLOCK LINE RD; Road 2: LAURENTIAN DR; Vehicle #1     Make: HYUN     Model: ETG     Colour: BLU     Style: 4B; Vehicle #2     Make: RAM     Model: RTR     Colour: BLU     Style: PK,4/9/2021 4:27:33 PM,,
48903,19044052,1551004380000,2019,2,24,10,33,0,Sunday,540799.83187,4806481.79619,-80.49607999999999,43.410118999999995,At/near private drive,2,P.D. only,Thru lane,unknown,unknown,SMV unattended vehicle,Unknown,Daylight,01 - Daylight,Municipal (excl. Twp. Rd.),No control,unknown,0,0,0,False,False,False,Clear,,True,Road 1: 3 DUNEDIN COURT (IFO 3 DUNEDUN COURT); Vehicle #1     Make: HOND     Model: UAX     Colour: BLK     Style: 4D; Vehicle #2     Make: KIA     Model: RES     Colour: GRY     Style: 4D,4/9/2021 4:29:59 PM,,
48904,19044298,1551027600000,2019,2,24,17,0,0,Sunday,538196.47759,4809022.57316,-80.528055,43.433133,At intersection,2,P.D. only,Within intersection,unknown,unknown,SMV other,Unknown,Daylight,01 - Daylight,Municipal (excl. Twp. Rd.),Stop sign,Functioning,0,0,0,False,False,False,Clear,,False,Road 1: BANKSIDE DR (50 km/h); Road 2: BENESFORT DR (50 km/h); Vehicle #1     Make: LEXS     Model: E35     Colour: BRN     Style: 4D,4/9/2021 4:28:20 PM,,
48905,19044399,1551039180000,2019,2,24,20,13,0,Sunday,542108.89087,4807131.44646,-80.479862,43.415896,At intersection,1,Non-fatal injury,Within intersection,unknown,unknown,Angle,Unknown,Dark,07 - Dark,Municipal (excl. Twp. Rd.),Traffic signal,Functioning,0,0,0,False,False,False,Snow,,False,Road 1: BLOCK LINE RD (50 km/h); Road 2: STRASBURG RD (50 km/h); Vehicle #1     Make: TOYT     Model: MTL     Colour: RED     Style: 4D; Vehicle #2     Make: HYUN     Model: SAN     Colour: BRN     Style: TY,4/9/2021 4:28:21 PM,,
48906,19044764,1550970000000,2019,2,24,1,0,0,Sunday,547425.04527,4809731.80079,-80.413972,43.438992,Non intersection,2,Non-reportable,Right shoulder,unknown,unknown,SMV unattended vehicle,Unknown,Dark,07 - Dark,Municipal (excl. Twp. Rd.),No control,unknown,0,0,0,False,False,False,Clear,,True,Road 1: 14 GRASSWOOD ST (IN FRONT OF 14 GRASSWOOD); Road 2: WATERBEND CRES; Distance: 40.0 M E; Vehicle #1     Make:      Model:      Colour:      Style: ; Vehicle #2     Make: TOYT     Model: RG4     Colour: GRN     Style: TY,4/9/2021 4:26:22 PM,,
48907,19044827,1551084300000,2019,2,25,8,45,0,Monday,541620.90971,4805593.84241,-80.486006,43.402079,Non intersection,2,P.D. only,Thru lane,unknown,unknown,SMV other,Unknown,Daylight,01 - Daylight,Municipal (excl. Twp. Rd.),No control,unknown,0,0,0,False,False,False,Snow,,True,Road 1: TRILLIUM DR; Road 2: WASHBURN DR; Vehicle #1     Make: FORD     Model: FHY     Colour: WHI     Style: 4D,4/9/2021 4:26:30 PM,,
48908,19044840,1551095820000,2019,2,25,11,57,0,Monday,542303.36998,4810268.93569,-80.477216,43.444134999999996,At/near private drive,2,P.D. only,Thru lane,unknown,unknown,Angle,Unknown,Daylight,01 - Daylight,Municipal (excl. Twp. Rd.),No control,unknown,1,0,0,False,False,False,Other,,False,Road 1: STIRLING AVE N (50 km/h); Road 2: KING ST E; Distance: 20.0 M S; Vehicle #1     Make:      Model:      Colour:      Style: ; Vehicle #2     Make: HYUN     Model: ELA     Colour: BLU     Style: 4D,4/9/2021 4:29:24 PM,,
48909,19044841,1551094200000,2019,2,25,11,30,0,Monday,542988.8259,4807932.81065,-80.46893,43.423061999999994,Non intersection,2,P.D. only,Within intersection,unknown,unknown,Angle,Unknown,Daylight,01 - Daylight,Private property,No control,unknown,0,0,0,False,False,False,Snow,,True,Road 1: LENNOX LEWIS WAY KITCHENER; Road 2: ACTIVA SPORTS CENTRE; Vehicle #1     Make: MAZD     Model: 3TR     Colour: GRY     Style: 4B; Vehicle #2     Make: HOND     Model: HRV     Colour: WHI     Style: TY,4/9/2021 4:26:31 PM,,
48910,19044866,1551097500000,2019,2,25,12,25,0,Monday,545092.95401,4807789.56163,-80.442949,43.421648,Non intersection,2,Non-reportable,Thru lane,unknown,unknown,Rear end,Unknown,Daylight,01 - Daylight,Municipal (excl. Twp. Rd.),No control,unknown,0,0,0,False,False,False,Drifting Snow,,True,Road 1: WILSON AVE; Road 2: KINGSWAY DR; Distance: 100.0 M S; Vehicle #1     Make: DODG     Model: CAR     Colour: RED     Style: VN; Vehicle #2     Make: HOND     Model: UDY     Colour: GRY     Style: TY,4/9/2021 4:26:00 PM,,
48911,19045007,1551110400000,2019,2,25,16,0,0,Monday,544884.04508,4804849.82439,-80.445771,43.395191,At intersection,2,P.D. only,Within intersection,unknown,unknown,Turning movement,Unknown,Daylight,01 - Daylight,Municipal (excl. Twp. Rd.),Traffic signal,Functioning,0,0,0,False,False,False,Clear,,True,Road 1: DOON VILLAGE RD; Road 2: PIONEER DR; Vehicle #1     Make: AUDI     Model: 41Q     Colour: GRN     Style: 4D; Vehicle #2     Make: TOYT     Model: MTL     Colour: GRY     Style: 4D,4/9/2021 4:28:45 PM,,
48912,19045177,1551087000000,2019,2,25,9,30,0,Monday,542076.03892,4807373.79514,-80.480249,43.418079999999996,At/near private drive,2,P.D. only,Thru lane,unknown,unknown,SMV unattended vehicle,Unknown,Daylight,01 - Daylight,Municipal (excl. Twp. Rd.),No control,unknown,0,0,0,False,False,False,Strong wind,,True,Road 1: SELKIRK DR (IFO 141); Vehicle #1     Make:      Model:      Colour:      Style: ; Vehicle #2     Make: CHEV     Model: EXP     Colour: WHI     Style: FV,4/9/2021 4:30:01 PM,,
48913,19045399,1553153700000,2019,3,21,7,35,0,Thursday,541444.72404,4810410.30473,-80.487816,43.445456,At intersection,2,P.D. only,Within intersection,unknown,unknown,SMV other,Unknown,Daylight,01 - Daylight,Regional municipality,Stop sign,Functioning,0,0,0,False,False,False,Clear,,False,Road 1: ST GEORGE ST (50 km/h); Road 2: PETER ST (50 km/h); Vehicle #1     Make:      Model:      Colour:      Style:,4/9/2021 4:28:22 PM,,
48914,19045726,1550911500000,2019,2,23,8,45,0,Saturday,548002.03254,4811102.46758,-80.406722,43.451297,At intersection,2,Non-reportable,Within intersection,unknown,unknown,Sideswipe,Unknown,Daylight,01 - Daylight,Municipal (excl. Twp. Rd.),Stop sign,Functioning,0,0,0,False,False,False,Clear,,True,Road 1: PEBBLECREEK DR; Road 2: OLD ZELLER DR; Distance: 5.0 M W; Vehicle #1     Make: TOYT     Model: TIM     Colour: BLK     Style: 4B; Vehicle #2     Make:      Model:      Colour:      Style:,4/9/2021 4:28:00 PM,,
48915,19045728,1551012000000,2019,2,24,12,40,0,Sunday,547416.61071,4809731.8017,-80.414076,43.438992,Non intersection,2,Non-reportable,Thru lane,unknown,unknown,Other,Unknown,Daylight,01 - Daylight,Private property,No control,unknown,0,0,0,False,False,False,Clear,,True,Road 1: 10 GRASSWOOD ST (STREET PARKING); Vehicle #1     Make: CHEV     Model: CZT     Colour: ONG     Style: 4D; Vehicle #2     Make:      Model:      Colour:      Style:,4/9/2021 4:26:00 PM,,
48916,19045865,1551201000000,2019,2,26,17,10,0,Tuesday,541630.69153,4810890.01913,-80.48548199999999,43.449765,Non intersection,2,P.D. only,Thru lane,unknown,unknown,Angle,Unknown,Daylight,01 - Daylight,Municipal (excl. Twp. Rd.),No control,unknown,0,0,0,False,False,False,Clear,,True,Road 1: 50 DUKE ST E CITY COMMERCIAL CORE (PARKING EXIT RAMP); Vehicle #1     Make: CHEV     Model: IMT     Colour: SIL     Style: 4D; Vehicle #2     Make: DODG     Model: CAR     Colour: RED     Style: VN,4/9/2021 4:26:31 PM,,
48917,19045892,1551203160000,2019,2,26,17,46,0,Tuesday,538343.68684,4808420.92578,-80.526279,43.427709,At/near private drive,2,P.D. only,Thru lane,unknown,unknown,Angle,Unknown,Dusk,05 - Dusk,Municipal (excl. Twp. Rd.),No control,unknown,0,0,0,False,False,False,Clear,,True,Road 1: QUEEN'S BLVD (IFO 204); Vehicle #1     Make: DODG     Model: CAR     Colour: GRY     Style: VN; Vehicle #2     Make: CHEV     Model: BLT     Colour: RED     Style: 4D,4/9/2021 4:29:01 PM,,
48918,19045979,1551195600000,2019,2,26,15,40,0,Tuesday,547780.74403,4804386.68776,-80.410045,43.390842,Intersection related,2,P.D. only,Thru lane,unknown,unknown,Other,Unknown,Daylight,01 - Daylight,Municipal (excl. Twp. Rd.),Stop sign,unknown,0,0,0,False,False,False,Clear,,True,Road 1: CONESTOGA COLLEGE BLVD; Road 2: DOON VALLEY DRIVE; Vehicle #1     Make: LEXS     Model: RX5     Colour: WHI     Style: TY; Vehicle #2     Make:      Model:      Colour:      Style:,4/9/2021 4:27:37 PM,,
48919,19046300,1551195000000,2019,2,26,15,30,0,Tuesday,541986.72812,4807720.35068,-80.481325,43.421205,Non intersection,2,P.D. only,Thru lane,unknown,unknown,Other,Unknown,Daylight,01 - Daylight,Municipal (excl. Twp. Rd.),No control,unknown,0,0,0,False,False,False,Clear,,True,Road 1: APPALACHIAN CRESCENT; Road 2: KINGSWOOD DR; Distance: 200.0 M S; Vehicle #1     Make: MAZD     Model: TRI     Colour: GRY     Style: TY; Vehicle #2     Make: DODG     Model: AVN     Colour: RED     Style: 4D,4/9/2021 4:26:33 PM,,
48920,19046322,1551265200000,2019,2,27,11,0,0,Wednesday,540292.31478,4806729.82216,-80.502329,43.41238,Intersection related,2,P.D. only,Not on roadway - right side,unknown,unknown,SMV other,Unknown,Daylight,01 - Daylight,Municipal (excl. Twp. Rd.),Stop sign,Functioning,0,0,0,False,False,False,Snow,,False,Road 1: RISTAU CRESCENT (50 km/h); Road 2: DINISON CRESCENT (50 km/h); Distance:  K; Vehicle #1     Make:      Model: -     Colour:      Style:,4/9/2021 4:27:17 PM,,
48921,19046344,1551267000000,2019,2,27,11,30,0,Wednesday,539316.72363,4810616.03635,-80.514099,43.447423,At intersection,2,P.D. only,Within intersection,unknown,unknown,Turning movement,Unknown,Daylight,01 - Daylight,Municipal (excl. Twp. Rd.),Traffic signal,Functioning,0,0,0,False,False,False,Snow,,True,Road 1: BELMONT AVE W; Road 2: GAGE AVE; Vehicle #1     Make: TOYT     Model: CBL     Colour: RED     Style: 4D; Vehicle #2     Make: FORD     Model: CVI     Colour: GRN     Style: 4D; Vehicle #3     Make:      Model:      Colour:      Style: ; Vehicle #4,4/9/2021 4:27:53 PM,,
48922,19046370,1551265200000,2019,2,27,11,0,0,Wednesday,539991.45439,4811358.21047,-80.50570599999999,43.45407,At intersection,2,P.D. only,Within intersection,unknown,unknown,Rear end,Unknown,Daylight,01 - Daylight,Municipal (excl. Twp. Rd.),unknown,Functioning,0,0,0,False,False,False,Snow,,True,Road 1: AGNES ST; Road 2: WALTER ST; Vehicle #1     Make: TOYT     Model: RG4     Colour: GRY     Style: TY; Vehicle #2     Make: FORD     Model: FSE     Colour: GRY     Style: 4B,4/9/2021 4:27:59 PM,,
48923,19046433,1551274200000,2019,2,27,13,30,0,Wednesday,545121.7023,4807672.7305,-80.442604,43.420594,Non intersection,2,P.D. only,Thru lane,unknown,unknown,Rear end,Unknown,Daylight,01 - Daylight,Municipal (excl. Twp. Rd.),No control,unknown,0,0,0,False,False,False,Snow,,True,Road 1: WILSON AVE; Road 2: FAIRWAY RD S; Vehicle #1     Make: ACUR     Model: CEP     Colour: SIL     Style: 4D; Vehicle #2     Make:      Model:      Colour:      Style: ; Vehicle #3     Make: FORD     Model: COF     Colour: BLU     Style: PK,3/26/2021 11:53:15 AM,,
48924,19046528,1551279600000,2019,2,27,15,0,0,Wednesday,543131.95089,4805308.85439,-80.46736899999999,43.399426999999996,At/near private drive,2,P.D. only,Thru lane,unknown,unknown,Sideswipe,Unknown,Daylight,01 - Daylight,Regional municipality,No control,unknown,0,0,0,False,False,False,Snow,,True,Road 1: STRASBURG RD (IFO 1548); Road 2: BLEAMS; Vehicle #1     Make: AMER     Model: A45     Colour: WHI     Style: FV; Vehicle #2     Make: VOLK     Model: TOUA     Colour: GRY     Style: MUL,4/9/2021 4:29:03 PM,,
48925,19046587,1551284100000,2019,2,27,16,15,0,Wednesday,541217.38224,4811273.32458,-80.490561,43.453238999999996,At intersection,2,P.D. only,Not on roadway - right side,unknown,unknown,SMV other,Unknown,Daylight,01 - Daylight,Township,Traffic signal,Functioning,0,0,0,False,False,False,Snow,,False,Road 1: YOUNG ST (50 km/h); Road 2: PRINCESS ST E (50 km/h); Vehicle #1     Make:      Model: -     Colour:      Style:,4/9/2021 4:28:21 PM,,
48926,19046753,1551299400000,2019,2,27,20,30,0,Wednesday,541165.96192,4809910.5509,-80.491299,43.440971999999995,Other,2,P.D. only,Off highway,unknown,unknown,SMV unattended vehicle,Unknown,Dark,07 - Dark,Private property,No control,unknown,0,0,0,False,False,False,Snow,,False,Road 1: 106 MILL ST; Vehicle #1     Make: TOYT     Model: UVL     Colour: BLU     Style: 4D; Vehicle #2     Make: TOYT     Model: RV4     Colour: BLU     Style: TY; Vehicle #3     Make: OLDS     Model: SED     Colour: GRY     Style:,4/9/2021 4:30:19 PM,,
48927,19046826,1551360480000,2019,2,28,13,28,0,Thursday,541570.54688,4803901.20139,-80.486757,43.386841,At/near private drive,2,P.D. only,Thru lane,unknown,unknown,SMV unattended vehicle,Unknown,Daylight,01 - Daylight,Municipal (excl. Twp. Rd.),No control,unknown,0,0,0,False,False,False,Clear,,True,Road 1: SOPHIA CRESCENT (IFO 258); Vehicle #1     Make:      Model:      Colour:      Style: ; Vehicle #2     Make: ACUR     Model: TXT     Colour: SIL     Style: 4D,4/9/2021 4:30:07 PM,,
48928,19046908,1551328680000,2019,2,28,4,38,0,Thursday,541747.27956,4811607.55718,-80.483986,43.456219,Non intersection,2,P.D. only,Thru lane,unknown,unknown,Rear end,Unknown,Dark,07 - Dark,Municipal (excl. Twp. Rd.),No control,unknown,0,0,0,False,False,False,Clear,,True,Road 1: QUEEN ST N; Road 2: ST LEGER ST; Distance: 20.0 M S; Vehicle #1     Make: TOYT     Model: CTX     Colour: GRY     Style: 4B; Vehicle #2     Make:      Model:      Colour:      Style:,4/9/2021 4:26:38 PM,,
48929,19046970,1551341100000,2019,2,28,8,5,0,Thursday,542021.21361,4808007.94187,-80.48087699999999,43.423792999999996,Non intersection,2,P.D. only,Thru lane,unknown,unknown,Turning movement,Unknown,Daylight,01 - Daylight,Municipal (excl. Twp. Rd.),No control,unknown,0,0,0,False,False,False,Clear,,True,Road 1: ALPINE ST KITCHENER; Road 2: VICTORIA ST KITCHENER; Vehicle #1     Make: HOND     Model: FKG     Colour: WHI     Style: 4B; Vehicle #2     Make: HYUN     Model: ESM     Colour: WHI     Style: 4D,4/9/2021 4:26:38 PM,,
48930,19047010,1551344400000,2019,2,28,9,0,0,Thursday,541922.87051,4809248.60869,-80.48199699999999,43.434968999999995,At/near private drive,2,P.D. only,Thru lane,unknown,unknown,SMV unattended vehicle,Unknown,Daylight,01 - Daylight,Municipal (excl. Twp. Rd.),No control,unknown,0,0,0,False,False,False,Clear,,True,Road 1: MILL ST (IFO 359); Vehicle #1     Make:      Model:      Colour:      Style: ; Vehicle #2     Make: HYUN     Model: TUC     Colour: BLK     Style: TY,4/9/2021 4:30:07 PM,,
48931,19047515,1551470400000,2019,3,1,20,0,0,Friday,543237.24852,4807280.25742,-80.465913,43.417172,At/near private drive,2,P.D. only,Other,unknown,unknown,SMV unattended vehicle,Unknown,Dark,07 - Dark,Municipal (excl. Twp. Rd.),No control,unknown,0,0,0,False,False,False,Snow,,False,Road 1: 221 BRITTON PLACE (50 km/h); Road 2: BRITTON PL; Distance: 1.0 M S; Vehicle #1     Make: MAZD     Model: M3H     Colour: WHI     Style: 4B; Vehicle #2     Make: HOND     Model: CIL     Colour: BLU     Style: 2D,4/9/2021 4:29:22 PM,,
48932,19047824,1551428700000,2019,3,1,8,25,0,Friday,545178.73823,4806406.35153,-80.442004,43.409188,Non intersection,2,P.D. only,Thru lane,unknown,unknown,Rear end,Unknown,Daylight,01 - Daylight,Municipal (excl. Twp. Rd.),No control,unknown,0,0,0,False,False,False,Clear,,True,Road 1: WABANAKI DR; Road 2: WILSON AVE; Distance: 100.0 M W; Vehicle #1     Make: JEEP     Model: LIB     Colour: SIL     Style: TY; Vehicle #2     Make: HYUN     Model: EGM     Colour: WHI     Style: 4D,4/9/2021 4:27:04 PM,,
48933,19047845,1551428100000,2019,3,1,8,15,0,Friday,543647.37797,4809907.44583,-80.46063699999999,43.440802999999995,Non intersection,2,Non-reportable,Thru lane,unknown,unknown,Rear end,Unknown,Daylight,01 - Daylight,Municipal (excl. Twp. Rd.),No control,unknown,0,0,0,False,False,False,Clear,,True,Road 1: BRENTWOOD ST KITCHENER; Road 2: JACKSON ST KITCHENER; Distance: 50.0 M S; Vehicle #1     Make: NISS     Model: ROG     Colour: SIL     Style: TY; Vehicle #2     Make: MAZD     Model: CX5     Colour: BLU     Style: TY,4/9/2021 4:26:22 PM,,
48934,19047898,1551436200000,2019,3,1,10,30,0,Friday,539003.11014,4811280.93791,-80.517927,43.453426,At intersection,2,P.D. only,Within intersection,unknown,unknown,Sideswipe,Unknown,Daylight,01 - Daylight,Municipal (excl. Twp. Rd.),Stop sign,Functioning,0,0,0,False,False,False,Clear,,False,Road 1: BELMONT AVE W (50 km/h); Road 2: CLAREMONT AVE (50 km/h); Vehicle #1     Make: LEXS     Model: E3H     Colour: GRY     Style: 4D; Vehicle #2     Make: NOVA     Model: LFS     Colour: WHI     Style: BU,4/9/2021 4:28:23 PM,,
48935,19047915,1551438000000,2019,3,1,11,0,0,Friday,541416.90058,4811538.38423,-80.488075,43.455614999999995,Non intersection,2,Non-reportable,Thru lane,unknown,unknown,Turning movement,Unknown,Daylight,01 - Daylight,Municipal (excl. Twp. Rd.),No control,unknown,0,0,0,False,False,False,Clear,,True,Road 1: MARGARET AVE; Road 2: VICTORIA ST N; Vehicle #1     Make:      Model:      Colour:      Style: ; Vehicle #2     Make: GMC     Model: JMY     Colour: BLK     Style: TY,4/9/2021 4:26:24 PM,,
48936,19048005,1551442740000,2019,3,1,12,19,0,Friday,539058.49999,4811155.42571,-80.517252,43.452293,Non intersection,2,P.D. only,Thru lane,unknown,unknown,Sideswipe,Unknown,Daylight,01 - Daylight,Municipal (excl. Twp. Rd.),No control,unknown,0,0,0,False,False,False,Clear,,True,Road 1: BELMONT AVE W; Road 2: GLASGOW ST; Distance: 50.0 M N; Vehicle #1     Make: GMC     Model: W55     Colour: WHI     Style: VN; Vehicle #2     Make: HOND     Model: CCR     Colour: BGE     Style: 4W,4/9/2021 4:27:05 PM,,
48937,19048086,1551444300000,2019,3,1,12,45,0,Friday,549269.69775,4806288.17371,-80.39148999999999,43.407866999999996,Non intersection,2,P.D. only,Thru lane,unknown,unknown,Sideswipe,Unknown,Daylight,01 - Daylight,Municipal (excl. Twp. Rd.),No control,unknown,0,0,0,False,False,False,Clear,,True,Road 1: GATEWAY DR KITCHENER; Road 2: SPORTSWORLD DRIVE KITCHENER; Distance: 150.0 M E; Vehicle #1     Make: MAZD     Model: M3I     Colour: WHI     Style: 4D; Vehicle #2     Make: LEXS     Model: I35     Colour: WHI     Style: 4D,4/9/2021 4:26:21 PM,,
48938,19048180,1551455460000,2019,3,1,15,51,0,Friday,543568.8919,4804977.00268,-80.462,43.396414,At intersection,2,P.D. only,Within intersection,unknown,unknown,Angle,Unknown,Daylight,01 - Daylight,Regional municipality,Traffic signal,Functioning,0,0,0,False,False,False,Clear,,False,Road 1: HURON RD (50 km/h); Road 2: BATTLER RD (50 km/h); Vehicle #1     Make: GMC     Model: SAV     Colour: MLT     Style: FV; Vehicle #2     Make: TOYT     Model: CYR     Colour: RED     Style: 4B,4/9/2021 4:28:25 PM,,
48939,19048292,1551464220000,2019,3,1,18,17,0,Friday,543349.20574,4809760.2334,-80.464333,43.439495,Non intersection,2,P.D. only,Thru lane,unknown,unknown,SMV unattended vehicle,Unknown,Dusk,05 - Dusk,Municipal (excl. Twp. Rd.),No control,unknown,0,0,0,False,False,False,Clear,,True,Road 1: JACKSON AVE; Road 2: KING ST E; Vehicle #1     Make: DODG     Model: CAR     Colour: ONG     Style: VN; Vehicle #2     Make: MERZ     Model: C6G     Colour: WHI     Style: 4D,4/9/2021 4:27:07 PM,,
48940,19048324,1551375000000,2019,2,28,17,30,0,Thursday,544657.41275,4806289.3865,-80.448452,43.408167,Non intersection,2,P.D. only,Thru lane,unknown,unknown,Sideswipe,Unknown,Dusk,05 - Dusk,Municipal (excl. Twp. Rd.),No control,unknown,0,0,0,False,False,False,Clear,,True,Road 1: WABANAKI DR; Road 2: MANITOU DR; Distance: 30.0 M E; Vehicle #1     Make: CHEV     Model: CZS     Colour: GRY     Style: 4D; Vehicle #2     Make: MAZD     Model: MA5     Colour: GRY     Style: 4B,4/9/2021 4:27:06 PM,,
48941,19048329,1551468600000,2019,3,1,19,30,0,Friday,541387.40209,4809636.10007,-80.488584,43.438488,Intersection related,2,P.D. only,Thru lane,unknown,unknown,Angle,Unknown,Dark,07 - Dark,Municipal (excl. Twp. Rd.),Stop sign,unknown,0,0,0,False,False,False,Clear,,True,Road 1: MILL ST; Road 2: WOODLAND AVE; Vehicle #1     Make: HOND     Model: CIVI     Colour: BLK     Style: 2D; Vehicle #2     Make: ACUR     Model: RDX     Colour: GRY     Style: TY,4/9/2021 4:27:18 PM,,
48942,19048426,1551477600000,2019,3,1,22,0,0,Friday,548109.69438,4811385.99311,-80.405367,43.453841999999995,Non intersection,2,Non-reportable,Right shoulder,unknown,unknown,SMV unattended vehicle,Unknown,Dark,07 - Dark,Municipal (excl. Twp. Rd.),No control,unknown,0,0,0,False,False,False,Clear,,True,Road 1: 62 EDEN OAK TRAIL (STREET PARKING); Vehicle #1     Make:      Model:      Colour:      Style: ; Vehicle #2     Make: HOND     Model: CXG     Colour: GRY     Style: 4D,4/9/2021 4:26:23 PM,,
48943,19048614,1551492000000,2019,3,2,2,0,0,Saturday,539374.78132,4806754.21415,-80.51366,43.412648,Intersection related,2,P.D. only,Not on roadway - right side,unknown,unknown,SMV other,Unknown,Dark,07 - Dark,Municipal (excl. Twp. Rd.),Stop sign,unknown,0,0,0,False,False,False,Clear,,False,Road 1: ORCHID CRES (50 km/h); Road 2: GREY FOX DR (50 km/h); Distance:  K; Vehicle #1     Make: INFI     Model: GBS     Colour: BLK     Style: 2D,4/9/2021 4:27:17 PM,,
48944,19048914,1551519900000,2019,3,2,9,45,0,Saturday,544758.85064,4804286.66567,-80.447363,43.390128,Non intersection,2,Non-reportable,Thru lane,unknown,unknown,SMV unattended vehicle,Unknown,Daylight,01 - Daylight,Municipal (excl. Twp. Rd.),No control,unknown,0,0,0,False,False,False,Snow,,True,Road 1: 44 WHEATFIELD CRESCENT; Vehicle #1     Make: RAM     Model: RTR     Colour: GRY     Style: CW; Vehicle #2     Make: VOLK     Model: CTJ     Colour: BLK     Style: 4D,4/9/2021 4:26:24 PM,,