OBJECTID,ACCIDENTNUM,ACCIDENTDATE,ACCIDENT_YEAR,ACCIDENT_MONTH,ACCIDENT_DAY,ACCIDENT_HOUR,ACCIDENT_MINUTE,ACCIDENT_SECOND,ACCIDENT_WEEKDAY,XCOORD,YCOORD,LONGITUDE,LATITUDE,ACCIDENTLOCATION,COLLISIONTYPE,CLASSIFICATIONOFACCIDENT,IMPACTLOCATION,INITIALDIRECTIONOFTRAVELONE,INITIALDIRECTIONOFTRAVELTWO,INITIALIMPACTTYPE,INTTRAFFICCONTROL,LIGHT,LIGHTFORREPORT,ROADJURISDICTION,TRAFFICCONTROL,TRAFFICCONTROLCONDITION,THRULANENO,NORTHBOUNDDISOBEYCOUNT,SOUTHBOUNDDISOBEYCOUNT,PEDESTRIANINVOLVED,CYCLISTINVOLVED,MOTORCYCLISTINVOLVED,ENVIRONMENTCONDITION1,ENVIRONMENTCONDITION2,SELFREPORTED,XMLIMPORTNOTES,LASTEDITEDDATE,CREATE_BY,CREATE_DATE
48945,19049486,1551849600000,2019,3,6,5,20,0,Wednesday,537782.77596,4809942.76492,-80.533103,43.44144,At/near private drive,2,P.D. only,Right shoulder,unknown,unknown,Other,Unknown,"Dark, artificial","08 - Dark, artificial",Municipal (excl. Twp. Rd.),No control,unknown,0,0,0,False,False,False,Clear,,False,Road 1: 8 SHADELAND CRESCENT (50 km/h); Road 2: SHADELAND CRES; Distance: 1.0 M W; Vehicle #1     Make: MERZ     Model: C25     Colour: BLK     Style: 4D; Vehicle #2     Make: FORD     Model: EPR     Colour: BLU     Style: TY,4/9/2021 4:29:06 PM,,
48946,19049546,1551560400000,2019,3,2,21,0,0,Saturday,542963.55719,4806593.4626,-80.469347,43.411003,At/near private drive,2,Non-reportable,Thru lane,unknown,unknown,SMV unattended vehicle,Unknown,Dark,07 - Dark,Municipal (excl. Twp. Rd.),No control,unknown,0,0,0,False,False,False,Clear,,True,Road 1: CENTURY HILL DR (IFO 101); Vehicle #1     Make:      Model:      Colour:      Style: ; Vehicle #2     Make: TOYT     Model: C4E     Colour: WHI     Style: 4D,4/9/2021 4:29:53 PM,,
48947,19049659,1551615720000,2019,3,3,12,22,0,Sunday,541973.30037,4810421.41893,-80.481284,43.445527,Non intersection,2,P.D. only,Right shoulder,unknown,unknown,Other,Unknown,Daylight,01 - Daylight,Municipal (excl. Twp. Rd.),No control,unknown,0,0,0,False,False,False,Clear,,False,Road 1: 19 CAMERON ST S (50 km/h); Road 2: CHARLES ST E; Distance: 15.0 M S; Vehicle #1     Make: DODG     Model: CPO     Colour: BLK     Style: 4D; Vehicle #2     Make: MAZD     Model: 3TR     Colour: WHI     Style: 4B,4/9/2021 4:25:35 PM,,
48948,19049744,1551618900000,2019,3,3,13,15,0,Sunday,543553.8348,4811202.59378,-80.46168899999999,43.45247,At/near private drive,2,P.D. only,Right shoulder,unknown,unknown,SMV unattended vehicle,Unknown,Daylight,01 - Daylight,Municipal (excl. Twp. Rd.),No control,unknown,0,0,0,False,False,False,Clear,,False,Road 1: 101 DONALD ST (50 km/h); Road 2: DONALD ST; Distance: 40.0 M E; Vehicle #1     Make: SUBA     Model: UVT     Colour: RED     Style: 4W; Vehicle #2     Make: NISS     Model: VNS     Colour: BLU     Style: 4B,4/9/2021 4:29:25 PM,,
48949,19050184,1551681540000,2019,3,4,6,39,0,Monday,541787.68501,4803784.04435,-80.484085,43.385774,Intersection related,2,P.D. only,Within intersection,unknown,unknown,Sideswipe,Unknown,Dawn,03 - Dawn,Municipal (excl. Twp. Rd.),Stop sign,Functioning,0,0,0,False,False,False,Clear,,False,Road 1: WOODBINE AVE (50 km/h); Road 2: MAITLAND ST (50 km/h); Vehicle #1     Make: TOYT     Model: UCS     Colour: GRY     Style: 4D; Vehicle #2     Make:      Model: TRAC     Colour:      Style: TRA,4/9/2021 4:27:00 PM,,
48950,19050245,1551690000000,2019,3,4,9,0,0,Monday,543230.60794,4808458.4311,-80.465901,43.42778,Non intersection,2,Non-reportable,Thru lane,unknown,unknown,Rear end,Unknown,Daylight,01 - Daylight,Municipal (excl. Twp. Rd.),No control,unknown,0,0,0,False,False,False,Clear,,True,Road 1: WALTON ST KITCHENER (COURTLAND DR KITCHENER); Vehicle #1     Make: HYUN     Model: SSE     Colour: WHI     Style: 4D; Vehicle #2     Make:      Model:      Colour:      Style:,4/9/2021 4:26:25 PM,,
48951,19050529,1551721560000,2019,3,4,17,46,0,Monday,541698.36184,4806209.41265,-80.48500299999999,43.407616999999995,At/near private drive,2,P.D. only,Thru lane,unknown,unknown,SMV unattended vehicle,Unknown,Dusk,05 - Dusk,Municipal (excl. Twp. Rd.),No control,unknown,0,0,0,False,False,False,Clear,,True,Road 1: ERINBROOK DR (IFO 51); Vehicle #1     Make:      Model:      Colour:      Style: ; Vehicle #2     Make: MITS     Model: LST     Colour: GRY     Style: 4D,4/9/2021 4:30:15 PM,,
48952,19050559,1551711060000,2019,3,4,14,51,0,Monday,541715.12641,4808849.37043,-80.484594,43.431385999999996,At/near private drive,2,Non-reportable,Thru lane,unknown,unknown,SMV unattended vehicle,Unknown,Daylight,01 - Daylight,Municipal (excl. Twp. Rd.),No control,unknown,0,0,0,False,False,False,Clear,,True,Road 1: HOFFMAN ST (IFO 132); Vehicle #1     Make: DODG     Model: CAR     Colour: WHI     Style: VN; Vehicle #2     Make: MAZD     Model: 3GT     Colour: RED     Style: 4D,4/9/2021 4:29:54 PM,,
48953,19050591,1551686400000,2019,3,4,8,0,0,Monday,539549.79509,4811341.85635,-80.511166,43.453945999999995,Non intersection,2,P.D. only,Thru lane,unknown,unknown,Rear end,Unknown,Daylight,01 - Daylight,Municipal (excl. Twp. Rd.),No control,unknown,0,0,0,False,False,False,Clear,,True,Road 1: GLASGOW ST; Road 2: PARK ST; Distance: 75.0 M W; Vehicle #1     Make: TOYT     Model: XLL     Colour: BRN     Style: 4D; Vehicle #2     Make: SUBA     Model: FOR     Colour: BRZ     Style: TY,4/9/2021 4:27:07 PM,,
48954,19050610,1551699000000,2019,3,4,11,30,0,Monday,539776.8467,4809663.54192,-80.508482,43.438823,At/near private drive,2,P.D. only,Off highway,unknown,unknown,SMV unattended vehicle,Unknown,Daylight,01 - Daylight,Regional municipality,No control,unknown,0,0,0,False,False,False,Clear,,True,Road 1: 149 ROXBOROUGH AVE (AT DRIVEWAY); Vehicle #1     Make:      Model:      Colour:      Style: ; Vehicle #2     Make: TOYT     Model: RV4     Colour: RED     Style: TY,4/9/2021 4:30:14 PM,,
48955,19051007,1551713400000,2019,3,4,15,30,0,Monday,547287.49049,4811357.16517,-80.415531,43.453635,Non intersection,2,Non-reportable,Thru lane,unknown,unknown,Other,Unknown,Daylight,01 - Daylight,Municipal (excl. Twp. Rd.),No control,unknown,0,0,0,False,False,False,Clear,,True,Road 1: 302 ZELLER DRIVE KITCHENER; Vehicle #1     Make: CADI     Model: XPX     Colour: WHI     Style: 4D; Vehicle #2     Make:      Model:      Colour:      Style:,4/9/2021 4:26:27 PM,,
48956,19051110,1551778200000,2019,3,5,9,30,0,Tuesday,538283.11905,4810388.33422,-80.526889,43.445426999999995,Intersection related,2,P.D. only,Right shoulder,unknown,unknown,SMV other,Unknown,Daylight,01 - Daylight,Municipal (excl. Twp. Rd.),Stop sign,Functioning,0,0,0,False,False,False,Snow,,False,Road 1: WESTWOOD DR (40 km/h); Road 2: INWOOD DR (50 km/h); Distance: 3.0 M W; Vehicle #1     Make: SUZI     Model: VIT     Colour: BLK     Style: TY,4/9/2021 4:27:18 PM,,
48957,19051332,1553167800000,2019,3,21,11,30,0,Thursday,541419.69313,4810599.37651,-80.48811099999999,43.44716,At/near private drive,2,P.D. only,Thru lane,unknown,unknown,SMV unattended vehicle,Unknown,Daylight,01 - Daylight,Municipal (excl. Twp. Rd.),No control,unknown,0,0,0,False,False,False,Clear,,True,Road 1: CHURCH ST (IFO 53); Vehicle #1     Make:      Model:      Colour:      Style: ; Vehicle #2     Make: NISS     Model: A2B     Colour: BLK     Style: 4D,4/9/2021 4:30:07 PM,,
48958,19051416,1551799800000,2019,3,5,15,30,0,Tuesday,545711.78908,4807701.59803,-80.435312,43.420818999999995,Intersection related,2,P.D. only,Thru lane,unknown,unknown,Rear end,Unknown,Daylight,01 - Daylight,Municipal (excl. Twp. Rd.),Stop sign,unknown,0,0,0,False,False,False,Clear,,True,Road 1: WABANAKI DR KITCHENER ON; Road 2: HIDDEN VALLEY RD KITCHENER ON; Vehicle #1     Make: HOND     Model: UDY     Colour: SIL     Style: VN; Vehicle #2     Make: NISS     Model: MSV     Colour: GLD     Style: 4D,4/9/2021 4:27:46 PM,,
48959,19051614,1551445200000,2019,3,1,13,0,0,Friday,537248.43373,4808055.59612,-80.539835,43.424474,At/near private drive,2,P.D. only,Thru lane,unknown,unknown,SMV unattended vehicle,Unknown,Daylight,01 - Daylight,Municipal (excl. Twp. Rd.),No control,unknown,0,0,0,False,False,False,Clear,,True,Road 1: HIGH ACRES CRESCENT (IFO 108); Vehicle #1     Make: PONT     Model: TOR     Colour: WHI     Style: TY; Vehicle #2     Make: NISS     Model: ATS     Colour: BLK     Style: 4D,4/9/2021 4:30:15 PM,,
48960,19051804,1551858600000,2019,3,6,7,50,0,Wednesday,544806.14814,4805155.87848,-80.446708,43.397952,At intersection,2,P.D. only,Thru lane,unknown,unknown,Angle,Unknown,Daylight,01 - Daylight,unknown,Stop sign,Functioning,0,0,0,False,False,False,Clear,,True,Road 1: DOON VILLAGE RD; Road 2: MILLWOOD CRESCENT; Vehicle #1     Make: DODG     Model: CJO     Colour: SIL     Style: TY; Vehicle #2     Make: VOLK     Model: GLF     Colour: BLK     Style: 2B,4/9/2021 4:28:41 PM,,
48961,19052786,1551954600000,2019,3,7,10,30,0,Thursday,541056.2015,4808831.86393,-80.49273699999999,43.431264999999996,At/near private drive,2,P.D. only,Right shoulder,unknown,unknown,SMV unattended vehicle,Unknown,Daylight,01 - Daylight,Municipal (excl. Twp. Rd.),No control,unknown,0,0,0,False,False,False,Clear,,True,Road 1: HEIMAN ST (IN FRONT OF 234 HEIMAN (ON ROADWAY)); Road 2: HUGO CRES; Distance: 200.0 M W; Vehicle #1     Make:      Model:      Colour:      Style: ; Vehicle #2     Make: MERZ     Model: CSP     Colour: WHI     Style: FV,4/9/2021 4:29:55 PM,,
48962,19052908,1551889800000,2019,3,6,16,30,0,Wednesday,545234.47479,4802585.08958,-80.441631,43.374778,Non intersection,2,Non-reportable,Thru lane,unknown,unknown,SMV unattended vehicle,Unknown,Daylight,01 - Daylight,Municipal (excl. Twp. Rd.),No control,unknown,0,0,0,False,False,False,Clear,,True,Road 1: MOORLANDS CRES; Road 2: S CREEK DRIVE; Distance: 20.0 M W; Vehicle #1     Make: DODG     Model: CVR     Colour: WHI     Style: VN; Vehicle #2     Make:      Model:      Colour:      Style:,4/9/2021 4:25:51 PM,,
48963,19053681,1552030200000,2019,3,8,7,30,0,Friday,536550.34529,4808244.37847,-80.548446,43.426209,At/near private drive,2,P.D. only,Right shoulder,unknown,unknown,SMV unattended vehicle,Unknown,Daylight,01 - Daylight,Municipal (excl. Twp. Rd.),No control,unknown,0,0,0,False,False,False,Clear,,False,Road 1: 330 WESTMEADOW DR (50 km/h); Road 2: WESTMEADOW DR; Distance: 4.0 M E; Vehicle #1     Make:      Model:      Colour:      Style: ; Vehicle #2     Make: HYUN     Model: ESM     Colour: BLK     Style: 4D,4/9/2021 4:29:24 PM,,
48964,19053856,1552060800000,2019,3,8,16,0,0,Friday,545293.08334,4805281.28092,-80.440685,43.399051,Non intersection,2,P.D. only,Thru lane,unknown,unknown,Sideswipe,Unknown,Daylight,01 - Daylight,Municipal (excl. Twp. Rd.),No control,unknown,0,0,0,False,False,False,Clear,,True,Road 1: BRASSEY COURT (IFO 25); Vehicle #1     Make: CADI     Model: ALA     Colour: BLK     Style: 4D; Vehicle #2     Make: KIA     Model: RIL     Colour: BLU     Style: 4B,4/9/2021 4:26:42 PM,,
48965,19053865,1552060800000,2019,3,8,16,0,0,Friday,539832.91083,4808044.94286,-80.507908,43.424246,Non intersection,2,Non-reportable,Thru lane,unknown,unknown,SMV unattended vehicle,Unknown,Daylight,01 - Daylight,Municipal (excl. Twp. Rd.),No control,unknown,0,0,0,False,False,False,Clear,,True,Road 1: 260 STONYBROOK DR; Vehicle #1     Make:      Model:      Colour:      Style: ; Vehicle #2     Make: TOYT     Model: SIE     Colour: BLK     Style: VN,4/9/2021 4:26:11 PM,,
48966,19054047,1551639300000,2019,3,3,18,55,0,Sunday,540500.83309,4805821.74711,-80.499821,43.404191999999995,Non intersection,2,Non-reportable,Thru lane,unknown,unknown,SMV unattended vehicle,Unknown,Dark,07 - Dark,Municipal (excl. Twp. Rd.),No control,unknown,0,0,0,False,False,False,Clear,,True,Road 1: 146 HARDING ST; Vehicle #1     Make:      Model:      Colour:      Style: ; Vehicle #2     Make: TOYT     Model: RG4     Colour: GRY     Style: TY,4/9/2021 4:26:09 PM,,
48967,19054678,1552147200000,2019,3,9,16,0,0,Saturday,541878.7762,4803490.41099,-80.48298299999999,43.383125,Intersection related,2,P.D. only,Thru lane,unknown,unknown,Sideswipe,Unknown,Daylight,01 - Daylight,Municipal (excl. Twp. Rd.),Stop sign,Functioning,0,0,0,False,False,False,Clear,,True,Road 1: HURON RD KITCHENER; Road 2: WOODBINE AVE KITCHENER; Vehicle #1     Make: HYUN     Model: SON     Colour: BLK     Style: 4D; Vehicle #2     Make: GMC     Model: SIE     Colour: WHI     Style: CW,4/9/2021 4:27:22 PM,,
48968,19055269,1552138200000,2019,3,9,13,30,0,Saturday,538040.05355,4807202.52304,-80.530115,43.416754,Non intersection,2,P.D. only,Thru lane,unknown,unknown,SMV unattended vehicle,Unknown,Daylight,01 - Daylight,Municipal (excl. Twp. Rd.),No control,unknown,0,0,0,False,False,False,Clear,,True,Road 1: 11 RED MAPLE PLACE; Vehicle #1     Make:      Model:      Colour:      Style: ; Vehicle #2     Make: CHEV     Model: CZS     Colour: RED     Style: 4D,4/9/2021 4:27:02 PM,,
48969,19055274,1552257000000,2019,3,10,22,30,0,Sunday,542060.77123,4804481.89665,-80.48066,43.392042,At/near private drive,2,Non-reportable,Off highway,unknown,unknown,SMV unattended vehicle,Unknown,"Dark, artificial","08 - Dark, artificial",Private property,No control,unknown,0,0,0,False,False,False,Clear,,True,Road 1: 425 WOODBINE AVE; Vehicle #1     Make:      Model:      Colour:      Style: ; Vehicle #2     Make: HYUN     Model: SGL     Colour: BRN     Style: 4D,4/9/2021 4:29:50 PM,,
48970,19055641,1552251600000,2019,3,10,21,0,0,Sunday,543545.93244,4809138.74124,-80.461952,43.433887999999996,Non intersection,2,P.D. only,Right shoulder,unknown,unknown,SMV unattended vehicle,Unknown,Dark,07 - Dark,Municipal (excl. Twp. Rd.),No control,unknown,0,0,0,False,False,False,Clear,,False,Road 1: 75 CORNELL AVE (50 km/h); Road 2: CORNELL AVE; Distance: 7.0 M S; Vehicle #1     Make: SUBA     Model: FOR     Colour: WHI     Style: TY; Vehicle #2     Make: CHEV     Model: CZZ     Colour: BLK     Style: 4D,4/9/2021 4:25:36 PM,,
48971,19056159,1552307400000,2019,3,11,12,30,0,Monday,543040.06924,4812843.38401,-80.46790899999999,43.467273,Non intersection,2,Non-reportable,Thru lane,unknown,unknown,Rear end,Unknown,Daylight,01 - Daylight,Municipal (excl. Twp. Rd.),No control,unknown,0,0,0,False,False,False,Clear,,True,Road 1: RIVERBEND DR; Road 2: WELLINGTON ST N; Vehicle #1     Make: MERZ     Model: CSP     Colour: WHI     Style: FV; Vehicle #2     Make: MAZD     Model: CX5     Colour: GRY     Style: TY,4/9/2021 4:26:15 PM,,
48972,19056289,1552856400000,2019,3,17,21,0,0,Sunday,540655.29695,4807978.1273,-80.497753,43.4236,At/near private drive,2,P.D. only,Thru lane,unknown,unknown,SMV unattended vehicle,Unknown,Dark,07 - Dark,Municipal (excl. Twp. Rd.),No control,unknown,0,0,0,False,False,False,Clear,,True,Road 1: CHANDLER DR; Road 2: ELMSDALE DR; Distance: 100.0 M S; Vehicle #1     Make:      Model:      Colour:      Style: ; Vehicle #2     Make: FORD     Model: SPE     Colour: BLK     Style: TY,4/9/2021 4:29:54 PM,,
48973,19056993,1553235000000,2019,3,22,6,10,0,Friday,545342.33641,4802519.43275,-80.440305,43.374181,Non intersection,2,Non-reportable,Thru lane,unknown,unknown,SMV unattended vehicle,Unknown,Dark,07 - Dark,Municipal (excl. Twp. Rd.),No control,unknown,0,0,0,False,False,False,Clear,,True,Road 1: 16 MEDOWRIDGE ST KITCHENER; Vehicle #1     Make:      Model:      Colour:      Style: ; Vehicle #2     Make: TOYT     Model: UCS     Colour: GRY     Style: 4D,4/9/2021 4:25:44 PM,,
48974,19057178,1552412400000,2019,3,12,17,40,0,Tuesday,545300.26799,4811279.89857,-80.44009799999999,43.453061999999996,At/near private drive,2,Non-reportable,Thru lane,unknown,unknown,SMV unattended vehicle,Unknown,Daylight,01 - Daylight,Municipal (excl. Twp. Rd.),No control,unknown,0,0,0,False,False,False,Clear,,True,Road 1: BISHOP COURT (IFO 12); Vehicle #1     Make:      Model:      Colour:      Style: ; Vehicle #2     Make: HOND     Model: UCS     Colour: GRY     Style: 2D,4/9/2021 4:29:39 PM,,
48975,19057726,1552080600000,2019,3,8,21,30,0,Friday,543982.8614,4803441.65508,-80.45701199999999,43.382565,At/near private drive,2,P.D. only,Thru lane,unknown,unknown,SMV unattended vehicle,Unknown,Dark,07 - Dark,Municipal (excl. Twp. Rd.),No control,unknown,0,0,0,False,False,False,Clear,,True,Road 1: HEARTHBRIDGE ST (IFO 23); Vehicle #1     Make:      Model:      Colour:      Style: ; Vehicle #2     Make: FORD     Model: COF     Colour: GRY     Style: PK,4/9/2021 4:29:37 PM,,
48976,19057956,1548709200000,2019,1,28,21,0,0,Monday,544250.73543,4809096.51008,-80.45324699999999,43.433465999999996,Non intersection,2,Non-reportable,Thru lane,unknown,unknown,SMV unattended vehicle,Unknown,Dark,07 - Dark,Municipal (excl. Twp. Rd.),No control,unknown,0,0,0,False,False,False,Clear,,True,Road 1: 47 4TH AVE; Vehicle #1     Make:      Model:      Colour:      Style: ; Vehicle #2     Make: TOYT     Model: YAR     Colour: GRY     Style: 4D,4/9/2021 4:26:03 PM,,
48977,19058605,1552316400000,2019,3,11,15,0,0,Monday,540150.30471,4808613.2572,-80.503945,43.429345999999995,At/near private drive,2,P.D. only,Off highway,unknown,unknown,SMV unattended vehicle,Unknown,Daylight,01 - Daylight,Private property,No control,unknown,0,0,0,False,False,False,Clear,,True,Road 1: 96 SHADYWOOD CRESCENT; Vehicle #1     Make:      Model:      Colour:      Style: ; Vehicle #2     Make: TOYT     Model: RV4     Colour: GRY     Style: TY,4/9/2021 4:29:22 PM,,
48978,19059281,1552569300000,2019,3,14,13,15,0,Thursday,544860.2801,4806308.59713,-80.445945,43.408327,Non intersection,2,Non-reportable,Thru lane,unknown,unknown,Turning movement,Unknown,Daylight,01 - Daylight,Municipal (excl. Twp. Rd.),No control,unknown,0,0,0,False,False,False,Clear,,True,Road 1: WABANAKI DR (IFO 610); Vehicle #1     Make: NISS     Model: VSL     Colour: RED     Style: 4B; Vehicle #2     Make: ACUR     Model: CSX     Colour: GRY     Style: 4D,4/9/2021 4:26:23 PM,,
48979,19059312,1552555800000,2019,3,14,9,30,0,Thursday,537045.26012,4807738.6085,-80.542366,43.42163,At/near private drive,2,Non-reportable,Thru lane,unknown,unknown,SMV unattended vehicle,Unknown,Daylight,01 - Daylight,Municipal (excl. Twp. Rd.),No control,unknown,0,0,0,False,False,False,Clear,,True,Road 1: WESTVIEW COURT (IFO 210); Vehicle #1     Make: DODG     Model: CAR     Colour: GRY     Style: VN; Vehicle #2     Make: CHEV     Model: EXP     Colour: WHI     Style: VN,4/9/2021 4:29:53 PM,,
48980,19059883,1552688640000,2019,3,15,22,24,0,Friday,542760.71852,4811005.06251,-80.471507,43.450737,At intersection,2,P.D. only,Thru lane,unknown,unknown,Rear end,Unknown,Dark,07 - Dark,Municipal (excl. Twp. Rd.),Traffic signal,Functioning,1,0,0,False,False,False,Snow,,False,Road 1: EAST AVE (50 km/h); Road 2: CAMERON ST N (50 km/h); Vehicle #1     Make: OLDS     Model: AG     Colour: WHI     Style: 4D; Vehicle #2     Make: TOYT     Model: CTX     Colour: GRY     Style: 4B; Vehicle #3     Make: JEEP     Model: CHK     Colour:,4/9/2021 4:28:03 PM,,
48981,19060019,1555983000000,2019,4,23,1,30,0,Tuesday,544046.58334,4808883.97074,-80.455786,43.431563999999995,Intersection related,2,P.D. only,Off highway,unknown,unknown,SMV other,Unknown,Dark,07 - Dark,Municipal (excl. Twp. Rd.),Stop sign,Functioning,0,0,0,False,False,False,Snow,,False,Road 1: 207 CONNAUGHT ST (50 km/h); Road 2: CONNAUGHT ST (50 km/h); Distance:  K; Vehicle #1     Make: HOND     Model: PILO     Colour:      Style:,4/9/2021 4:27:15 PM,,
48982,19060349,1552738080000,2019,3,16,12,8,0,Saturday,541651.41262,4809314.49374,-80.48534599999999,43.435578,At intersection,2,P.D. only,Within intersection,unknown,unknown,Angle,Unknown,Daylight,01 - Daylight,Regional municipality,Stop sign,Functioning,0,1,0,False,False,False,Clear,,False,Road 1: MILL ST (50 km/h); Road 2: HEIMAN ST (50 km/h); Vehicle #1     Make: BMW     Model: 43X     Colour: BLK     Style: 2D; Vehicle #2     Make: VOLK     Model: ATL     Colour: SIL     Style: TY,4/9/2021 4:28:21 PM,,
48983,19060431,1552745220000,2019,3,16,14,7,0,Saturday,544761.57867,4811448.00799,-80.446742,43.454609,At intersection,2,P.D. only,Thru lane,unknown,unknown,Rear end,Unknown,Daylight,01 - Daylight,Municipal (excl. Twp. Rd.),Traffic signal,Functioning,1,0,0,False,False,False,Clear,,False,Road 1: RIVER RD E (60 km/h); Road 2: HICKSON DR (40 km/h); Vehicle #1     Make: HOND     Model: UCL     Colour: BLU     Style: 4D; Vehicle #2     Make: TOYT     Model: UCS     Colour: GRY     Style: 4D; Vehicle #3     Make: GMC     Model: DEN     Colour:,4/9/2021 4:28:13 PM,,
48984,19062187,1552847280000,2019,3,17,18,28,0,Sunday,540016.33247,4811011.45105,-80.50542399999999,43.450945999999995,At/near private drive,2,P.D. only,Thru lane,unknown,unknown,Angle,Unknown,Dark,07 - Dark,Municipal (excl. Twp. Rd.),No control,unknown,1,0,0,False,False,False,Clear,,False,Road 1: STEWART ST (50 km/h); Road 2: PARK ST; Distance: 50.0 M W; Vehicle #1     Make: NISS     Model: PFI     Colour: BLK     Style: TY; Vehicle #2     Make: TOYT     Model: RV4     Colour: WHI     Style: TY,4/9/2021 4:29:04 PM,,
48985,19062391,1552860780000,2019,3,17,22,13,0,Sunday,542581.96547,4810126.06578,-80.47378499999999,43.442833,Intersection related,2,P.D. only,Within intersection,unknown,unknown,Angle,Unknown,Dark,07 - Dark,Regional municipality,Traffic signal,Functioning,0,0,0,False,True,False,Clear,,False,Road 1: BORDEN AVE N (50 km/h); Road 2: KING ST E (50 km/h); Distance:  K; Vehicle #1     Make: PETE     Model:      Colour:      Style: BIC; Vehicle #2     Make: DODG     Model: DAS     Colour: BLK     Style: 4D,4/9/2021 4:26:57 PM,,
48986,19063034,1552922100000,2019,3,18,15,15,0,Monday,541687.52853,4811102.49656,-80.484763,43.451674999999994,Non intersection,2,Non-reportable,Thru lane,unknown,unknown,Other,Unknown,Daylight,01 - Daylight,Municipal (excl. Twp. Rd.),No control,unknown,0,0,0,False,False,False,Clear,,True,Road 1: SPETZ ST; Road 2: FREDERICK ST; Distance: 40.0 M S; Vehicle #1     Make: HYUN     Model: ESS     Colour: BLU     Style: 4D; Vehicle #2     Make: SUBA     Model: ITS     Colour: GRN     Style: 4W,4/9/2021 4:26:25 PM,,
48987,19063614,1552989600000,2019,3,19,10,0,0,Tuesday,541603.92062,4810793.49569,-80.48581999999999,43.448896999999995,Non intersection,2,P.D. only,Thru lane,unknown,unknown,SMV unattended vehicle,Unknown,Daylight,01 - Daylight,Municipal (excl. Twp. Rd.),No control,unknown,0,0,0,False,False,False,Clear,,True,Road 1: SCOTT ST; Road 2: MARKET LN; Distance: 30.0 M S; Vehicle #1     Make: DODG     Model: RPC     Colour: WHI     Style: PK; Vehicle #2     Make: HOND     Model: UCD     Colour: BGE     Style: 4D,4/9/2021 4:26:08 PM,,
48988,19063698,1552991400000,2019,3,19,10,30,0,Tuesday,541637.85754,4810719.34575,-80.485406,43.448228,Non intersection,2,P.D. only,Thru lane,unknown,unknown,Rear end,Unknown,Daylight,01 - Daylight,Municipal (excl. Twp. Rd.),No control,unknown,0,0,0,False,False,False,Clear,,True,Road 1: 235 KING ST EAST KITCHENER; Vehicle #1     Make: TOYT     Model: CBS     Colour: GRY     Style: 4D; Vehicle #2     Make: HOND     Model: UCL     Colour: WHI     Style: 2D,4/27/2022 10:40:08 AM,,
48989,19063857,1553009040000,2019,3,19,15,24,0,Tuesday,546468.16831,4808919.2824,-80.425865,43.431736,Non intersection,2,P.D. only,Not on roadway - right side,unknown,unknown,SMV other,Unknown,Daylight,01 - Daylight,Regional municipality,No control,unknown,0,0,0,False,False,False,Clear,,False,Road 1: RIVER RD E (50 km/h); Road 2: SCENIC DR; Distance: 100.0 M S; Vehicle #1     Make: HYUN     Model: CSN     Colour: WHI     Style: 4D,3/26/2021 11:53:25 AM,,
48990,19064694,1553093400000,2019,3,20,14,50,0,Wednesday,544861.42613,4804898.5102,-80.446046,43.395630999999995,Non intersection,2,Non-reportable,Thru lane,unknown,unknown,Rear end,Unknown,Daylight,01 - Daylight,Regional municipality,No control,unknown,0,0,0,False,False,False,Clear,,True,Road 1: DOON VILLAGE RD; Road 2: PIONEER DR; Distance:  K N; Vehicle #1     Make: KIA     Model: FLX     Colour: WHI     Style: 4D; Vehicle #2     Make: CHEV     Model: RAX     Colour: BLK     Style: TY,4/9/2021 4:25:40 PM,,
48991,19064729,1553080200000,2019,3,20,11,10,0,Wednesday,539828.43774,4809154.93925,-80.507882,43.434239999999996,At/near private drive,2,P.D. only,Thru lane,unknown,unknown,Angle,Unknown,Daylight,01 - Daylight,Municipal (excl. Twp. Rd.),No control,unknown,0,0,0,False,False,False,Clear,,True,Road 1: QUEEN'S BLVD; Road 2: WESTMOUNT RD; Distance: 200.0 M E; Vehicle #1     Make: KIA     Model: SPO     Colour: BLU     Style: TY; Vehicle #2     Make: HOND     Model: UDY     Colour: BLU     Style: VN,4/9/2021 4:29:26 PM,,
48992,19064915,1553111760000,2019,3,20,19,56,0,Wednesday,542241.29407,4809511.59822,-80.478042,43.43732,Non intersection,2,P.D. only,Thru lane,unknown,unknown,Rear end,Unknown,Dark,07 - Dark,Regional municipality,No control,unknown,1,0,0,False,False,False,Rain,,False,Road 1: GRENVILLE AVE (50 km/h); Road 2: COURTLAND AVE E; Distance: 15.0 M W; Vehicle #1     Make: MAZD     Model: 3SP     Colour: GRY     Style: 4D; Vehicle #2     Make: TESL     Model: 3     Colour: GRY     Style: 4D,4/9/2021 4:25:35 PM,,
48993,19064973,1553116500000,2019,3,20,21,15,0,Wednesday,543074.85343,4812800.02532,-80.467483,43.466881,At intersection,2,P.D. only,Within intersection,unknown,unknown,Turning movement,Unknown,"Dark, artificial","08 - Dark, artificial",Municipal (excl. Twp. Rd.),unknown,Functioning,0,0,0,False,False,False,Rain,,False,Road 1: WELLINGTON ST N (50 km/h); Road 2: RIVERBEND DR (50 km/h); Vehicle #1     Make: DODG     Model: CXA     Colour: GRY     Style: 4D; Vehicle #2     Make: HOND     Model: UDY     Colour: SIL     Style: VN,4/9/2021 4:28:03 PM,,