OBJECTID,ACCIDENTNUM,ACCIDENTDATE,ACCIDENT_YEAR,ACCIDENT_MONTH,ACCIDENT_DAY,ACCIDENT_HOUR,ACCIDENT_MINUTE,ACCIDENT_SECOND,ACCIDENT_WEEKDAY,XCOORD,YCOORD,LONGITUDE,LATITUDE,ACCIDENTLOCATION,COLLISIONTYPE,CLASSIFICATIONOFACCIDENT,IMPACTLOCATION,INITIALDIRECTIONOFTRAVELONE,INITIALDIRECTIONOFTRAVELTWO,INITIALIMPACTTYPE,INTTRAFFICCONTROL,LIGHT,LIGHTFORREPORT,ROADJURISDICTION,TRAFFICCONTROL,TRAFFICCONTROLCONDITION,THRULANENO,NORTHBOUNDDISOBEYCOUNT,SOUTHBOUNDDISOBEYCOUNT,PEDESTRIANINVOLVED,CYCLISTINVOLVED,MOTORCYCLISTINVOLVED,ENVIRONMENTCONDITION1,ENVIRONMENTCONDITION2,SELFREPORTED,XMLIMPORTNOTES,LASTEDITEDDATE,CREATE_BY,CREATE_DATE
48994,19065393,1553170500000,2019,3,21,12,15,0,Thursday,540938.59439,4811216.85107,-80.494011,43.452746,At intersection,1,Non-fatal injury,Within intersection,unknown,unknown,SMV other,Unknown,Daylight,01 - Daylight,Regional municipality,Traffic signal,Functioning,0,0,0,True,False,False,Clear,,False,Road 1: WATER ST N (50 km/h); Road 2: DUKE ST W (50 km/h); Distance:  K; Vehicle #1     Make: KIA     Model: FEX     Colour: SIL     Style: 4D,4/9/2021 4:28:01 PM,,
48995,19065581,1553186040000,2019,3,21,16,34,0,Thursday,539079.70231,4811110.25843,-80.516993,43.451885999999995,At intersection,2,P.D. only,Within intersection,unknown,unknown,Angle,Unknown,Daylight,01 - Daylight,Regional municipality,Traffic signal,Functioning,0,0,1,False,False,False,Clear,,False,Road 1: GLASGOW ST (40 km/h); Road 2: BELMONT AVE W (50 km/h); Distance: 0.0 K; Vehicle #1     Make: NISS     Model: ROG     Colour: BLK     Style: TY; Vehicle #2     Make: HOND     Model: CCL     Colour: BLK     Style: 4D,4/9/2021 4:28:19 PM,,
48996,19066386,1553256900000,2019,3,22,12,15,0,Friday,538413.95171,4810448.21537,-80.525268,43.445958999999995,Non intersection,2,Non-reportable,Other,unknown,unknown,SMV unattended vehicle,Unknown,Daylight,01 - Daylight,Private property,No control,unknown,0,0,0,False,False,False,Clear,,True,Road 1: 57 WESTWOOD DR WESTMOUNT; Vehicle #1     Make: KIA     Model: RBL     Colour: BLK     Style: 4D; Vehicle #2     Make: MAZD     Model: MCX     Colour: BLK     Style: TY,4/9/2021 4:25:37 PM,,
48997,19066569,1553279400000,2019,3,22,18,30,0,Friday,545034.35112,4802589.46585,-80.444101,43.374829999999996,At/near private drive,2,P.D. only,Thru lane,unknown,unknown,SMV unattended vehicle,Unknown,Dark,07 - Dark,Municipal (excl. Twp. Rd.),No control,unknown,0,0,0,False,False,False,Clear,,True,Road 1: 274 MOORLANDS CRESCENT; Vehicle #1     Make: KIA     Model: RIE     Colour: WHI     Style: 4B; Vehicle #2     Make: HYUN     Model: EGM     Colour: BLK     Style: 4D,4/9/2021 4:29:30 PM,,
48998,19067175,1553349600000,2019,3,23,14,0,0,Saturday,545998.77918,4805181.72557,-80.431979,43.398112,At/near private drive,2,P.D. only,Thru lane,unknown,unknown,Sideswipe,Unknown,Daylight,01 - Daylight,Municipal (excl. Twp. Rd.),No control,unknown,0,0,0,False,False,False,Clear,,True,Road 1: 35 GREEN VALLEY DR; Vehicle #1     Make: HYUN     Model: ASE     Colour: GRY     Style: 2B; Vehicle #2     Make: BMW     Model: 28X     Colour: SIL     Style: 4D,4/9/2021 4:29:33 PM,,
48999,19067252,1553348400000,2019,3,23,13,40,0,Saturday,538797.66114,4808844.05507,-80.52064,43.431495,At/near private drive,2,Non-reportable,Thru lane,unknown,unknown,SMV unattended vehicle,Unknown,Daylight,01 - Daylight,Municipal (excl. Twp. Rd.),No control,unknown,0,0,0,False,False,False,Clear,,True,Road 1: 55 EAGEN DR; Vehicle #1     Make: DODG     Model: CAR     Colour: BGE     Style: VN; Vehicle #2     Make:      Model:      Colour:      Style:,4/9/2021 4:29:33 PM,,
49000,19067278,1553356800000,2019,3,23,16,0,0,Saturday,543569.65894,4804977.84504,-80.46199,43.396421,Intersection related,2,P.D. only,Thru lane,unknown,unknown,Sideswipe,Unknown,Daylight,01 - Daylight,Municipal (excl. Twp. Rd.),Traffic signal,Functioning,0,0,0,False,False,False,Clear,,True,Road 1: HURON RD; Road 2: BATTLER RD; Vehicle #1     Make: HYUN     Model: ESM     Colour: WHI     Style: 4D; Vehicle #2     Make: BUIC     Model: ENR     Colour: BLK     Style: TY,4/9/2021 4:27:22 PM,,
49001,19067395,1553369400000,2019,3,23,19,30,0,Saturday,548539.54431,4806589.45708,-80.40048,43.410627,Non intersection,2,P.D. only,Thru lane,unknown,unknown,Sideswipe,Unknown,Dark,07 - Dark,Municipal (excl. Twp. Rd.),No control,unknown,0,0,0,False,False,False,Clear,,True,Road 1: DEER RIDGE DR; Road 2: KING ST E; Vehicle #1     Make: HOND     Model: UCL     Colour: WHI     Style: 2D; Vehicle #2     Make: MERZ     Model: M35     Colour: SIL     Style: TY,4/9/2021 4:25:52 PM,,
49002,19067861,1553335200000,2019,3,23,10,0,0,Saturday,540888.93315,4808512.83478,-80.494827,43.428402,At/near private drive,2,P.D. only,Thru lane,unknown,unknown,SMV unattended vehicle,Unknown,Daylight,01 - Daylight,Municipal (excl. Twp. Rd.),No control,unknown,0,0,0,False,False,False,Clear,,True,Road 1: SOUTHMOOR DR (IN FRONT OF 23 SOUTHMOOR DR); Road 2: YAGER AVE; Distance:  N; Vehicle #1     Make: FORD     Model: FSE     Colour: BLK     Style: 4B; Vehicle #2     Make: HYUN     Model: SAN     Colour: BLK     Style: TY,4/9/2021 4:29:30 PM,,
49003,19068501,1553507100000,2019,3,25,9,45,0,Monday,541296.80118,4811068.46911,-80.489595,43.451389999999996,Intersection related,2,P.D. only,Thru lane,unknown,unknown,Rear end,Unknown,Daylight,01 - Daylight,Municipal (excl. Twp. Rd.),Traffic signal,Functioning,0,0,0,False,False,False,Clear,,True,Road 1: DUKE ST W; Road 2: ONTARIO ST N; Vehicle #1     Make: VOLK     Model: JBS     Colour: WHI     Style: 4D; Vehicle #2     Make: TOYT     Model: UCS     Colour: RED     Style: 4D,4/9/2021 4:27:35 PM,,
49004,19068778,1553527800000,2019,3,25,15,30,0,Monday,541073.08156,4811028.79887,-80.492363,43.451045,Non intersection,2,P.D. only,Thru lane,unknown,unknown,Rear end,Unknown,Daylight,01 - Daylight,Municipal (excl. Twp. Rd.),No control,unknown,0,0,0,False,False,False,Clear,,True,Road 1: KING ST W; Road 2: YOUNG ST; Distance:  K W; Vehicle #1     Make:      Model:      Colour:      Style: ; Vehicle #2     Make: CHEV     Model: EXP     Colour: WHI     Style: FV,4/9/2021 4:26:10 PM,,
49005,19068906,1553536500000,2019,3,25,17,55,0,Monday,540642.67972,4811703.75146,-80.497632,43.457145999999995,At intersection,2,P.D. only,Within intersection,unknown,unknown,Angle,Unknown,Daylight,01 - Daylight,Municipal (excl. Twp. Rd.),Stop sign,Functioning,0,0,0,False,False,False,Clear,,False,Road 1: DUKE ST W (50 km/h); Road 2: LOUISA ST (50 km/h); Vehicle #1     Make: FORD     Model: FSE     Colour: WHI     Style: 4D; Vehicle #2     Make: TOYT     Model: YAR     Colour: BLU     Style: 2B,4/9/2021 4:28:09 PM,,
49006,19068981,1553544000000,2019,3,25,20,0,0,Monday,545136.77807,4804513.7551,-80.442678,43.39215,At/near private drive,2,P.D. only,Thru lane,unknown,unknown,SMV unattended vehicle,Unknown,Dark,07 - Dark,Municipal (excl. Twp. Rd.),No control,unknown,0,0,0,False,False,False,Clear,,True,Road 1: HARVEST COURT (PULLING OUT OF DRIVEWAY); Vehicle #1     Make: CHEV     Model: BLT     Colour: RED     Style: 4D; Vehicle #2     Make: VOLK     Model: RAB     Colour: BLK     Style: 4B,4/9/2021 4:29:51 PM,,
49007,19068991,1553520000000,2019,3,25,13,20,0,Monday,540920.66808,4810497.31982,-80.494286,43.446267999999996,Non intersection,2,Non-reportable,Thru lane,unknown,unknown,SMV unattended vehicle,Unknown,Daylight,01 - Daylight,Municipal (excl. Twp. Rd.),No control,unknown,0,0,0,False,False,False,Clear,,True,Road 1: HILDA PL; Road 2: DAVID ST; Distance:  K E; Vehicle #1     Make: DODG     Model: DAK     Colour: GRY     Style: PK; Vehicle #2     Make:      Model:      Colour:      Style:,4/9/2021 4:26:09 PM,,
49008,19069190,1553605200000,2019,3,26,13,0,0,Tuesday,549172.9448,4806309.88043,-80.39268299999999,43.408069,Non intersection,2,P.D. only,Thru lane,unknown,unknown,Sideswipe,Unknown,Daylight,01 - Daylight,Municipal (excl. Twp. Rd.),No control,unknown,0,0,0,False,False,False,Clear,,True,Road 1: GATEWAY DRIVE KITCHENER; Road 2: SPORTSWORLD DRIVE KITCHENER; Vehicle #1     Make: FORD     Model: FE     Colour: GRY     Style: 4D; Vehicle #2     Make: CHEV     Model: VKG     Colour: GRY     Style: PK,4/9/2021 4:26:21 PM,,
49009,19069237,1553587740000,2019,3,26,8,9,0,Tuesday,548583.46281,4806119.93632,-80.39998,43.406397,Non intersection,2,P.D. only,Thru lane,unknown,unknown,Rear end,Unknown,Daylight,01 - Daylight,Municipal (excl. Twp. Rd.),No control,unknown,1,0,0,False,False,False,Clear,,False,Road 1: 98 PIONEER TOWER RD (50 km/h); Road 2: PIONEER TOWER RD; Distance: 2.0 M N; Vehicle #1     Make: KIA     Model: FLX     Colour: SIL     Style: 4D; Vehicle #2     Make: ACUR     Model: RDX     Colour: WHI     Style: TY,4/9/2021 4:25:26 PM,,
49010,19069545,1553014800000,2019,3,19,17,0,0,Tuesday,547623.9633,4803949.84887,-80.412018,43.386919,Intersection related,2,P.D. only,Right turn channel,unknown,unknown,Rear end,Unknown,Daylight,01 - Daylight,Regional municipality,Traffic signal,Functioning,0,0,0,False,False,False,Clear,,True,Road 1: CONESTOGA COLLEGE BLVD; Road 2: HOMER WATSON BLVD; Distance: 0.0 M W; Vehicle #1     Make: KIA     Model: OLX     Colour: SIL     Style: 4D; Vehicle #2     Make: MAZD     Model: 3TR     Colour: GRY     Style: 4D,4/9/2021 4:27:28 PM,,
49011,19069854,1553634120000,2019,3,26,21,2,0,Tuesday,542313.84533,4810287.45096,-80.477086,43.444300999999996,Intersection related,2,P.D. only,Within intersection,unknown,unknown,Angle,Unknown,"Dark, artificial","08 - Dark, artificial",Regional municipality,Traffic signal,Functioning,0,1,0,False,False,False,Clear,,False,Road 1: KING ST E (50 km/h); Road 2: STIRLING AVE N (50 km/h); Vehicle #1     Make: KIA     Model: OLX     Colour: SIL     Style: 4D; Vehicle #2     Make: TOYT     Model: CBS     Colour: BLU     Style: 4D,4/9/2021 4:26:59 PM,,
49012,19070225,1553682600000,2019,3,27,10,30,0,Wednesday,541874.86617,4810744.0254,-80.482475,43.448437,At intersection,2,P.D. only,Within intersection,unknown,unknown,Angle,Unknown,Daylight,01 - Daylight,Municipal (excl. Twp. Rd.),unknown,Functioning,0,0,0,False,False,False,Clear,,True,Road 1: CEDAR ST N; Road 2: DUKE ST E; Vehicle #1     Make: KIA     Model: RIL     Colour: SIL     Style: 4B; Vehicle #2     Make: NISS     Model: ASL     Colour: BRN     Style: 4D,4/9/2021 4:28:37 PM,,
49013,19070377,1553695440000,2019,3,27,14,4,0,Wednesday,541797.87785,4810621.53602,-80.483436,43.447337999999995,At intersection,1,Non-fatal injury,Within intersection,unknown,unknown,Angle,Unknown,Daylight,01 - Daylight,Regional municipality,Traffic signal,Functioning,0,1,0,False,False,False,Clear,,False,Road 1: KING ST E (50 km/h); Road 2: CEDAR ST N (50 km/h); Distance:  K; Vehicle #1     Make: RAM     Model: RTR     Colour: WHI     Style: PK; Vehicle #2     Make: HOND     Model: UDY     Colour: BLU     Style: TY,4/9/2021 4:28:25 PM,,
49014,19071177,1552555200000,2019,3,14,9,20,0,Thursday,544865.56699,4809190.82246,-80.44564299999999,43.434279,Non intersection,2,Non-reportable,Off highway,unknown,unknown,SMV unattended vehicle,Unknown,Daylight,01 - Daylight,Municipal (excl. Twp. Rd.),No control,unknown,0,0,0,False,False,False,Clear,,True,Road 1: ARLINGTON BLVD (IFO 50); Vehicle #1     Make:      Model:      Colour:      Style: ; Vehicle #2     Make: CHEV     Model: CZS     Colour: BLK     Style: 4D,3/26/2021 11:53:23 AM,,
49015,19071196,1553700600000,2019,3,27,15,30,0,Wednesday,539279.72532,4802875.41083,-80.515113,43.377728,Non intersection,2,Non-reportable,Thru lane,unknown,unknown,Rear end,Unknown,Daylight,01 - Daylight,Municipal (excl. Twp. Rd.),No control,unknown,0,0,0,False,False,False,Clear,,True,Road 1: HURON RD; Road 2: TRUSSLER RD; Distance: 30.0 M E; Vehicle #1     Make: FORD     Model: TST     Colour: WHI     Style: FV; Vehicle #2     Make:      Model:      Colour:      Style:,4/9/2021 4:26:06 PM,,
49016,19071240,1553781960000,2019,3,28,14,6,0,Thursday,541922.3574,4810539.67725,-80.481904,43.446594,At/near private drive,2,P.D. only,Not on roadway - right side,unknown,unknown,Angle,Unknown,Daylight,01 - Daylight,Regional municipality,No control,unknown,0,0,0,False,True,False,Clear,,False,Road 1: waterloo regional road 15 (IFO 450) (50 km/h); Road 2: MADISON AVE NORTH; Distance: 3.0 M E; Vehicle #1     Make: BICY     Model:      Colour:      Style: ; Vehicle #2     Make:      Model:      Colour:      Style: BK,4/27/2022 10:42:27 AM,,
49017,19072022,1553857200000,2019,3,29,11,0,0,Friday,539946.70608,4811684.79947,-80.50623499999999,43.457012999999996,Non intersection,2,P.D. only,Thru lane,unknown,unknown,SMV unattended vehicle,Unknown,Daylight,01 - Daylight,Municipal (excl. Twp. Rd.),No control,unknown,0,0,0,False,False,False,Clear,,True,Road 1: 53 BRAUN ST; Vehicle #1     Make: BUIC     Model: AXL     Colour: GRY     Style: 4D; Vehicle #2     Make: NISS     Model: USE     Colour: BLU     Style: 4D,4/9/2021 4:26:01 PM,,
49018,19072274,1553535000000,2019,3,25,17,30,0,Monday,540140.41708,4808330.05702,-80.504088,43.426795999999996,At/near private drive,2,Non-reportable,Thru lane,unknown,unknown,SMV unattended vehicle,Unknown,Daylight,01 - Daylight,Municipal (excl. Twp. Rd.),No control,unknown,0,0,0,False,False,False,Clear,,True,Road 1: 114 VILLAGE RD; Vehicle #1     Make:      Model:      Colour:      Style: ; Vehicle #2     Make: FORD     Model: MUS     Colour: GRY     Style: CV,4/9/2021 4:29:12 PM,,
49019,19072314,1553881500000,2019,3,29,17,45,0,Friday,545547.96757,4804672.68561,-80.43758799999999,43.393556,Intersection related,2,P.D. only,Thru lane,unknown,unknown,Rear end,Stop sign,Daylight,01 - Daylight,unknown,Stop sign,Functioning,0,0,0,False,False,False,Clear,,True,Road 1: PIONEER DR; Road 2: BECHTEL DR; Vehicle #1     Make: TOYT     Model: MTL     Colour: WHI     Style: 4D; Vehicle #2     Make: TOYT     Model: RV4     Colour: GRY     Style: TY,4/9/2021 4:27:09 PM,,
49020,19072862,1553948760000,2019,3,30,12,26,0,Saturday,544925.86001,4811105.67736,-80.44474,43.451516,At/near private drive,1,Non-fatal injury,Thru lane,unknown,unknown,Angle,Unknown,Daylight,01 - Daylight,Municipal (excl. Twp. Rd.),No control,unknown,1,0,0,False,False,False,Rain,,False,Road 1: 1020 RIVER RD E (50 km/h); Road 2: OTTAWA ST N; Distance: 3.0 K W; Vehicle #1     Make: TOYT     Model: MTL     Colour: GRY     Style: 4D; Vehicle #2     Make: TOYT     Model: HIG     Colour: GRY     Style: TY,4/9/2021 4:29:15 PM,,
49021,19072924,1553943600000,2019,3,30,11,0,0,Saturday,539772.87769,4805748.71592,-80.508816,43.403573,Non intersection,2,Non-reportable,Thru lane,unknown,unknown,SMV unattended vehicle,Unknown,Daylight,01 - Daylight,Municipal (excl. Twp. Rd.),No control,unknown,0,0,0,False,False,False,Rain,,True,Road 1: MAX BECKER DR; Road 2: ACTIVA AVE; Vehicle #1     Make:      Model:      Colour:      Style: ; Vehicle #2     Make: MAZD     Model: M3I     Colour: RED     Style: 4B,4/9/2021 4:26:01 PM,,
49022,19072945,1553952840000,2019,3,30,13,34,0,Saturday,541402.22077,4809503.9226,-80.488411,43.437297,Non intersection,2,P.D. only,Thru lane,unknown,unknown,Rear end,Unknown,Daylight,01 - Daylight,Regional municipality,No control,unknown,0,0,0,False,False,False,Rain,,True,Road 1: STIRLING (COURTLAND); Vehicle #1     Make: NISS     Model: ROG     Colour: WHI     Style: TY; Vehicle #2     Make: TOYT     Model: HIG     Colour: BRN     Style: TY,4/9/2021 4:26:05 PM,,
49023,19073386,1553991840000,2019,3,31,0,24,0,Sunday,539483.33236,4805583.24243,-80.51240399999999,43.402099,Non intersection,2,P.D. only,Right shoulder,unknown,unknown,SMV unattended vehicle,Unknown,Dark,07 - Dark,Municipal (excl. Twp. Rd.),No control,unknown,0,0,0,False,False,False,Snow,,False,Road 1: activa ave (50 km/h); Road 2: PERIWINKLE ST; Distance: 25.0 K S; Vehicle #1     Make: VOLK     Model: JES     Colour: WHI     Style: 4D; Vehicle #2     Make: HYUN     Model: SFT     Colour: GRY     Style: TY,4/9/2021 4:25:32 PM,,
49024,19073440,1553998140000,2019,3,31,2,9,0,Sunday,536583.2795,4809634.79337,-80.547946,43.438727,Non intersection,2,P.D. only,Thru lane,unknown,unknown,SMV other,Unknown,"Dark, artificial","08 - Dark, artificial",Municipal (excl. Twp. Rd.),No control,unknown,1,0,0,False,False,False,Snow,,False,Road 1: RESURRECTION DR (50 km/h); Road 2: NORTHMANOR CRESCENT; Distance: 150.0 M E; Vehicle #1     Make: MERZ     Model: 24M     Colour: GRY     Style: 4D,3/26/2021 11:53:27 AM,,
49025,19073528,1553995800000,2019,3,31,1,30,0,Sunday,545223.87623,4810435.26773,-80.441113,43.445462,Non intersection,2,P.D. only,Not on roadway - left side,unknown,unknown,SMV other,Unknown,Dark,07 - Dark,Regional municipality,No control,unknown,0,0,0,False,False,False,Snow,,False,Road 1: RIVER RD E (60 km/h); Road 2: BRADLEY DR; Distance: 18.0 M E; Vehicle #1     Make: MAZD     Model: M3I     Colour: BLU     Style: 4D,3/26/2021 11:53:26 AM,,
49026,19073585,1554024600000,2019,3,31,9,30,0,Sunday,536819.04602,4807483.20228,-80.54517799999999,43.419342,At/near private drive,2,Non-reportable,Thru lane,unknown,unknown,Other,Unknown,Daylight,01 - Daylight,Municipal (excl. Twp. Rd.),No control,unknown,0,0,0,False,False,False,Snow,,True,Road 1: TIMBERLANE CRESCENT (AT DRIVEWAY OF 84 TIMBERLANE CRES); Road 2: ROLLING MEADOWS DR; Distance: 50.0 M N; Vehicle #1     Make: STRN     Model: SI2     Colour: WHI     Style: 4D; Vehicle #2     Make: DODG     Model: DAK     Colour: RED     Style: PK,4/9/2021 4:29:11 PM,,
49027,19073629,1553961600000,2019,3,30,16,0,0,Saturday,540335.25624,4805885.20062,-80.50186099999999,43.404772,Intersection related,2,P.D. only,Thru lane,unknown,unknown,Rear end,Unknown,Daylight,01 - Daylight,Municipal (excl. Twp. Rd.),Stop sign,Functioning,0,0,0,False,False,False,Clear,,True,Road 1: HELENA FEASBY ST; Road 2: MAX BECKER DR; Vehicle #1     Make: NISS     Model: SML     Colour: GRY     Style: 4D; Vehicle #2     Make:      Model:      Colour:      Style:,4/9/2021 4:27:44 PM,,
49028,19073682,1554034500000,2019,3,31,12,15,0,Sunday,540228.0055,4809505.12552,-80.50291899999999,43.437371999999996,Intersection related,2,P.D. only,Thru lane,unknown,unknown,Angle,Unknown,Daylight,01 - Daylight,Municipal (excl. Twp. Rd.),Stop sign,unknown,0,0,0,False,False,False,Clear,,True,Road 1: QUEEN'S BLVD; Road 2: NORTH DR; Vehicle #1     Make: MAZD     Model: M3I     Colour: BLK     Style: 4D; Vehicle #2     Make:      Model:      Colour:      Style:,4/9/2021 4:27:02 PM,,
49029,19074154,1554099900000,2019,4,1,6,25,0,Monday,536912.59041,4807920.60526,-80.543993,43.423276,Non intersection,2,P.D. only,Thru lane,unknown,unknown,Other,Unknown,Dawn,03 - Dawn,Municipal (excl. Twp. Rd.),No control,unknown,1,0,0,False,False,False,Clear,,False,Road 1: CONNELLY DR (50 km/h); Road 2: WESTHEIGHTS DR; Distance: 81.0 K E; Vehicle #1     Make: FRHT     Model: FM2     Colour: WHI     Style: DP; Vehicle #2     Make: CHEV     Model: CZT     Colour: RED     Style: 4D,4/9/2021 4:25:27 PM,,
49030,19074211,1554106140000,2019,4,1,8,9,0,Monday,541185.92562,4810971.50585,-80.490972,43.450523,Non intersection,2,P.D. only,Thru lane,unknown,unknown,Other,Unknown,Daylight,01 - Daylight,Regional municipality,No control,unknown,1,0,0,False,False,False,Clear,,False,Road 1: KING ST W (50 km/h); Road 2: ONTARIO ST N; Distance: 50.0 M W; Vehicle #1     Make: STRN     Model: AXR     Colour: BLK     Style: 4D; Vehicle #2     Make: NOVA     Model: LFS     Colour: WHI     Style: BU,4/27/2022 10:39:33 AM,,
49031,19074314,1553874000000,2019,3,29,15,40,0,Friday,539567.90126,4811425.14271,-80.510936,43.454695,Intersection related,2,P.D. only,Thru lane,unknown,unknown,Sideswipe,Unknown,Daylight,01 - Daylight,Municipal (excl. Twp. Rd.),Stop sign,Functioning,0,0,0,False,False,False,Clear,,True,Road 1: PARK ST KITCHENER WATERLOO REGIONAL MUNICIPALITY; Road 2: GREEN ST; Vehicle #1     Make: TOYT     Model: CBL     Colour: GRY     Style: 4D; Vehicle #2     Make: KIA     Model: SOU     Colour: WHI     Style: TY,4/9/2021 4:27:01 PM,,
49032,19074533,1554130320000,2019,4,1,14,52,0,Monday,540417.05813,4810595.08004,-80.500503,43.447176,Non intersection,2,P.D. only,Right shoulder,unknown,unknown,SMV other,Unknown,Daylight,01 - Daylight,Municipal (excl. Twp. Rd.),No control,unknown,0,0,0,False,False,False,Clear,,False,Road 1: PARK ST (50 km/h); Road 2: JUBILEE DR; Distance: 1.0 K W; Vehicle #1     Make:      Model:      Colour:      Style:,4/9/2021 4:25:27 PM,,
49033,19074575,1554133500000,2019,4,1,15,45,0,Monday,538492.43692,4810824.02371,-80.524271,43.449338999999995,Non intersection,2,P.D. only,Thru lane,unknown,unknown,Rear end,Unknown,Daylight,01 - Daylight,Regional municipality,No control,unknown,0,0,0,False,False,False,Clear,,True,Road 1: GLASGOW ST; Road 2: WESTMOUNT RD W; Vehicle #1     Make: DODG     Model: CAR     Colour: BLU     Style: VN; Vehicle #2     Make: CHEV     Model: SIL     Colour: BLK     Style: PK,4/9/2021 4:25:28 PM,,
49034,19074586,1554133980000,2019,4,1,15,53,0,Monday,546042.17564,4803281.7381,-80.431603,43.381001999999995,Other,2,P.D. only,Off highway,unknown,unknown,SMV other,Unknown,Daylight,01 - Daylight,Regional municipality,No control,unknown,0,0,0,False,False,False,Clear,,False,Road 1: 412 DOON SOUTH DR; Road 2: DOON SOUTH DR; Vehicle #1     Make: TOYT     Model: UCS     Colour: GRN     Style: 4D,4/9/2021 4:30:19 PM,,
49035,19074907,1554163620000,2019,4,2,0,7,0,Tuesday,545671.58985,4811895.79488,-80.435457,43.458585,At/near private drive,2,P.D. only,Not on roadway - right side,unknown,unknown,SMV other,Unknown,Dark,07 - Dark,Municipal (excl. Twp. Rd.),No control,unknown,0,0,0,False,False,False,Clear,,False,Road 1: 124 OAKHURST CRESCENT (50 km/h); Road 2: OAKHURST CRES; Distance: 0.0 K N; Vehicle #1     Make: FORD     Model: SPE     Colour: BLU     Style: TY,4/9/2021 4:29:55 PM,,
49036,19075464,1554119100000,2019,4,1,11,45,0,Monday,540431.53005,4809652.2872,-80.500394,43.438686,At intersection,2,P.D. only,Within intersection,unknown,unknown,Angle,Unknown,Daylight,01 - Daylight,Municipal (excl. Twp. Rd.),Stop sign,Functioning,0,0,0,False,False,False,Clear,,True,Road 1: QUEEN'S BLVD; Road 2: REX DR; Vehicle #1     Make: CHEV     Model: CZT     Colour: BLU     Style: 4D; Vehicle #2     Make: GMC     Model: ACA     Colour: BLK     Style: TY,4/9/2021 4:28:51 PM,,
49037,19076278,1551426300000,2019,3,1,7,45,0,Friday,543418.08029,4810298.25444,-80.463439,43.444334999999995,At/near private drive,2,P.D. only,Thru lane,unknown,unknown,SMV unattended vehicle,Unknown,Daylight,01 - Daylight,Municipal (excl. Twp. Rd.),No control,unknown,0,0,0,False,False,False,Clear,,True,Road 1: 51 RANDERSON AVE; Vehicle #1     Make:      Model:      Colour:      Style: ; Vehicle #2     Make: HOND     Model: UCL     Colour: BLK     Style: 4D,4/9/2021 4:29:27 PM,,
49038,19076320,1550934000000,2019,2,23,15,0,0,Saturday,546115.77921,4809538.11185,-80.430166,43.437329999999996,Intersection related,2,Non-reportable,Within intersection,unknown,unknown,Rear end,Unknown,Daylight,01 - Daylight,Municipal (excl. Twp. Rd.),Stop sign,Functioning,0,0,0,False,False,False,Clear,,True,Road 1: VERONICA DR; Road 2: KINZIE AVE; Vehicle #1     Make: TOYT     Model: HIG     Colour: GRY     Style: TY; Vehicle #2     Make:      Model:      Colour:      Style:,4/9/2021 4:26:49 PM,,
49039,19076417,1550934000000,2019,2,23,15,0,0,Saturday,541358.0631,4813265.06694,-80.488671,43.471165,Intersection related,2,P.D. only,Thru lane,unknown,unknown,Rear end,Stop sign,Daylight,01 - Daylight,Municipal (excl. Twp. Rd.),Stop sign,Functioning,0,0,0,False,False,False,Clear,,True,Road 1: UNION ST; Road 2: EDWIN ST; Vehicle #1     Make: CHRY     Model: 3TR     Colour: BLK     Style: 4D; Vehicle #2     Make:      Model:      Colour:      Style:,4/9/2021 4:26:52 PM,,
49040,19076459,1554209100000,2019,4,2,12,45,0,Tuesday,542406.55781,4806619.66436,-80.476225,43.411271,Intersection related,2,P.D. only,Thru lane,unknown,unknown,Other,Unknown,Daylight,01 - Daylight,Municipal (excl. Twp. Rd.),unknown,Functioning,0,0,0,False,False,False,Clear,,True,Road 1: OLD COUNTRY DR; Road 2: STRASBURG; Distance: 25.0 M S; Vehicle #1     Make: KIA     Model: FNG     Colour: BLK     Style: 4D; Vehicle #2     Make: SUBA     Model: ISP     Colour: WHI     Style: 2D,4/9/2021 4:27:25 PM,,
49041,19076481,1550873700000,2019,2,22,22,15,0,Friday,545191.6653,4811620.67167,-80.441412,43.456137,At/near private drive,2,P.D. only,Thru lane,unknown,unknown,SMV unattended vehicle,Unknown,Dark,07 - Dark,Municipal (excl. Twp. Rd.),No control,unknown,0,0,0,False,False,False,Clear,,True,Road 1: 59 TECUMSEH CRESCENT; Vehicle #1     Make:      Model:      Colour:      Style: ; Vehicle #2     Make: VOLK     Model: JSA     Colour: BLK     Style: 4D,4/9/2021 4:28:58 PM,,
49042,19077054,1554298200000,2019,4,3,13,30,0,Wednesday,547945.41369,4810758.59675,-80.40745199999999,43.448204,At/near private drive,2,Non-reportable,Thru lane,unknown,unknown,SMV unattended vehicle,Unknown,Daylight,01 - Daylight,Municipal (excl. Twp. Rd.),No control,unknown,0,0,0,False,False,False,Clear,,True,Road 1: 66 COLTON CIRCLE; Vehicle #1     Make: FORD     Model: VAN     Colour: WHI     Style: VN; Vehicle #2     Make: INFI     Model: G3S     Colour: BLK     Style: 2D,4/9/2021 4:29:40 PM,,