OBJECTID,ACCIDENTNUM,ACCIDENTDATE,ACCIDENT_YEAR,ACCIDENT_MONTH,ACCIDENT_DAY,ACCIDENT_HOUR,ACCIDENT_MINUTE,ACCIDENT_SECOND,ACCIDENT_WEEKDAY,XCOORD,YCOORD,LONGITUDE,LATITUDE,ACCIDENTLOCATION,COLLISIONTYPE,CLASSIFICATIONOFACCIDENT,IMPACTLOCATION,INITIALDIRECTIONOFTRAVELONE,INITIALDIRECTIONOFTRAVELTWO,INITIALIMPACTTYPE,INTTRAFFICCONTROL,LIGHT,LIGHTFORREPORT,ROADJURISDICTION,TRAFFICCONTROL,TRAFFICCONTROLCONDITION,THRULANENO,NORTHBOUNDDISOBEYCOUNT,SOUTHBOUNDDISOBEYCOUNT,PEDESTRIANINVOLVED,CYCLISTINVOLVED,MOTORCYCLISTINVOLVED,ENVIRONMENTCONDITION1,ENVIRONMENTCONDITION2,SELFREPORTED,XMLIMPORTNOTES,LASTEDITEDDATE,CREATE_BY,CREATE_DATE
49143,19096948,1556394720000,2019,4,27,19,52,0,Saturday,545759.07829,4803938.70226,-80.435043,43.386934,At/near private drive,2,P.D. only,Thru lane,unknown,unknown,Other,Unknown,Dusk,05 - Dusk,Municipal (excl. Twp. Rd.),No control,unknown,0,0,0,False,False,False,Clear,,True,Road 1: 2 APPLE RIDGE DR; Vehicle #1     Make: BMW     Model: 28X     Colour: RED     Style: 4D; Vehicle #2     Make: NISS     Model: ROG     Colour: WHI     Style: TY,4/9/2021 4:29:42 PM,,
49144,19096983,1556399580000,2019,4,27,21,13,0,Saturday,544755.17689,4808023.09073,-80.447102,43.423770999999995,At intersection,2,P.D. only,Within intersection,unknown,unknown,Turning movement,Unknown,Dark,07 - Dark,Municipal (excl. Twp. Rd.),Traffic signal,Functioning,0,0,0,False,False,False,Clear,,False,Road 1: WILSON AVE (50 km/h); Road 2: TRAYNOR AVE (50 km/h); Vehicle #1     Make: TOYT     Model: HIG     Colour: GRY     Style: TY; Vehicle #2     Make: HOND     Model: UCD     Colour: SIL     Style: 4D,4/9/2021 4:28:14 PM,,
49145,19097248,1556429400000,2019,4,28,5,30,0,Sunday,542757.13297,4806612.31044,-80.47189499999999,43.411184999999996,At/near private drive,2,P.D. only,Thru lane,unknown,unknown,SMV unattended vehicle,Unknown,Dawn,03 - Dawn,Municipal (excl. Twp. Rd.),No control,unknown,1,0,0,False,False,False,Clear,,False,Road 1: 45 CENTURY HILL DR (50 km/h); Road 2: CENTURY HILL DR; Distance: 13.0 M S; Vehicle #1     Make: TOYT     Model: RG4     Colour: GRY     Style: TY; Vehicle #2     Make: CHEV     Model: MLT     Colour: BLU     Style: 4D; Vehicle #3     Make: HOND   ,4/9/2021 4:29:12 PM,,
49146,19097402,1556450100000,2019,4,28,11,15,0,Sunday,543522.76398,4804746.15929,-80.462588,43.394338,Intersection related,2,P.D. only,Within intersection,unknown,unknown,SMV other,Unknown,Daylight,01 - Daylight,Municipal (excl. Twp. Rd.),Stop sign,Functioning,0,0,0,False,False,False,Clear,,False,Road 1: NORTHBROOK PL (50 km/h); Road 2: OLD HURON RD (50 km/h); Distance:  K; Vehicle #1     Make: HOND     Model: CIV     Colour: WHI     Style: 4D,4/9/2021 4:26:57 PM,,
49147,19097470,1555779600000,2019,4,20,17,0,0,Saturday,540753.84587,4810015.98176,-80.49638399999999,43.441942999999995,Non intersection,2,Non-reportable,Right shoulder,unknown,unknown,SMV unattended vehicle,Unknown,Daylight,01 - Daylight,Regional municipality,No control,unknown,0,0,0,False,False,False,Clear,,True,Road 1: WOODSIDE AVE; Road 2: QUEEN ST S; Vehicle #1     Make:      Model:      Colour:      Style: ; Vehicle #2     Make: TOYT     Model: SIE     Colour: BLU     Style: VN,4/9/2021 4:26:02 PM,,
49148,19097619,1556469600000,2019,4,28,16,40,0,Sunday,544466.74526,4810704.07062,-80.450447,43.447928,Non intersection,2,Non-reportable,Thru lane,unknown,unknown,Angle,Unknown,Daylight,01 - Daylight,Regional municipality,No control,unknown,0,0,0,False,False,False,Clear,,True,Road 1: FRANKLIN ST N; Road 2: OTTAWA ST N KITCHENER; Distance: 80.0 M S; Vehicle #1     Make: TOYT     Model: RV4     Colour: BLU     Style: TY; Vehicle #2     Make:      Model:      Colour:      Style:,4/27/2022 10:40:47 AM,,
49149,19098328,1556353800000,2019,4,27,8,30,0,Saturday,539734.63276,4808904.12594,-80.509059,43.431987,Non intersection,2,P.D. only,Thru lane,unknown,unknown,SMV unattended vehicle,Unknown,Daylight,01 - Daylight,Municipal (excl. Twp. Rd.),No control,unknown,0,0,0,False,False,False,Clear,,True,Road 1: 196 GATEWOOD DR KITCHENER; Vehicle #1     Make: STRN     Model: VUE     Colour: GRY     Style: TY; Vehicle #2     Make: TOYT     Model: RV4     Colour: BLK     Style: TY,4/9/2021 4:26:10 PM,,
49150,19098390,1556551320000,2019,4,29,15,22,0,Monday,547293.05053,4805704.12688,-80.41595199999999,43.402735,At/near private drive,2,P.D. only,Thru lane,unknown,unknown,Sideswipe,Unknown,Daylight,01 - Daylight,Municipal (excl. Twp. Rd.),No control,unknown,1,0,0,False,False,False,Rain,,False,Road 1: 204 JOSEPH SCHOERG CRES (50 km/h); Road 2: DEER RIDGE DR; Distance: 30.0 M S; Vehicle #1     Make: ACUR     Model: RDX     Colour: GRY     Style: TY; Vehicle #2     Make: TOYT     Model: C4E     Colour: BLU     Style: 4D,4/9/2021 4:29:14 PM,,
49151,19098454,1556555400000,2019,4,29,16,30,0,Monday,541784.95702,4806425.22225,-80.48391699999999,43.409555,Intersection related,2,P.D. only,Thru lane,unknown,unknown,SMV other,Unknown,Daylight,01 - Daylight,Municipal (excl. Twp. Rd.),Stop sign,Functioning,0,0,0,False,False,False,Rain,,True,Road 1: RITTENHOUSE RD; Road 2: GOUNDRY CRESCENT; Vehicle #1     Make: NISS     Model: VSL     Colour: BLK     Style: 4B,4/9/2021 4:27:27 PM,,
49152,19098466,1556557200000,2019,4,29,17,0,0,Monday,541347.00546,4809685.6964,-80.48907899999999,43.438936999999996,At intersection,2,Non-reportable,Within intersection,unknown,unknown,Angle,Unknown,Daylight,01 - Daylight,Municipal (excl. Twp. Rd.),Stop sign,Functioning,0,0,0,False,False,False,Clear,,True,Road 1: MILL ST; Road 2: MADISON AVE S; Vehicle #1     Make: DODG     Model: CXT     Colour: BLU     Style: 4D; Vehicle #2     Make: TOYT     Model: UXS     Colour: RED     Style: 4D,4/9/2021 4:28:34 PM,,
49153,19098645,1556574300000,2019,4,29,21,45,0,Monday,545275.01218,4806434.73499,-80.440812,43.409438,At intersection,2,P.D. only,Within intersection,unknown,unknown,Angle,Stop sign,Dark,07 - Dark,Municipal (excl. Twp. Rd.),Stop sign,Functioning,0,0,0,False,False,False,Rain,,False,Road 1: WABANAKI DR (50 km/h); Road 2: WILSON AVE (50 km/h); Vehicle #1     Make: HOND     Model: CXG     Colour: RED     Style: 4D; Vehicle #2     Make: NISS     Model: VSL     Colour: BLU     Style: 4B,4/9/2021 4:28:16 PM,,
49154,19098930,1556538300000,2019,4,29,11,45,0,Monday,544830.49653,4805008.79182,-80.44641899999999,43.396626,Intersection related,2,P.D. only,Thru lane,unknown,unknown,Angle,Unknown,Daylight,01 - Daylight,Municipal (excl. Twp. Rd.),Stop sign,Functioning,0,0,0,False,False,False,Clear,,True,Road 1: MILLWOOD CRES KITCHENER; Road 2: DOON VILLAGE RD KITCHENER; Vehicle #1     Make: HYUN     Model: C2G     Colour: GRY     Style: 4B; Vehicle #2     Make:      Model:      Colour:      Style:,4/9/2021 4:27:36 PM,,
49155,19098977,1556323200000,2019,4,27,0,0,0,Saturday,540140.0293,4808625.40405,-80.504071,43.429455999999995,At/near private drive,2,Non-reportable,Right shoulder,unknown,unknown,SMV unattended vehicle,Unknown,Dark,07 - Dark,Municipal (excl. Twp. Rd.),No control,unknown,0,0,0,False,False,False,Clear,,True,Road 1: 84 SHADYWOOD CRES KITCHENER; Vehicle #1     Make:      Model:      Colour:      Style: ; Vehicle #2     Make: MAZD     Model: MA5     Colour: SIL     Style: SW,4/9/2021 4:29:22 PM,,
49156,19099080,1555083000000,2019,4,12,15,30,0,Friday,544754.44887,4808022.75286,-80.44711099999999,43.423767999999995,At intersection,2,Non-reportable,Thru lane,unknown,unknown,Rear end,Unknown,Daylight,01 - Daylight,Municipal (excl. Twp. Rd.),Traffic signal,Functioning,0,0,0,False,False,False,Clear,,True,Road 1: WILSON AVE; Road 2: TRAYNOR AVE; Vehicle #1     Make: HYUN     Model: EGM     Colour: WHI     Style: 4D; Vehicle #2     Make:      Model:      Colour:      Style:,4/9/2021 4:28:35 PM,,
49157,19099118,1556628300000,2019,4,30,12,45,0,Tuesday,543196.06384,4808445.66029,-80.466329,43.427667,At/near private drive,2,P.D. only,Thru lane,unknown,unknown,Sideswipe,Unknown,Daylight,01 - Daylight,Regional municipality,No control,unknown,0,0,0,False,False,False,Clear,,True,Road 1: WALTON AVE; Road 2: COURTLAND AVE; Vehicle #1     Make: GMC     Model: SAV     Colour: WHI     Style: CB; Vehicle #2     Make: HOND     Model: USE     Colour: GLD     Style: 4D,4/9/2021 4:30:04 PM,,
49158,19099216,1556633040000,2019,4,30,14,4,0,Tuesday,545095.07589,4807781.38736,-80.442923,43.421574,Non intersection,2,P.D. only,Thru lane,unknown,unknown,Rear end,Unknown,Daylight,01 - Daylight,Municipal (excl. Twp. Rd.),No control,unknown,0,0,0,False,False,False,Clear,,True,Road 1: WILSON AVE; Road 2: FAIRWAY RD S; Vehicle #1     Make: FORD     Model: SRW     Colour: WHI     Style: PK; Vehicle #2     Make: KIA     Model: RES     Colour: BLK     Style: 4D,4/9/2021 4:26:32 PM,,
49159,19099237,1556625600000,2019,4,30,12,0,0,Tuesday,543351.61155,4811534.74392,-80.464162,43.455472,At/near private drive,2,Non-reportable,Thru lane,unknown,unknown,SMV unattended vehicle,Unknown,Daylight,01 - Daylight,Municipal (excl. Twp. Rd.),No control,unknown,0,0,0,False,False,False,Clear,,True,Road 1: 441 KRUG ST KITCHNER; Vehicle #1     Make:      Model:      Colour:      Style: ; Vehicle #2     Make: DODG     Model: CGS     Colour: SIL     Style: 4D,4/9/2021 4:29:48 PM,,
49160,19099507,1556655300000,2019,4,30,20,15,0,Tuesday,543756.17168,4809222.46658,-80.459347,43.434629,At intersection,2,P.D. only,Thru lane,unknown,unknown,SMV other,Unknown,Dark,07 - Dark,Municipal (excl. Twp. Rd.),unknown,unknown,1,0,0,False,False,False,Clear,,False,Road 1: ECKERT ST (50 km/h); Road 2: DIXON ST (50 km/h); Distance:  K; Vehicle #1     Make: MAZD     Model: 3TR     Colour: WHI     Style: 4D,4/9/2021 4:27:54 PM,,
49161,19099766,1556697660000,2019,5,1,8,1,0,Wednesday,537848.59408,4809108.32477,-80.532347,43.433923,At intersection,2,P.D. only,Within intersection,unknown,unknown,Angle,Unknown,Daylight,01 - Daylight,Municipal (excl. Twp. Rd.),Stop sign,Functioning,0,0,0,False,False,False,Rain,,False,Road 1: BENESFORT DR (50 km/h); Road 2: OPRINGTON DR (50 km/h); Distance:  K; Vehicle #1     Make: NISS     Model: ATS     Colour: BLK     Style: 4D; Vehicle #2     Make: HOND     Model: UDV     Colour: GRY     Style: 4D,4/9/2021 5:47:36 PM,,
49162,19099969,1556711700000,2019,5,1,11,55,0,Wednesday,543566.5665,4811712.15322,-80.461491,43.457057,At/near private drive,2,P.D. only,Thru lane,unknown,unknown,Angle,Unknown,Daylight,01 - Daylight,Municipal (excl. Twp. Rd.),No control,unknown,0,0,0,False,False,False,Clear,,True,Road 1: 520 KRUG ST; Vehicle #1     Make: JEEP     Model: GCK     Colour: BLK     Style: TY; Vehicle #2     Make: HOND     Model: ULS     Colour: WHI     Style: 4D,4/9/2021 5:47:39 PM,,
49163,19100202,1556729400000,2019,5,1,16,50,0,Wednesday,541424.98941,4811533.648,-80.48797499999999,43.455572,Intersection related,2,P.D. only,Thru lane,unknown,unknown,Sideswipe,Unknown,Daylight,01 - Daylight,Municipal (excl. Twp. Rd.),Stop sign,Functioning,0,0,0,False,False,False,Rain,,True,Road 1: MARGARET AVE; Road 2: MAYNARD AVE; Vehicle #1     Make: TOYT     Model: PRI     Colour: WHI     Style: 4B; Vehicle #2     Make: FORD     Model: FSE     Colour: GRY     Style: 4D,4/9/2021 5:47:32 PM,,
49164,19100215,1556722800000,2019,5,1,15,0,0,Wednesday,544768.99745,4805327.68275,-80.447152,43.399501,Non intersection,2,P.D. only,Left turn lane,unknown,unknown,Sideswipe,Unknown,Daylight,01 - Daylight,Regional municipality,No control,unknown,0,0,0,False,False,False,Rain,,True,Road 1: DOON VILLAGE RD; Road 2: HOMER WATSON BLVD; Distance: 50.0 M N; Vehicle #1     Make: FORD     Model: FSE     Colour: RED     Style: 4B; Vehicle #2     Make: RAM     Model: RTR     Colour: BLK     Style: CW,8/16/2022 3:01:34 PM,,
49165,19100223,1556672400000,2019,5,1,1,0,0,Wednesday,542111.03004,4803810.46341,-80.480091,43.385993,At/near private drive,2,P.D. only,Thru lane,unknown,unknown,SMV unattended vehicle,Unknown,Dark,07 - Dark,Municipal (excl. Twp. Rd.),No control,unknown,0,0,0,False,False,False,Clear,,True,Road 1: 55 MADELEINE ST (PARKED ON STREET); Vehicle #1     Make:      Model:      Colour:      Style: ; Vehicle #2     Make: KIA     Model: SOR     Colour: WHI     Style: TY,4/9/2021 5:47:40 PM,,
49166,19100682,1556788200000,2019,5,2,9,10,0,Thursday,541550.04521,4811885.42278,-80.486403,43.458732,At intersection,2,P.D. only,Within intersection,unknown,unknown,Sideswipe,Unknown,Daylight,01 - Daylight,Municipal (excl. Twp. Rd.),Stop sign,Functioning,0,1,0,False,False,False,Clear,,True,Road 1: ST LEGER ST KITCHENER; Road 2: BREITHAUPT ST KITCHENER; Vehicle #1     Make: NISS     Model: PFI     Colour: WHI     Style: TY; Vehicle #2     Make: HOND     Model: CRV     Colour: BLU     Style: TY,4/9/2021 5:47:06 PM,,
49167,19100910,1556801100000,2019,5,2,12,45,0,Thursday,542108.48066,4807131.39873,-80.479867,43.415896,At intersection,2,P.D. only,Within intersection,unknown,unknown,Rear end,Unknown,Daylight,01 - Daylight,Municipal (excl. Twp. Rd.),Traffic signal,Functioning,0,0,0,False,False,False,Clear,,True,Road 1: BLOCK LINE RD; Road 2: STRASBURG RD; Vehicle #1     Make: BUIC     Model: CCU     Colour: BRN     Style: 4D; Vehicle #2     Make:      Model:      Colour:      Style: ; Vehicle #3     Make: HOND     Model: CRV     Colour: BLU     Style: 4W,4/9/2021 5:47:06 PM,,
49168,19101334,1556822700000,2019,5,2,18,45,0,Thursday,542145.38991,4807088.31751,-80.47941399999999,43.415506,At/near private drive,2,P.D. only,Thru lane,unknown,unknown,Angle,Unknown,Daylight,01 - Daylight,Municipal (excl. Twp. Rd.),No control,unknown,0,0,0,False,False,False,Clear,,True,Road 1: 655 STRASBURG RD; Vehicle #1     Make: NISS     Model: MUR     Colour: RED     Style: TY; Vehicle #2     Make: SUBA     Model: FOR     Colour: WHI     Style: TY,4/9/2021 5:47:14 PM,,
49169,19101551,1556870400000,2019,5,3,8,0,0,Friday,539053.76461,4811097.78057,-80.517314,43.451775,Non intersection,2,P.D. only,Thru lane,unknown,unknown,Rear end,Unknown,Daylight,01 - Daylight,Municipal (excl. Twp. Rd.),No control,unknown,0,0,0,False,False,False,Rain,,True,Road 1: GLASGOW ST (IN FROM OF 223 GLASGLOW); Road 2: BELMONT AVE W; Distance: 30.0 M W; Vehicle #1     Make: TOYT     Model: HIG     Colour: RED     Style: TY; Vehicle #2     Make: VOLK     Model: GTD     Colour: GRY     Style: 4B,4/9/2021 5:47:14 PM,,
49170,19102360,1556932200000,2019,5,4,1,10,0,Saturday,542108.73006,4807131.6551,-80.47986399999999,43.415898,At intersection,2,P.D. only,Within intersection,unknown,unknown,Turning movement,Unknown,"Dark, artificial","08 - Dark, artificial",Municipal (excl. Twp. Rd.),Traffic signal,Functioning,0,0,0,False,False,False,Clear,,False,Road 1: BLOCK LINE RD (50 km/h); Road 2: STRASBURG RD (50 km/h); Vehicle #1     Make:      Model:      Colour:      Style: ; Vehicle #2     Make: HOND     Model: CRV     Colour: WHI     Style: TY,4/9/2021 5:47:35 PM,,
49171,19102660,1556884800000,2019,5,3,12,0,0,Friday,538356.02485,4809789.11937,-80.52602999999999,43.440027,At intersection,2,P.D. only,Thru lane,unknown,unknown,Angle,Unknown,Daylight,01 - Daylight,Municipal (excl. Twp. Rd.),Stop sign,Functioning,0,0,0,False,False,False,Clear,,True,Road 1: HAZELGLEN DR; Road 2: MOOREGATE CRESCENT; Vehicle #1     Make: HOND     Model: CXG     Colour: BRN     Style: 4D; Vehicle #2     Make: LEXS     Model: R33     Colour: GRY     Style: TY,4/9/2021 5:47:07 PM,,
49172,19102801,1556974800000,2019,5,4,13,0,0,Saturday,541345.6618,4809061.20625,-80.489143,43.433313999999996,At intersection,2,P.D. only,Thru lane,unknown,unknown,Angle,Unknown,Daylight,01 - Daylight,Regional municipality,Stop sign,Functioning,0,0,0,False,False,False,Clear,,True,Road 1: HEIMAN ST; Road 2: HIGHLAND RD E; Distance:  W; Vehicle #1     Make: HOND     Model: ULX     Colour: BLU     Style: 4D; Vehicle #2     Make: KIA     Model: ROL     Colour: SIL     Style: SW,4/9/2021 5:47:56 PM,,
49173,19103255,1557040140000,2019,5,5,7,9,0,Sunday,545117.28325,4812046.70648,-80.442296,43.459978,Non intersection,2,P.D. only,Not on roadway - right side,unknown,unknown,SMV other,Unknown,Daylight,01 - Daylight,Municipal (excl. Twp. Rd.),No control,unknown,0,0,0,False,False,False,Clear,,False,Road 1: LORRAINE AVE (50 km/h); Road 2: CONFEDERATION DR; Distance: 10.0 M W; Vehicle #1     Make: TOYT     Model: UCS     Colour: BRN     Style: 4D,4/9/2021 5:48:01 PM,,
49174,19103541,1557064800000,2019,5,5,14,0,0,Sunday,547833.99508,4810922.44524,-80.40881499999999,43.449686,At/near private drive,2,P.D. only,Thru lane,unknown,unknown,Other,Unknown,Daylight,01 - Daylight,Municipal (excl. Twp. Rd.),No control,unknown,0,0,0,False,False,False,Clear,,True,Road 1: 244 COLTON CIRCLE; Vehicle #1     Make:      Model:      Colour:      Style: ; Vehicle #2     Make: DODG     Model: CAR     Colour: SIL     Style: VN,4/9/2021 5:47:38 PM,,
49175,19103751,1557084780000,2019,5,5,19,33,0,Sunday,545934.26799,4805413.0218,-80.432756,43.400199,Non intersection,2,P.D. only,Thru lane,unknown,unknown,Other,Unknown,Daylight,01 - Daylight,Municipal (excl. Twp. Rd.),No control,unknown,1,0,0,False,False,False,Clear,,False,Road 1: 15 GREEN VALLEY DR (50 km/h); Road 2: GREEN VALLEY DR; Distance: 2.0 M W; Vehicle #1     Make: FORD     Model: FLE     Colour: BLK     Style: TY; Vehicle #2     Make: KIA     Model: RES     Colour: GRY     Style: 4B,4/9/2021 5:47:47 PM,,
49176,19104249,1557142380000,2019,5,6,11,33,0,Monday,540792.75138,4809120.44655,-80.49597,43.433878,Intersection related,2,P.D. only,Right shoulder,unknown,unknown,SMV unattended vehicle,Unknown,Daylight,01 - Daylight,Municipal (excl. Twp. Rd.),Stop sign,Functioning,0,0,0,False,False,False,Clear,,False,Road 1: MAUSSER AVE (40 km/h); Road 2: STIRLING AVE S (40 km/h); Vehicle #1     Make: NOVA     Model: LFS     Colour: WHI     Style: BU; Vehicle #2     Make: PONT     Model: VIB     Colour: WHI     Style: 4B,4/9/2021 5:47:10 PM,,
49177,19104578,1557165720000,2019,5,6,18,2,0,Monday,546126.11307,4803370.24017,-80.430559,43.381794,Non intersection,2,P.D. only,Thru lane,unknown,unknown,SMV unattended vehicle,Unknown,Daylight,01 - Daylight,Municipal (excl. Twp. Rd.),No control,unknown,1,0,0,False,False,False,Clear,,False,Road 1: 357 DOON SOUTH DR (50 km/h); Road 2: THOMAS SLEE DR; Distance: 2.0 M S; Vehicle #1     Make: RAM     Model: RTR     Colour: WHI     Style: PK; Vehicle #2     Make: HYUN     Model: SAN     Colour: WHI     Style: TY,4/9/2021 5:47:49 PM,,
49178,19104731,1557177660000,2019,5,6,21,21,0,Monday,542843.17257,4809874.64542,-80.47057699999999,43.440554,Intersection related,2,P.D. only,Within intersection,unknown,unknown,Angle,Unknown,Dark,07 - Dark,Municipal (excl. Twp. Rd.),unknown,Functioning,0,0,1,False,False,False,Clear,,False,Road 1: CHARLES ST E (50 km/h); Road 2: SYDNEY ST S (50 km/h); Distance:  K; Charged Driver #1 on page 1: NA NA (NA) (NA); Vehicle #1     Make: HOND     Model: ULS     Colour: WHI     Style: 4D; Vehicle #2     Make: FORD     Model: COF     Colour: GRY    ,4/27/2022 10:41:02 AM,,
49179,19104745,1557066600000,2019,5,5,14,30,0,Sunday,539558.27365,4805937.73261,-80.511453,43.405287,At/near private drive,2,Non-reportable,Thru lane,unknown,unknown,SMV unattended vehicle,Unknown,Daylight,01 - Daylight,Municipal (excl. Twp. Rd.),No control,unknown,0,0,0,False,False,False,Clear,,True,Road 1: 44 MAX BECKER DR; Vehicle #1     Make:      Model:      Colour:      Style: ; Vehicle #2     Make: CHEV     Model: OPT     Colour: GRY     Style: 4D,4/9/2021 5:47:37 PM,,
49180,19104748,1557152400000,2019,5,6,14,20,0,Monday,541184.64111,4810692.27369,-80.49100899999999,43.448009,Intersection related,2,P.D. only,Thru lane,unknown,unknown,Rear end,Unknown,Daylight,01 - Daylight,Municipal (excl. Twp. Rd.),Traffic signal,Functioning,0,0,0,False,False,False,Clear,,True,Road 1: QUEEN ST S; Road 2: JOSEPH ST; Vehicle #1     Make: DODG     Model: CAR     Colour: SIL     Style: VN; Vehicle #2     Make: KIA     Model: SOU     Colour: BLK     Style: TY; Vehicle #3     Make: FORD     Model: COF     Colour: GRY     Style: PK,4/9/2021 5:47:07 PM,,
49181,19106063,1557162000000,2019,5,6,17,0,0,Monday,543763.02199,4806853.57751,-80.459453,43.413298999999995,At/near private drive,2,Non-reportable,Thru lane,unknown,unknown,Angle,Unknown,Daylight,01 - Daylight,Regional municipality,No control,unknown,0,0,0,False,False,False,Clear,,True,Road 1: FALLOWFIELD DR (IFO 294); Road 2: BLEAMS; Distance: 100.0 M N; Vehicle #1     Make:      Model:      Colour:      Style: ; Vehicle #2     Make: CHEV     Model: ML     Colour: BRN     Style: 4D,4/9/2021 5:48:11 PM,,
49182,19106288,1557565800000,2019,5,11,9,10,0,Saturday,545119.64823,4807677.94634,-80.442628,43.420640999999996,Non intersection,1,Non-fatal injury,Thru lane,unknown,unknown,SMV other,Unknown,Daylight,01 - Daylight,Regional municipality,No control,unknown,1,0,0,True,False,False,Clear,,False,Road 1: WILSON AVE (50 km/h); Road 2: FAIRWAY RD S; Distance: 48.0 M E; Vehicle #1     Make: CHEV     Model: EQU     Colour: BLK     Style: TY,4/9/2021 5:48:05 PM,,
49183,19106387,1557331500000,2019,5,8,16,5,0,Wednesday,547158.92457,4804761.08771,-80.41769,43.394253,Intersection related,2,P.D. only,Thru lane,unknown,unknown,Rear end,Unknown,Daylight,01 - Daylight,Municipal (excl. Twp. Rd.),unknown,Functioning,0,0,0,False,False,False,Clear,,True,Road 1: OLD MILL RD; Road 2: MILL PARK DR; Vehicle #1     Make: MAZD     Model: M3I     Colour: RED     Style: 4D; Vehicle #2     Make: HOND     Model: PIL     Colour: SIL     Style: TY,4/9/2021 5:47:09 PM,,
49184,19106843,1557403740000,2019,5,9,12,9,0,Thursday,541867.54926,4810435.985,-80.48258899999999,43.445664,Non intersection,2,P.D. only,Left shoulder,unknown,unknown,SMV other,Unknown,Daylight,01 - Daylight,Municipal (excl. Twp. Rd.),No control,unknown,0,0,0,False,False,False,Clear,,False,Road 1: MADISON AVE S (50 km/h); Road 2: CHARLES ST E; Distance: 40.0 M W; Vehicle #1     Make: FORD     Model: EPR     Colour: BLU     Style: TY,4/9/2021 5:47:48 PM,,
49185,19106898,1557388800000,2019,5,9,8,0,0,Thursday,545079.72223,4813536.7523,-80.44263699999999,43.473396,Intersection related,2,P.D. only,Within intersection,unknown,unknown,Rear end,Unknown,Daylight,01 - Daylight,Municipal (excl. Twp. Rd.),Stop sign,Functioning,0,0,0,False,False,False,Clear,,True,Road 1: SHIRLEY DRIVE KITCHENER; Road 2: BINGEMANS CENTRE DRIVE; Vehicle #1     Make: CHEV     Model: SIL     Colour: WHI     Style: PK; Vehicle #2     Make: TOYT     Model: FRS     Colour: BLK     Style: 2D,4/9/2021 5:47:12 PM,,
49186,19106924,1557408000000,2019,5,9,13,20,0,Thursday,543728.85329,4810736.41679,-80.459564,43.448262,At intersection,2,P.D. only,Within intersection,unknown,unknown,Sideswipe,Unknown,Daylight,01 - Daylight,Municipal (excl. Twp. Rd.),Stop sign,Functioning,0,0,0,False,False,False,Clear,,True,Road 1: MANCHESTER RD; Road 2: NOTTINGHAM DR KITCHNER; Vehicle #1     Make: MAZD     Model: M5T     Colour: BLK     Style: SW; Vehicle #2     Make: NISS     Model: FRT     Colour: WHI     Style: PK,4/9/2021 5:47:08 PM,,
49187,19107021,1557415500000,2019,5,9,15,25,0,Thursday,545596.97557,4804265.906,-80.437017,43.389891,Intersection related,2,P.D. only,Thru lane,unknown,unknown,Rear end,Unknown,Daylight,01 - Daylight,Regional municipality,Stop sign,Functioning,0,0,0,False,False,False,Clear,,True,Road 1: THMOAS LEE; Road 2: DOON VILLAGE RD; Distance:  N; Vehicle #1     Make: LEXS     Model: LX5     Colour: BLK     Style: TY; Vehicle #2     Make: HOND     Model: PIL     Colour: BLK     Style: TY,4/9/2021 5:48:00 PM,,
49188,19107195,1557302880000,2019,5,8,8,8,0,Wednesday,539091.856,4810226.2181,-80.51690599999999,43.443925,At/near private drive,2,Non-reportable,Thru lane,unknown,unknown,SMV unattended vehicle,Unknown,Daylight,01 - Daylight,Municipal (excl. Twp. Rd.),No control,unknown,0,0,0,False,False,False,Clear,,True,Road 1: 372 KARN ST; Vehicle #1     Make:      Model:      Colour:      Style: ; Vehicle #2     Make: HOND     Model: UCS     Colour: RED     Style: 4D,4/9/2021 5:47:46 PM,,
49189,19107203,1557420900000,2019,5,9,16,55,0,Thursday,540178.62897,4810786.33885,-80.503435,43.448910999999995,Non intersection,2,Non-reportable,Thru lane,unknown,unknown,Rear end,Unknown,Daylight,01 - Daylight,Regional municipality,No control,unknown,0,0,0,False,False,False,Rain,,True,Road 1: 105 PARK ST; Road 2: VICTORIA ST; Vehicle #1     Make: HYUN     Model: SFT     Colour: GRY     Style: TY; Vehicle #2     Make:      Model:      Colour:      Style:,4/9/2021 5:48:12 PM,,
49190,19107205,1557323100000,2019,5,8,13,45,0,Wednesday,541496.8834,4808743.2127,-80.487299,43.430443,At intersection,2,P.D. only,Within intersection,unknown,unknown,Angle,Unknown,Daylight,01 - Daylight,Regional municipality,unknown,Functioning,0,0,0,False,False,False,Clear,,True,Road 1: HIGHLAND RD E; Road 2: HOFFMAN ST; Vehicle #1     Make: FORD     Model: FEE     Colour: BLK     Style: 4B; Vehicle #2     Make:      Model:      Colour:      Style:,4/9/2021 5:47:59 PM,,
49191,19107648,1557418800000,2019,5,9,16,20,0,Thursday,547729.4905,4806119.14402,-80.41052599999999,43.406444,Intersection related,2,Non-reportable,Thru lane,unknown,unknown,Rear end,Unknown,Daylight,01 - Daylight,Municipal (excl. Twp. Rd.),unknown,Functioning,0,0,0,False,False,False,Rain,,True,Road 1: DEER RIDGE DR; Road 2: FALL HARVEST DR; Vehicle #1     Make: NISS     Model: S18     Colour: BLU     Style: 4D; Vehicle #2     Make:      Model:      Colour:      Style:,4/9/2021 5:47:34 PM,,