OBJECTID,ACCIDENTNUM,ACCIDENTDATE,ACCIDENT_YEAR,ACCIDENT_MONTH,ACCIDENT_DAY,ACCIDENT_HOUR,ACCIDENT_MINUTE,ACCIDENT_SECOND,ACCIDENT_WEEKDAY,XCOORD,YCOORD,LONGITUDE,LATITUDE,ACCIDENTLOCATION,COLLISIONTYPE,CLASSIFICATIONOFACCIDENT,IMPACTLOCATION,INITIALDIRECTIONOFTRAVELONE,INITIALDIRECTIONOFTRAVELTWO,INITIALIMPACTTYPE,INTTRAFFICCONTROL,LIGHT,LIGHTFORREPORT,ROADJURISDICTION,TRAFFICCONTROL,TRAFFICCONTROLCONDITION,THRULANENO,NORTHBOUNDDISOBEYCOUNT,SOUTHBOUNDDISOBEYCOUNT,PEDESTRIANINVOLVED,CYCLISTINVOLVED,MOTORCYCLISTINVOLVED,ENVIRONMENTCONDITION1,ENVIRONMENTCONDITION2,SELFREPORTED,XMLIMPORTNOTES,LASTEDITEDDATE,CREATE_BY,CREATE_DATE
49192,19107938,1557300600000,2019,5,8,7,30,0,Wednesday,540590.05765,4811678.84111,-80.498284,43.456925,Non intersection,2,P.D. only,Right shoulder,unknown,unknown,SMV unattended vehicle,Unknown,Daylight,01 - Daylight,Municipal (excl. Twp. Rd.),No control,unknown,0,0,0,False,False,False,Clear,,True,Road 1: LOUISA ST; Road 2: DUKE ST W; Vehicle #1     Make: HOND     Model: CIL     Colour: BLK     Style: 4D; Vehicle #2     Make: MERZ     Model: ML3     Colour: WHI     Style: TY,4/9/2021 5:47:18 PM,,
49193,19108013,1557478800000,2019,5,10,9,0,0,Friday,541496.77139,4808744.67933,-80.4873,43.430456,Intersection related,2,P.D. only,Within intersection,unknown,unknown,Rear end,Unknown,Daylight,01 - Daylight,Municipal (excl. Twp. Rd.),unknown,Functioning,0,0,0,False,False,False,Clear,,True,Road 1: HIGHLAND RD KITCHNER; Road 2: HOFFMAN ST KITCHENER; Vehicle #1     Make: ACUR     Model: RDX     Colour: GRY     Style: TY; Vehicle #2     Make: HOND     Model: CTU     Colour: WHI     Style: 4D,4/27/2022 10:40:27 AM,,
49194,19108331,1557561840000,2019,5,11,8,4,0,Saturday,536515.81205,4807723.29224,-80.548907,43.421518,Non intersection,2,P.D. only,Off highway,unknown,unknown,SMV other,Unknown,Daylight,01 - Daylight,Municipal (excl. Twp. Rd.),No control,unknown,0,0,0,False,False,False,Clear,,False,Road 1: 26 COVINGTON CRESCENT (50 km/h); Road 2: COVINGTON CRES; Distance: 5.0 K E; Vehicle #1     Make: MAZD     Model: M5T     Colour: GRY     Style: SW,4/9/2021 5:47:50 PM,,
49195,19108494,1557572100000,2019,5,11,10,55,0,Saturday,545547.59315,4804672.82288,-80.43759299999999,43.393557,At intersection,2,P.D. only,Thru lane,unknown,unknown,Rear end,Stop sign,Daylight,01 - Daylight,unknown,Stop sign,unknown,0,0,0,False,False,False,Clear,,True,Road 1: BECHTEL DR; Road 2: PIONEER DR; Vehicle #1     Make: TOYT     Model: HIG     Colour: WHI     Style: TY; Vehicle #2     Make: STRN     Model: SI1     Colour: RED     Style: 4D,4/9/2021 5:47:28 PM,,
49196,19108655,1557588600000,2019,5,11,15,30,0,Saturday,543143.92027,4810141.70639,-80.466839,43.442941999999995,Non intersection,2,P.D. only,Thru lane,unknown,unknown,Sideswipe,Unknown,Daylight,01 - Daylight,Regional municipality,No control,unknown,0,0,0,False,False,False,Clear,,True,Road 1: SYDNEY ST N; Road 2: WEBER ST E; Vehicle #1     Make: TOYT     Model: RG4     Colour: BLK     Style: TY; Vehicle #2     Make: CHEV     Model: ML2     Colour: WHI     Style: 4D,4/9/2021 5:48:06 PM,,
49197,19108757,1557576900000,2019,5,11,12,15,0,Saturday,540793.00564,4811771.05148,-80.495769,43.457744,Non intersection,2,Non-reportable,Thru lane,unknown,unknown,Sideswipe,Unknown,Daylight,01 - Daylight,Regional municipality,No control,unknown,0,0,0,False,False,False,Clear,,True,Road 1: LOUISA ST; Road 2: WEBER ST W; Vehicle #1     Make: DODG     Model: CJO     Colour: GRY     Style: TY; Vehicle #2     Make:      Model:      Colour:      Style:,4/9/2021 5:48:12 PM,,
49198,19109059,1557628200000,2019,5,12,2,30,0,Sunday,538815.109,4809194.44243,-80.520399,43.434649,At intersection,2,P.D. only,Within intersection,unknown,unknown,Angle,Unknown,Dark,07 - Dark,Municipal (excl. Twp. Rd.),unknown,Functioning,0,0,0,False,False,False,Clear,,True,Road 1: HIGHLAND CRESCENT; Road 2: FIELD GATE ST; Vehicle #1     Make: HOND     Model: UDY     Colour: BLK     Style: VN; Vehicle #2     Make: DODG     Model: DAK     Colour: BLK     Style: PK,4/27/2022 10:41:37 AM,,
49199,19109502,1557691200000,2019,5,12,20,0,0,Sunday,541536.9089,4808761.06262,-80.486803,43.430600999999996,Non intersection,2,P.D. only,Thru lane,unknown,unknown,Rear end,Unknown,Dusk,05 - Dusk,Municipal (excl. Twp. Rd.),No control,unknown,0,0,0,False,False,False,Clear,,True,Road 1: HOFFMAN AVE KITCHENER; Road 2: SOUTHDALE AVE KITCHNER; Vehicle #1     Make: DODG     Model: CAR     Colour: SIL     Style: VN; Vehicle #2     Make: TOYT     Model: CTR     Colour: BLU     Style: 4B,4/9/2021 5:47:19 PM,,
49200,19109547,1557696600000,2019,5,12,21,30,0,Sunday,547287.50087,4804709.6787,-80.416106,43.393781999999995,Non intersection,2,P.D. only,Thru lane,unknown,unknown,SMV other,Unknown,Dark,07 - Dark,Municipal (excl. Twp. Rd.),No control,unknown,0,0,0,False,False,False,Clear,,True,Road 1: OLD MILL RD KITCHENER; Road 2: HOMER WATSON BLVD KITCHENER; Vehicle #1     Make: HYUN     Model: BGS     Colour: RED     Style: 4D,4/9/2021 5:47:19 PM,,
49201,19109702,1557693000000,2019,5,12,20,30,0,Sunday,542111.55052,4815957.24194,-80.479147,43.495363,At/near private drive,2,Non-reportable,Thru lane,unknown,unknown,SMV unattended vehicle,Unknown,Dusk,05 - Dusk,Municipal (excl. Twp. Rd.),No control,unknown,0,0,0,False,False,False,Rain,,True,Road 1: 40 HAWKSWOOD DR; Vehicle #1     Make:      Model:      Colour:      Style: ; Vehicle #2     Make: NISS     Model: MSV     Colour: BLK     Style: 4D,4/9/2021 5:47:51 PM,,
49202,19110161,1557769200000,2019,5,13,17,40,0,Monday,541548.94576,4811886.25095,-80.48641599999999,43.45874,At intersection,2,P.D. only,Within intersection,unknown,unknown,Angle,Unknown,Daylight,01 - Daylight,Regional municipality,Stop sign,Functioning,0,0,0,False,False,False,Rain,,False,Road 1: ST LEGER ST (50 km/h); Road 2: BREITHAUPT ST (50 km/h); Distance:  K; Vehicle #1     Make: TOYT     Model: XLL     Colour: RED     Style: 4D; Vehicle #2     Make: HOND     Model: UAX     Colour: WHI     Style: 4D,4/9/2021 5:48:01 PM,,
49203,19110198,1557772080000,2019,5,13,18,28,0,Monday,542785.96941,4804146.90685,-80.471732,43.388985,Intersection related,2,P.D. only,Within intersection,unknown,unknown,Angle,Unknown,Daylight,01 - Daylight,Municipal (excl. Twp. Rd.),unknown,Functioning,0,0,0,False,False,False,Rain,,False,Road 1: HURON RD (50 km/h); Road 2: PARKVALE DR (50 km/h); Distance: 5.0 M E; Vehicle #1     Make: NISS     Model: SL2     Colour: RED     Style: 4D; Vehicle #2     Make: HOND     Model: ULX     Colour: BLK     Style: 4D,4/9/2021 5:48:15 PM,,
49204,19110267,1557754200000,2019,5,13,13,30,0,Monday,544684.6703,4806292.55604,-80.448115,43.408193,Non intersection,2,P.D. only,Thru lane,unknown,unknown,Rear end,Unknown,Daylight,01 - Daylight,Regional municipality,No control,unknown,0,0,0,False,False,False,Clear,,True,Road 1: WABANAKI DR; Road 2: MANITOU DR KITCHENER; Vehicle #1     Make: HYUN     Model: ESS     Colour: WHI     Style: 4D; Vehicle #2     Make: MAZD     Model: MAZD     Colour:      Style: 4DR,4/9/2021 5:48:06 PM,,
49205,19110984,1557850980000,2019,5,14,16,23,0,Tuesday,541146.94602,4810992.65252,-80.491452,43.450716,Other,2,P.D. only,Right shoulder,unknown,unknown,SMV unattended vehicle,Unknown,Daylight,01 - Daylight,Regional municipality,No control,unknown,0,0,0,False,False,False,Clear,,False,Road 1: 125 KING ST W (50 km/h); Road 2: YOUNG ST; Distance: 70.0 M E; Charged Driver #1 on page 1: NA NA (NA) (NA); Vehicle #1     Make: FORD     Model: FTP     Colour: WHI     Style: 4D; Vehicle #2     Make: GMC     Model: YUK     Colour: BLK     Style:,4/27/2022 10:42:52 AM,,
49206,19111014,1557853380000,2019,5,14,17,3,0,Tuesday,540085.15585,4807708.84927,-80.50481599999999,43.421206,At/near private drive,2,P.D. only,Thru lane,unknown,unknown,Turning movement,Unknown,Daylight,01 - Daylight,Municipal (excl. Twp. Rd.),No control,unknown,1,0,0,False,False,True,Clear,,False,Road 1: HOWE DR (IFO 50) (50 km/h); Road 2: HOWE DR; Distance: 1.0 K S; Vehicle #1     Make: DODG     Model: CAR     Colour: BLU     Style: 4W; Vehicle #2     Make: HD     Model: LTR     Colour: RED     Style: MS,4/9/2021 5:47:48 PM,,
49207,19111181,1557761700000,2019,5,13,15,35,0,Monday,544251.16751,4803470.16671,-80.45369699999999,43.382805999999995,Non intersection,2,Non-reportable,Off highway,unknown,unknown,SMV unattended vehicle,Unknown,Daylight,01 - Daylight,Municipal (excl. Twp. Rd.),No control,unknown,0,0,0,False,False,False,Clear,,True,Road 1: CARYNDALE DR; Vehicle #1     Make: HYUN     Model: SFT     Colour: GRY     Style: TY; Vehicle #2     Make: TOYT     Model: HIG     Colour: BLK     Style: TY,4/9/2021 5:47:50 PM,,
49208,19111449,1557907500000,2019,5,15,8,5,0,Wednesday,545874.83377,4809386.05193,-80.433156,43.435975,At/near private drive,2,P.D. only,Thru lane,unknown,unknown,Angle,Unknown,Daylight,01 - Daylight,Municipal (excl. Twp. Rd.),No control,unknown,0,0,0,False,False,False,Clear,,True,Road 1: 83 THALER AVE KITCHENER; Vehicle #1     Make: TOYT     Model: RG4     Colour: BLK     Style: TY; Vehicle #2     Make: TOYT     Model: MTL     Colour: GRY     Style: 4D,4/9/2021 5:47:21 PM,,
49209,19111685,1557837900000,2019,5,14,12,45,0,Tuesday,541673.49593,4811116.38014,-80.484935,43.451800999999996,Non intersection,2,P.D. only,Thru lane,unknown,unknown,SMV unattended vehicle,Unknown,Daylight,01 - Daylight,Municipal (excl. Twp. Rd.),No control,unknown,0,0,0,False,False,False,Clear,,True,Road 1: SPETZ ST; Road 2: FREDERICK ST; Distance: 20.0 M S; Vehicle #1     Make: FORD     Model: COF     Colour: GRY     Style: PK; Vehicle #2     Make: DODG     Model: JOU     Colour: WHI     Style: TY,4/9/2021 5:47:21 PM,,
49210,19112118,1557956520000,2019,5,15,21,42,0,Wednesday,543237.10283,4812239.6469,-80.46552199999999,43.461825999999995,Non intersection,2,P.D. only,Thru lane,unknown,unknown,SMV unattended vehicle,Unknown,"Dark, artificial","08 - Dark, artificial",Municipal (excl. Twp. Rd.),No control,unknown,1,0,0,False,False,False,Clear,,False,Road 1: 519 EPHRAIM ST (50 km/h); Road 2: EPHRAIM ST; Distance: 20.0 M S; Vehicle #1     Make: STRN     Model: SL1     Colour: GLD     Style: 4D; Vehicle #2     Make: HOND     Model: CCL     Colour: GRY     Style: 4D,4/9/2021 5:47:50 PM,,
49211,19112308,1557989100000,2019,5,16,6,45,0,Thursday,547005.21655,4809643.63989,-80.419167,43.438224999999996,Non intersection,2,P.D. only,Thru lane,unknown,unknown,Approaching,Unknown,Daylight,01 - Daylight,Municipal (excl. Twp. Rd.),No control,unknown,0,0,0,False,False,False,Clear,,True,Road 1: 111 SIMS ESTATE DR; Road 2: MORRISON RD; Vehicle #1     Make: VOLK     Model: JBS     Colour: BLK     Style: 4D; Vehicle #2     Make: MAZD     Model: 3TR     Colour: WHI     Style: 4D,4/9/2021 5:47:22 PM,,
49212,19113072,1558129200000,2019,5,17,21,40,0,Friday,543569.23234,4804977.23363,-80.461996,43.396415999999995,At intersection,2,P.D. only,Within intersection,unknown,unknown,Angle,Unknown,Dark,07 - Dark,Municipal (excl. Twp. Rd.),Traffic signal,Functioning,0,1,0,False,False,False,Clear,,False,Road 1: HURON RD (50 km/h); Road 2: BATTLER RD (50 km/h); Distance:  K; Vehicle #1     Make: HOND     Model: UCL     Colour: BLK     Style: 4DR; Vehicle #2     Make: KIA     Model: FLX     Colour: RED     Style: 4D,4/9/2021 5:47:33 PM,,
49213,19113312,1558078200000,2019,5,17,7,30,0,Friday,541859.39806,4807432.86044,-80.48292,43.418624,Non intersection,2,P.D. only,Thru lane,unknown,unknown,Rear end,Unknown,Daylight,01 - Daylight,Municipal (excl. Twp. Rd.),No control,unknown,0,0,0,False,False,False,Clear,,True,Road 1: STRASBURG RD; Road 2: SELKIRK DR; Vehicle #1     Make: CHRY     Model: 2LM     Colour: SIL     Style: 4D; Vehicle #2     Make: MAZD     Model: MGR     Colour: GRY     Style: 4D,4/9/2021 4:25:40 PM,,
49214,19113432,1558018800000,2019,5,16,15,0,0,Thursday,539102.77443,4811057.95562,-80.516712,43.451412999999995,Non intersection,2,P.D. only,Thru lane,unknown,unknown,Sideswipe,Unknown,Daylight,01 - Daylight,Municipal (excl. Twp. Rd.),No control,unknown,0,0,0,False,False,False,Clear,,True,Road 1: BELMONT ST KITCHENER; Road 2: GLASGOW ST KITCHENER; Vehicle #1     Make: FORD     Model: EPR     Colour: GRY     Style: TY; Vehicle #2     Make: SUZI     Model: CXJ     Colour: GRY     Style: 4B,4/9/2021 5:47:23 PM,,
49215,19113528,1558092600000,2019,5,17,11,30,0,Friday,542108.27876,4807130.90306,-80.479869,43.415890999999995,Intersection related,2,Non-reportable,Thru lane,unknown,unknown,Rear end,Unknown,Daylight,01 - Daylight,Municipal (excl. Twp. Rd.),Traffic signal,Functioning,0,0,0,False,False,False,Clear,,True,Road 1: BLOCK LINE RD; Road 2: STRASSBURG RD; Vehicle #1     Make: LEXS     Model: RX5     Colour: BRN     Style: TY; Vehicle #2     Make:      Model:      Colour:      Style:,4/9/2021 5:47:35 PM,,
49216,19113746,1558110600000,2019,5,17,16,30,0,Friday,538261.02325,4807545.72514,-80.527361,43.419832,Non intersection,2,P.D. only,Thru lane,unknown,unknown,Turning movement,Unknown,Daylight,01 - Daylight,Regional municipality,No control,unknown,0,0,0,False,False,False,Clear,,True,Road 1: MCGARRY DR (IN FRONT OF 197 MCGARRY); Road 2: FORESTWOOD DRIVE; Vehicle #1     Make: VOLK     Model: OP1     Colour: GRY     Style: 4D; Vehicle #2     Make: CHEV     Model: SIL     Colour: GRY     Style: PK,4/9/2021 5:48:08 PM,,
49217,19114561,1558195080000,2019,5,18,15,58,0,Saturday,538305.18722,4809857.18271,-80.526653,43.440643,At/near private drive,2,P.D. only,Off highway,unknown,unknown,SMV other,Unknown,Daylight,01 - Daylight,Private property,No control,unknown,0,0,0,False,False,False,Clear,,False,Road 1: CHOPIN DR (50 km/h); Road 2: HAZELGLEN DR; Distance: 20.0 M N; Vehicle #1     Make: NISS     Model: ROG     Colour: BLK     Style: TY,4/9/2021 4:29:24 PM,,
49218,19115176,1558255200000,2019,5,19,8,40,0,Sunday,537085.61735,4807148.42348,-80.54190799999999,43.416314,At/near private drive,2,P.D. only,Thru lane,unknown,unknown,SMV unattended vehicle,Unknown,Daylight,01 - Daylight,Municipal (excl. Twp. Rd.),No control,unknown,0,0,0,False,False,False,Clear,,True,Road 1: HIGHVIEW DR; Road 2: DRIFTWOOD DR; Vehicle #1     Make: HOND     Model: CCL     Colour: BLU     Style: 4D; Vehicle #2     Make: NISS     Model: VNS     Colour: BLK     Style: 4B,4/9/2021 4:29:27 PM,,
49219,19115326,1558267200000,2019,5,19,12,0,0,Sunday,545682.6403,4809252.39429,-80.435542,43.434784,At/near private drive,2,P.D. only,Thru lane,unknown,unknown,SMV unattended vehicle,Unknown,Daylight,01 - Daylight,Municipal (excl. Twp. Rd.),No control,unknown,0,0,0,False,False,False,Clear,,True,Road 1: 71 OBERMEYER DR (ROADSIDE PARKING); Vehicle #1     Make: GMC     Model: CAN     Colour: WHI     Style: PK; Vehicle #2     Make: HOND     Model: UCL     Colour: BLK     Style: 4D,4/9/2021 4:29:26 PM,,
49220,19115370,1558274400000,2019,5,19,14,0,0,Sunday,539776.15512,4806832.95473,-80.508697,43.413336,Non intersection,2,P.D. only,Thru lane,unknown,unknown,Angle,Unknown,Daylight,01 - Daylight,Regional municipality,No control,unknown,0,0,0,False,False,False,Clear,,True,Road 1: ACTIVA AVE; Road 2: FISCHER-HALLMAN RD; Vehicle #1     Make: KIA     Model: SPO     Colour: WHI     Style: TY; Vehicle #2     Make: KIA     Model: FNG     Colour: WHI     Style: 4D,4/9/2021 4:25:43 PM,,
49221,19115886,1558116000000,2019,5,17,18,0,0,Friday,541616.00901,4804006.56892,-80.486188,43.387786999999996,Non intersection,2,P.D. only,Thru lane,unknown,unknown,SMV unattended vehicle,Unknown,Daylight,01 - Daylight,Regional municipality,No control,unknown,0,0,0,False,False,False,Clear,,True,Road 1: 20 SEABROOK DR; Vehicle #1     Make:      Model:      Colour:      Style: ; Vehicle #2     Make: HYUN     Model: ASE     Colour: WHI     Style: 4B,4/9/2021 5:48:15 PM,,
49222,19116591,1558412700000,2019,5,21,4,25,0,Tuesday,541183.42037,4810691.85139,-80.491024,43.448004999999995,At intersection,2,P.D. only,Not on roadway - left side,unknown,unknown,SMV other,Unknown,Dark,07 - Dark,Regional municipality,Traffic signal,Functioning,0,0,0,False,False,False,Clear,,False,Road 1: JOSEPH ST (50 km/h); Road 2: QUEEN ST S (40 km/h); Distance: 3.0 M W; Vehicle #1     Make: GMC     Model: ENV     Colour: GRY     Style: TY,4/9/2021 4:28:08 PM,,
49223,19116635,1558420200000,2019,5,21,6,30,0,Tuesday,539872.64543,4805740.94085,-80.50758499999999,43.403498,At intersection,2,P.D. only,Within intersection,unknown,unknown,Angle,Unknown,Daylight,01 - Daylight,Municipal (excl. Twp. Rd.),Stop sign,Functioning,0,0,0,False,False,False,Clear,,True,Road 1: MAX BECKER DR; Road 2: COPPER LEAF ST; Vehicle #1     Make: HYUN     Model: SFT     Colour: RED     Style: TY; Vehicle #2     Make: HOND     Model: FKG     Colour: GRY     Style: 4B,4/9/2021 4:28:25 PM,,
49224,19116955,1558443960000,2019,5,21,13,6,0,Tuesday,541762.4315,4809280.63387,-80.483977,43.435266999999996,At/near private drive,2,P.D. only,Thru lane,unknown,unknown,Other,Unknown,Daylight,01 - Daylight,Municipal (excl. Twp. Rd.),No control,unknown,0,0,0,False,False,False,Clear,,True,Road 1: 334 MILL ST KICTCHENER; Vehicle #1     Make: TOYT     Model: AXP     Colour: BLK     Style: 4D; Vehicle #2     Make: KIA     Model: SOR     Colour: SIL     Style: TY,4/9/2021 4:29:29 PM,,
49225,19117099,1558426800000,2019,5,21,8,20,0,Tuesday,535847.75664,4809497.29223,-80.557043,43.437523999999996,At/near private drive,2,Non-reportable,Thru lane,unknown,unknown,SMV unattended vehicle,Unknown,Daylight,01 - Daylight,Municipal (excl. Twp. Rd.),No control,unknown,0,0,0,False,False,False,Clear,,True,Road 1: IRON GATE ST (IFO 27); Vehicle #1     Make:      Model:      Colour:      Style: ; Vehicle #2     Make: NISS     Model: VSL     Colour: BLK     Style: 4B,4/9/2021 4:28:51 PM,,
49226,19117107,1558454400000,2019,5,21,16,0,0,Tuesday,538711.36672,4810930.86031,-80.521558,43.450289,Non intersection,2,Non-reportable,Thru lane,unknown,unknown,Rear end,Unknown,Daylight,01 - Daylight,Regional municipality,No control,unknown,0,0,0,False,False,False,Clear,,True,Road 1: GLASGOW ST (IFO 320); Road 2: WESTMOUNT RD; Vehicle #1     Make: HYUN     Model: CFE     Colour: BLK     Style: TY; Vehicle #2     Make: DODG     Model: JOU     Colour: WHI     Style: TY,4/9/2021 4:26:13 PM,,
49227,19117171,1558456200000,2019,5,21,16,30,0,Tuesday,540761.69794,4811521.02278,-80.496174,43.455493999999995,At/near private drive,2,P.D. only,Thru lane,unknown,unknown,SMV unattended vehicle,Unknown,Daylight,01 - Daylight,Municipal (excl. Twp. Rd.),No control,unknown,0,0,0,False,False,False,Clear,,True,Road 1: BREITHAUPT ST (102); Road 2: DUKE ST W; Distance: 30.0 M E; Vehicle #1     Make:      Model:      Colour:      Style: ; Vehicle #2     Make: JEEP     Model: CHK     Colour: GRY     Style: TY,4/9/2021 4:29:03 PM,,
49228,19117378,1558422600000,2019,5,21,7,10,0,Tuesday,538842.37369,4805801.46526,-80.520304,43.404097,Non intersection,2,Non-reportable,Thru lane,unknown,unknown,Other,Unknown,Daylight,01 - Daylight,Regional municipality,No control,unknown,0,0,0,False,False,False,Clear,,True,Road 1: 422 ACTIVA AVE; Vehicle #1     Make: DODG     Model: CJO     Colour: WHI     Style: TY; Vehicle #2     Make: HOND     Model: UDY     Colour: BLK     Style: VN,4/9/2021 4:26:43 PM,,
49229,19117381,1558267200000,2019,5,19,12,0,0,Sunday,540300.76953,4805855.98345,-80.50228899999999,43.404511,Non intersection,2,Non-reportable,Right shoulder,unknown,unknown,SMV unattended vehicle,Unknown,Daylight,01 - Daylight,Municipal (excl. Twp. Rd.),No control,unknown,0,0,0,False,False,False,Clear,,True,Road 1: 315 MAX BECKER DR; Vehicle #1     Make:      Model:      Colour:      Style: ; Vehicle #2     Make: VOLK     Model: JWE     Colour: RED     Style: 4D,4/9/2021 4:26:13 PM,,
49230,19117607,1558515600000,2019,5,22,9,0,0,Wednesday,539573.69417,4806250.59302,-80.51124,43.408103,At intersection,2,P.D. only,Within intersection,unknown,unknown,Rear end,Unknown,Daylight,01 - Daylight,Municipal (excl. Twp. Rd.),Stop sign,unknown,0,0,0,False,False,False,Clear,,False,Road 1: ACTIVA AVE (50 km/h); Road 2: COPPER LEAF ST (50 km/h); Distance:  K; Vehicle #1     Make: INTL     Model: PB1     Colour: YEL     Style: BU; Vehicle #2     Make: TOYT     Model: CBS     Colour: SIL     Style: 4D,4/9/2021 4:28:34 PM,,
49231,19118167,1558539000000,2019,5,22,15,30,0,Wednesday,541179.92689,4809392.48417,-80.49116599999999,43.436305999999995,At intersection,2,Non-reportable,Thru lane,unknown,unknown,Rear end,Unknown,Daylight,01 - Daylight,Municipal (excl. Twp. Rd.),Traffic signal,Functioning,0,0,0,False,False,False,Clear,,True,Road 1: HIGHLAND RD E; Road 2: STIRLING AVE S; Vehicle #1     Make: CHEV     Model: SIL     Colour: SIL     Style: PK; Vehicle #2     Make:      Model:      Colour:      Style:,4/9/2021 4:28:39 PM,,
49232,19118220,1558652700000,2019,5,23,23,5,0,Thursday,542941.4766,4811984.48406,-80.469196,43.459545999999996,Non intersection,2,P.D. only,Thru lane,unknown,unknown,Sideswipe,Unknown,Dark,07 - Dark,Regional municipality,No control,unknown,1,0,0,False,False,False,Clear,,False,Road 1: FREDERICK ST (50 km/h); Road 2: LOIS ST; Distance: 100.0 M S; Vehicle #1     Make: MERZ     Model: C4A     Colour: SIL     Style: 4D; Vehicle #2     Make: TOYT     Model: RUN     Colour: BLK     Style: TY,3/26/2021 11:53:26 AM,,
49233,19118613,1558611540000,2019,5,23,11,39,0,Thursday,545398.94448,4808860.90287,-80.43907999999999,43.431276,Non intersection,2,Non-reportable,Thru lane,unknown,unknown,Turning movement,Unknown,Daylight,01 - Daylight,Municipal (excl. Twp. Rd.),No control,unknown,0,0,0,False,False,False,Rain,,True,Road 1: KINZIE AVE KITCHENER; Road 2: WEBER ST KITCHENER; Vehicle #1     Make: NISS     Model: ROG     Colour: SIL     Style: TY; Vehicle #2     Make:      Model:      Colour:      Style:,4/9/2021 4:26:03 PM,,
49234,19118694,1558623600000,2019,5,23,15,0,0,Thursday,541499.82834,4811996.0473,-80.487015,43.459731,Intersection related,2,P.D. only,Within intersection,unknown,unknown,Angle,Unknown,Daylight,01 - Daylight,Municipal (excl. Twp. Rd.),Stop sign,Functioning,0,0,0,False,False,False,Clear,,False,Road 1: ST LEGER ST (50 km/h); Road 2: WELLINGTON ST N (50 km/h); Distance: 4.0 M W; Vehicle #1     Make: FORD     Model: EXPL     Colour:      Style: COM; Vehicle #2     Make: CHRY     Model: PTC     Colour: RED     Style: VN,4/9/2021 4:27:25 PM,,
49235,19118717,1558624980000,2019,5,23,15,23,0,Thursday,539112.08223,4811655.65619,-80.516554,43.456795,Intersection related,2,P.D. only,Thru lane,unknown,unknown,Rear end,Unknown,Daylight,01 - Daylight,Municipal (excl. Twp. Rd.),Traffic signal,Functioning,1,0,0,False,False,False,Clear,,False,Road 1: UNION BLVD (50 km/h); Road 2: PARK ST (50 km/h); Vehicle #1     Make: NISS     Model: VSL     Colour: RED     Style: 4B; Vehicle #2     Make: HOND     Model: CCL     Colour: GRY     Style: 4D; Vehicle #3     Make: TOYT     Model: RUN     Colour: G,4/9/2021 4:26:55 PM,,
49236,19118786,1558607400000,2019,5,23,10,30,0,Thursday,546290.41233,4803408.43105,-80.428528,43.382127,At intersection,2,P.D. only,Within intersection,unknown,unknown,Sideswipe,Unknown,Daylight,01 - Daylight,Municipal (excl. Twp. Rd.),Stop sign,Functioning,0,0,0,False,False,False,Clear,,True,Road 1: DOON SOUTH DR; Road 2: DOON MILLS DRIVE; Vehicle #1     Make: HYUN     Model: CFE     Colour: BLU     Style: TY; Vehicle #2     Make: HOND     Model: UEX     Colour: GRY     Style: 4D,4/9/2021 4:28:31 PM,,
49237,19119352,1558692000000,2019,5,24,10,0,0,Friday,541639.79981,4810717.54471,-80.485382,43.448212,Non intersection,2,P.D. only,Thru lane,unknown,unknown,Sideswipe,Unknown,Daylight,01 - Daylight,Municipal (excl. Twp. Rd.),No control,unknown,0,0,0,False,False,False,Clear,,True,Road 1: KING ST E (IN FRONT OF 235 KING ST E); Road 2: EBY ST N; Distance: 50.0 M W; Vehicle #1     Make: HYUN     Model: EGM     Colour: SIL     Style: 4D; Vehicle #2     Make: HOND     Model: UCL     Colour: BLU     Style: 4D; Vehicle #3     Make:      ,8/16/2022 3:00:29 PM,,
49238,19119533,1558704600000,2019,5,24,13,30,0,Friday,543082.72994,4812047.1129,-80.467445,43.460100999999995,Non intersection,2,P.D. only,Thru lane,unknown,unknown,Rear end,Unknown,Daylight,01 - Daylight,Regional municipality,No control,unknown,0,0,0,False,False,False,Clear,,True,Road 1: FREDERICK ST; Road 2: BRUCE ST; Vehicle #1     Make: KIA     Model: FKG     Colour: GRY     Style: 4D; Vehicle #2     Make: ACUR     Model: IGS     Colour: WHI     Style: 2B; Vehicle #3     Make: TOYT     Model: CEC     Colour: BLU     Style: 4B,4/27/2022 10:40:51 AM,,
49239,19119826,1558704600000,2019,5,24,13,30,0,Friday,543073.23829,4812801.6143,-80.467503,43.466895,Intersection related,2,Non-reportable,Thru lane,unknown,unknown,Sideswipe,Unknown,Daylight,01 - Daylight,Municipal (excl. Twp. Rd.),unknown,Functioning,0,0,0,False,False,False,Clear,,True,Road 1: WELLINGTON ST N; Road 2: RIVERBEND DR; Vehicle #1     Make:      Model:      Colour:      Style: ; Vehicle #2     Make: FORD     Model: DRW     Colour: RED     Style: PK,4/9/2021 4:27:28 PM,,
49240,19119848,1558726800000,2019,5,24,19,40,0,Friday,542307.35107,4811038.453,-80.477108,43.451063999999995,At intersection,2,P.D. only,Within intersection,unknown,unknown,Angle,Unknown,Daylight,01 - Daylight,Municipal (excl. Twp. Rd.),Stop sign,Functioning,0,0,0,False,False,False,Clear,,True,Road 1: SAMUEL ST; Road 2: KRUG ST; Vehicle #1     Make: TOYT     Model: CEC     Colour: BLU     Style: 2B; Vehicle #2     Make: HYUN     Model: SAN     Colour: BLK     Style: TY,4/9/2021 4:28:35 PM,,