OBJECTID,ACCIDENTNUM,ACCIDENTDATE,ACCIDENT_YEAR,ACCIDENT_MONTH,ACCIDENT_DAY,ACCIDENT_HOUR,ACCIDENT_MINUTE,ACCIDENT_SECOND,ACCIDENT_WEEKDAY,XCOORD,YCOORD,LONGITUDE,LATITUDE,ACCIDENTLOCATION,COLLISIONTYPE,CLASSIFICATIONOFACCIDENT,IMPACTLOCATION,INITIALDIRECTIONOFTRAVELONE,INITIALDIRECTIONOFTRAVELTWO,INITIALIMPACTTYPE,INTTRAFFICCONTROL,LIGHT,LIGHTFORREPORT,ROADJURISDICTION,TRAFFICCONTROL,TRAFFICCONTROLCONDITION,THRULANENO,NORTHBOUNDDISOBEYCOUNT,SOUTHBOUNDDISOBEYCOUNT,PEDESTRIANINVOLVED,CYCLISTINVOLVED,MOTORCYCLISTINVOLVED,ENVIRONMENTCONDITION1,ENVIRONMENTCONDITION2,SELFREPORTED,XMLIMPORTNOTES,LASTEDITEDDATE,CREATE_BY,CREATE_DATE
49241,19119953,1558706400000,2019,5,24,14,0,0,Friday,543607.1992,4812170.15117,-80.46095199999999,43.461179,Intersection related,2,P.D. only,Thru lane,unknown,unknown,Angle,Unknown,Daylight,01 - Daylight,Regional municipality,Stop sign,Functioning,0,0,0,False,False,False,Clear,,True,Road 1: ROSEMOUNT DR; Road 2: RIVER RD E; Vehicle #1     Make: TOYT     Model: YSE     Colour: GRY     Style: 4B; Vehicle #2     Make: TOYT     Model: UCS     Colour: GRY     Style: 4D,4/9/2021 4:27:31 PM,,
49242,19119956,1558706400000,2019,5,24,14,0,0,Friday,541251.89366,4806245.23159,-80.49051399999999,43.407964,Non intersection,2,P.D. only,Thru lane,unknown,unknown,SMV unattended vehicle,Unknown,Daylight,01 - Daylight,Municipal (excl. Twp. Rd.),No control,unknown,0,0,0,False,False,False,Clear,,True,Road 1: FOLKSTONE CRESCENT (IN FRONT OF 79 FOLKSTONE); Road 2: RITTENHOUSE RD; Vehicle #1     Make: RAM     Model: RTR     Colour: BLU     Style: CW; Vehicle #2     Make: MAZD     Model: M6I     Colour: GRY     Style: 4B,4/9/2021 5:47:20 PM,,
49243,19120341,1558782000000,2019,5,25,11,0,0,Saturday,543044.32118,4809761.20462,-80.4681,43.439521,Intersection related,2,P.D. only,Thru lane,unknown,unknown,Angle,Unknown,Daylight,01 - Daylight,Municipal (excl. Twp. Rd.),unknown,Functioning,0,0,1,False,False,False,Clear,,True,Road 1: CHARLES ST E; Road 2: PRESTON ST; Vehicle #1     Make: GMC     Model: SIE     Colour: BLK     Style: PK; Vehicle #2     Make: NISS     Model: VNR     Colour: SIL     Style: 4B,4/27/2022 10:41:28 AM,,
49244,19120399,1558787700000,2019,5,25,12,35,0,Saturday,547739.88292,4811093.45063,-80.40996299999999,43.451232,Non intersection,2,Non-reportable,Thru lane,unknown,unknown,Rear end,Unknown,Daylight,01 - Daylight,Municipal (excl. Twp. Rd.),No control,unknown,0,0,0,False,False,False,Clear,,True,Road 1: 477 ZELLER DR; Vehicle #1     Make: TOYT     Model: HIG     Colour: GRY     Style: TY; Vehicle #2     Make: TOYT     Model: RUN     Colour: BLU     Style: TY,4/9/2021 4:26:05 PM,,
49245,19120415,1558782000000,2019,5,25,11,0,0,Saturday,541854.07839,4803512.89802,-80.48328599999999,43.383328999999996,Intersection related,2,P.D. only,Thru lane,unknown,unknown,Angle,Unknown,Daylight,01 - Daylight,Municipal (excl. Twp. Rd.),Stop sign,Functioning,0,0,0,False,False,False,Rain,,True,Road 1: HURON RD (ROUNABOUT); Road 2: WOODBINE AVE; Vehicle #1     Make: FORD     Model: COF     Colour: BLK     Style: PK; Vehicle #2     Make: KIA     Model: SED     Colour: RED     Style: VN,4/9/2021 4:27:31 PM,,
49246,19121334,1558873800000,2019,5,26,12,30,0,Sunday,549118.63295,4806322.37169,-80.393352,43.408184999999996,Intersection related,2,P.D. only,Thru lane,unknown,unknown,Turning movement,Unknown,Daylight,01 - Daylight,Municipal (excl. Twp. Rd.),unknown,unknown,0,0,0,False,False,False,Clear,,True,Road 1: GATEWAY PARK DR; Road 2: SPORTSWORLD DR; Vehicle #1     Make: HOND     Model: CIV     Colour: GRY     Style: 4D; Vehicle #2     Make: FORD     Model: FE     Colour: BLK     Style: 4D,4/27/2022 10:41:33 AM,,
49247,19121443,1558881900000,2019,5,26,14,45,0,Sunday,538267.52269,4808381.70843,-80.527222,43.427358999999996,Non intersection,2,P.D. only,Thru lane,unknown,unknown,Angle,Unknown,Daylight,01 - Daylight,Regional municipality,No control,unknown,0,0,0,False,False,False,Clear,,True,Road 1: QUEEN'S BLVD; Road 2: ELM RIDGE DR; Vehicle #1     Make: KIA     Model: OLX     Colour: BLU     Style: 4D; Vehicle #2     Make: FORD     Model: EPR     Colour: WHI     Style: TY,4/9/2021 4:25:42 PM,,
49248,19122055,1558951200000,2019,5,27,10,0,0,Monday,544123.74719,4812015.87695,-80.45457999999999,43.459759,Non intersection,2,P.D. only,Thru lane,unknown,unknown,SMV unattended vehicle,Unknown,Daylight,01 - Daylight,Municipal (excl. Twp. Rd.),No control,unknown,0,0,0,False,False,False,Clear,,True,Road 1: 168 EKLINGTON DR KITCHENER; Vehicle #1     Make: HOND     Model: UCL     Colour: SIL     Style: 4D; Vehicle #2     Make: FORD     Model: DRW     Colour: WHI     Style: CB,4/9/2021 4:26:27 PM,,
49249,19122371,1558726200000,2019,5,24,19,30,0,Friday,541363.04673,4813216.95238,-80.488613,43.470732,At/near private drive,2,Non-reportable,Thru lane,unknown,unknown,SMV unattended vehicle,Unknown,Daylight,01 - Daylight,Municipal (excl. Twp. Rd.),No control,unknown,0,0,0,False,False,False,Clear,,True,Road 1: 363 EDWIN ST; Vehicle #1     Make:      Model:      Colour:      Style: ; Vehicle #2     Make: GMC     Model: SIE     Colour: BLK     Style: PK,4/9/2021 4:29:39 PM,,
49250,19122539,1558977540000,2019,5,27,17,19,0,Monday,545035.99972,4807870.00589,-80.443646,43.422376,Intersection related,2,Non-reportable,Thru lane,unknown,unknown,Sideswipe,Unknown,Daylight,01 - Daylight,Municipal (excl. Twp. Rd.),Traffic signal,Functioning,0,0,0,False,False,False,Clear,,True,Road 1: WILSON AVE; Road 2: KINGSWAY DR; Vehicle #1     Make:      Model:      Colour:      Style: ; Vehicle #2     Make: HOND     Model: HRV     Colour: BLU     Style: TY,4/9/2021 4:27:21 PM,,
49251,19122760,1559022600000,2019,5,28,5,50,0,Tuesday,546635.96105,4802741.05101,-80.424319,43.376097,Intersection related,2,P.D. only,Within intersection,unknown,unknown,Rear end,Unknown,Dawn,03 - Dawn,Municipal (excl. Twp. Rd.),Stop sign,unknown,0,0,0,False,False,False,Rain,,True,Road 1: THOMAS SLEE DR; Road 2: ROBERT FERRIE; Vehicle #1     Make: JEEP     Model: GCK     Colour: BRN     Style: TY; Vehicle #2     Make: HYUN     Model: ESM     Colour: BLK     Style: 4D,4/9/2021 4:27:18 PM,,
49252,19122816,1558980000000,2019,5,27,18,0,0,Monday,548383.35862,4806477.5593,-80.402419,43.40963,At/near private drive,2,P.D. only,Thru lane,unknown,unknown,Rear end,Unknown,Daylight,01 - Daylight,Private property,No control,unknown,0,0,0,False,False,False,Clear,,True,Road 1: 4273 KING ST E; Vehicle #1     Make: VOLK     Model: JBS     Colour: BLK     Style: 4D; Vehicle #2     Make: VOLK     Model: GLF     Colour: WHI     Style: 4B,8/16/2022 2:56:19 PM,,
49253,19122946,1559045880000,2019,5,28,12,18,0,Tuesday,545112.93134,4807706.61076,-80.442709,43.4209,Non intersection,2,P.D. only,Thru lane,unknown,unknown,Rear end,Unknown,Daylight,01 - Daylight,Municipal (excl. Twp. Rd.),No control,unknown,1,0,0,False,False,False,Clear,,False,Road 1: WILSON AVE (50 km/h); Road 2: KINGSWAY DR; Distance: 20.0 M S; Vehicle #1     Make: MERZ     Model: GK3     Colour: BLK     Style: TY; Vehicle #2     Make: FORD     Model: EPR     Colour: BLU     Style: TY,3/26/2021 11:53:16 AM,,
49254,19123101,1558979700000,2019,5,27,17,55,0,Monday,539266.8854,4810591.14158,-80.51471699999999,43.447202,At/near private drive,2,P.D. only,Thru lane,unknown,unknown,Angle,Unknown,Daylight,01 - Daylight,Municipal (excl. Twp. Rd.),No control,unknown,0,0,0,False,False,False,Clear,,True,Road 1: BELMONT AVE W (IFO 525); Vehicle #1     Make: MAZD     Model: MCX     Colour: GRY     Style: TY; Vehicle #2     Make:      Model:      Colour:      Style:,4/9/2021 4:29:35 PM,,
49255,19123281,1558890000000,2019,5,26,17,0,0,Sunday,541058.26995,4805788.09017,-80.49293999999999,43.403859,At/near private drive,2,Non-reportable,Thru lane,unknown,unknown,SMV unattended vehicle,Unknown,Daylight,01 - Daylight,Municipal (excl. Twp. Rd.),No control,unknown,0,0,0,False,False,False,Clear,,True,Road 1: 16 TAMVALE CRESCENT; Vehicle #1     Make:      Model:      Colour:      Style: ; Vehicle #2     Make: HOND     Model: CRV     Colour: WHI     Style: TY,4/9/2021 4:29:38 PM,,
49256,19123603,1559070000000,2019,5,28,19,0,0,Tuesday,540940.30869,4812088.84335,-80.49392399999999,43.460597,At/near private drive,2,P.D. only,Thru lane,unknown,unknown,SMV unattended vehicle,Unknown,Daylight,01 - Daylight,Municipal (excl. Twp. Rd.),No control,unknown,0,0,0,False,False,False,Clear,,True,Road 1: DIEPPE AVE; Road 2: WILHELM ST; Vehicle #1     Make:      Model:      Colour:      Style: ; Vehicle #2     Make: ACUR     Model: TL     Colour: SIL     Style: 4D,4/9/2021 4:29:29 PM,,
49257,19124106,1559155800000,2019,5,29,18,50,0,Wednesday,540555.1784,4808570.30754,-80.49894599999999,43.428937,At intersection,2,P.D. only,Within intersection,unknown,unknown,SMV other,Unknown,Daylight,01 - Daylight,Municipal (excl. Twp. Rd.),Stop sign,Functioning,0,0,0,True,False,False,Clear,,False,Road 1: GREENBROOK DR (50 km/h); Road 2: LAKESIDE DR (50 km/h); Vehicle #1     Make: TOYT     Model: MTL     Colour: WHI     Style: 4D,4/9/2021 4:27:55 PM,,
49258,19124256,1559168940000,2019,5,29,22,29,0,Wednesday,543233.96808,4811478.27753,-80.465621,43.454971,Non intersection,2,P.D. only,Right shoulder,unknown,unknown,SMV unattended vehicle,Unknown,Dark,07 - Dark,Regional municipality,No control,unknown,0,0,0,False,False,False,Clear,,False,Road 1: 407 KRUG ST (50 km/h); Road 2: KRUG ST; Distance: 1.0 M N; Vehicle #1     Make: PONT     Model: MON     Colour: BLU     Style: VN; Vehicle #2     Make: GMC     Model: SAV     Colour: WHI     Style: FV,3/26/2021 11:53:28 AM,,
49259,19124604,1559212200000,2019,5,30,10,30,0,Thursday,542907.40622,4803802.67515,-80.47026,43.385878,Non intersection,2,P.D. only,Thru lane,unknown,unknown,SMV unattended vehicle,Unknown,Daylight,01 - Daylight,Municipal (excl. Twp. Rd.),No control,unknown,0,0,0,False,False,False,Clear,,True,Road 1: NEWCASTLE DR; Road 2: TWEEBSDALE; Vehicle #1     Make: TOYT     Model: PRI     Colour: WHI     Style: 4B; Vehicle #2     Make: JEEP     Model: CHK     Colour: RED     Style: TY,4/9/2021 4:25:45 PM,,
49260,19125314,1559237400000,2019,5,30,17,30,0,Thursday,538867.87508,4811007.49954,-80.519618,43.450970999999996,Intersection related,2,P.D. only,Thru lane,unknown,unknown,Angle,Unknown,Daylight,01 - Daylight,Municipal (excl. Twp. Rd.),Stop sign,unknown,0,0,0,False,False,False,Clear,,True,Road 1: GLASGOW ST KITCHENER; Road 2: AVONDALE AVE; Vehicle #1     Make: HOND     Model: RID     Colour: SIL     Style: PK; Vehicle #2     Make:      Model:      Colour:      Style:,4/9/2021 4:27:36 PM,,
49261,19125458,1559174400000,2019,5,30,0,0,0,Thursday,539009.79117,4810300.94373,-80.517915,43.444601999999996,Non intersection,2,Non-reportable,Thru lane,unknown,unknown,SMV unattended vehicle,Unknown,Dark,07 - Dark,Municipal (excl. Twp. Rd.),No control,unknown,0,0,0,False,False,False,Clear,,True,Road 1: 76 BRYBECK CRESCENT; Vehicle #1     Make: MAZD     Model: MWG     Colour: GRY     Style: VN; Vehicle #2     Make:      Model:      Colour:      Style:,4/9/2021 4:25:54 PM,,
49262,19125808,1559322120000,2019,5,31,17,2,0,Friday,540886.97318,4812000.22578,-80.49459,43.459801999999996,At intersection,2,P.D. only,Within intersection,unknown,unknown,Angle,Unknown,Daylight,01 - Daylight,Municipal (excl. Twp. Rd.),Stop sign,Functioning,0,0,0,False,False,False,Clear,,False,Road 1: WILHELM ST (50 km/h); Road 2: AHRENS ST W (50 km/h); Distance:  K; Vehicle #1     Make: NISS     Model: ROG     Colour: BLK     Style: TY; Vehicle #2     Make: SUBA     Model: WPR     Colour: GRY     Style: SW,4/9/2021 4:28:19 PM,,
49263,19126002,1559200500000,2019,5,30,7,15,0,Thursday,544133.08293,4811930.07143,-80.454471,43.458985999999996,At/near private drive,2,Non-reportable,Thru lane,unknown,unknown,Other,Unknown,Daylight,01 - Daylight,Municipal (excl. Twp. Rd.),No control,unknown,0,0,0,False,False,False,Clear,,True,Road 1: 485 MANCHESTER RD; Vehicle #1     Make: MAZD     Model: CX9     Colour: BLK     Style: TY; Vehicle #2     Make:      Model:      Colour:      Style:,4/9/2021 4:29:34 PM,,
49264,19126405,1559383200000,2019,6,1,10,0,0,Saturday,541939.70534,4808785.96669,-80.481824,43.430803,Non intersection,2,Non-reportable,Thru lane,unknown,unknown,SMV unattended vehicle,Unknown,Daylight,01 - Daylight,Municipal (excl. Twp. Rd.),No control,unknown,0,0,0,False,False,False,Clear,,True,Road 1: 47 DONLEY ST KITCHENER; Vehicle #1     Make: GMC     Model: SAV     Colour: WHI     Style: FV; Vehicle #2     Make: HYUN     Model: TUC     Colour: GRY     Style: TY,4/9/2021 4:26:26 PM,,
49265,19126566,1559401020000,2019,6,1,14,57,0,Saturday,546186.53863,4804376.19144,-80.429728,43.390847,Non intersection,2,P.D. only,Thru lane,unknown,unknown,SMV unattended vehicle,Unknown,Daylight,01 - Daylight,Municipal (excl. Twp. Rd.),No control,unknown,1,0,0,False,False,False,Clear,,False,Road 1: 165 OLD CARRIAGE DR (50 km/h); Road 2: OLD CARRIAGE DR; Distance: 7.0 M N; Vehicle #1     Make: FORD     Model: FZT     Colour: GRN     Style: 4D; Vehicle #2     Make: TOYT     Model: TAC     Colour: GRY     Style: PK,4/9/2021 4:25:31 PM,,
49266,19126728,1559415180000,2019,6,1,18,53,0,Saturday,541661.47666,4811460.61436,-80.485058,43.454901,Non intersection,2,P.D. only,Thru lane,unknown,unknown,Rear end,Unknown,Daylight,01 - Daylight,Regional municipality,No control,unknown,1,0,0,False,False,False,Rain,,False,Road 1: 101 QUEEN ST N (50 km/h); Road 2: QUEEN ST N; Distance: 25.0 M S; Vehicle #1     Make: GMC     Model: SIE     Colour: WHI     Style: PK; Vehicle #2     Make: TOYT     Model: CBL     Colour: RED     Style: 4D,4/27/2022 10:39:49 AM,,
49267,19127015,1559439000000,2019,6,2,1,30,0,Sunday,537988.44898,4808488.08228,-80.53066299999999,43.428331,Non intersection,2,P.D. only,Right shoulder,unknown,unknown,SMV unattended vehicle,Unknown,Dark,07 - Dark,Municipal (excl. Twp. Rd.),No control,unknown,0,0,0,False,False,False,Rain,,False,Road 1: 35 WESTHEIGHTS DR (50 km/h); Road 2: WESTHEIGHTS DR; Distance: 0.0 K S; Vehicle #1     Make: PONT     Model: VIB     Colour:      Style: 4B; Vehicle #2     Make: CHEV     Model: EQU     Colour: WHI     Style: TY,4/9/2021 4:25:56 PM,,
49268,19127169,1559406600000,2019,6,1,16,30,0,Saturday,541466.74024,4809537.68724,-80.487611,43.437598,Intersection related,2,P.D. only,Thru lane,unknown,unknown,Rear end,Unknown,Daylight,01 - Daylight,Municipal (excl. Twp. Rd.),Traffic signal,Functioning,0,0,0,False,False,False,Rain,,True,Road 1: STIRLING AVE S; Road 2: MILL ST; Vehicle #1     Make: KIA     Model: SPO     Colour: BLU     Style: TY; Vehicle #2     Make: DODG     Model: CAR     Colour: WHI     Style: VN,4/9/2021 4:27:23 PM,,
49269,19127385,1559481300000,2019,6,2,13,15,0,Sunday,541877.22279,4807560.41112,-80.48268999999999,43.419771,At/near private drive,2,P.D. only,Thru lane,unknown,unknown,SMV unattended vehicle,Unknown,Daylight,01 - Daylight,Municipal (excl. Twp. Rd.),No control,unknown,0,0,0,False,False,False,Clear,,True,Road 1: 63 LUCERNE DR; Vehicle #1     Make: HYUN     Model: SPL     Colour: BLU     Style: 4D; Vehicle #2     Make: FORD     Model: SPE     Colour: GRY     Style: TY,4/9/2021 4:30:13 PM,,
49270,19127980,1559557800000,2019,6,3,10,30,0,Monday,539094.83972,4811208.34783,-80.51679899999999,43.452768,Non intersection,2,P.D. only,Thru lane,unknown,unknown,SMV unattended vehicle,Unknown,Daylight,01 - Daylight,Municipal (excl. Twp. Rd.),No control,unknown,0,0,0,False,False,False,Clear,,True,Road 1: BELMONT AVE W (IN FRONT OF 660); Vehicle #1     Make: HOND     Model: UDY     Colour: BLU     Style: VN; Vehicle #2     Make: HYUN     Model: TUC     Colour: BLK     Style: TY,4/9/2021 4:27:08 PM,,
49271,19128042,1559561400000,2019,6,3,11,30,0,Monday,539004.56397,4808935.25996,-80.51807699999999,43.432306,At/near private drive,2,P.D. only,Thru lane,unknown,unknown,SMV unattended vehicle,Unknown,Daylight,01 - Daylight,Municipal (excl. Twp. Rd.),No control,unknown,0,0,0,False,False,False,Clear,,True,Road 1: KELLY DR (IFO 40); Vehicle #1     Make: FORD     Model: COF     Colour: BLK     Style: PK; Vehicle #2     Make: MAZD     Model: X3S     Colour: BLK     Style: 4W,4/9/2021 4:30:00 PM,,
49272,19128142,1559576040000,2019,6,3,15,34,0,Monday,543569.59019,4809842.6076,-80.461603,43.440224,At/near private drive,2,P.D. only,Right shoulder,unknown,unknown,SMV unattended vehicle,Unknown,Daylight,01 - Daylight,Municipal (excl. Twp. Rd.),No control,unknown,0,0,0,False,False,False,Clear,,False,Road 1: 7 PRIVATE DRIVE (50 km/h); Road 2: CLIFFORD RD; Distance: 1.0 M S; Vehicle #1     Make: NISS     Model: MIC     Colour: BLK     Style: 4B; Vehicle #2     Make: TOYT     Model: CTR     Colour: BLK     Style: 4B,4/9/2021 4:29:02 PM,,
49273,19128258,1559583540000,2019,6,3,17,39,0,Monday,539995.01386,4810791.06722,-80.505704,43.448963,Non intersection,2,P.D. only,Not on roadway - right side,unknown,unknown,SMV other,Unknown,Daylight,01 - Daylight,Private property,No control,unknown,0,0,0,False,False,False,Clear,,False,Road 1: 25 CHERRY ST (50 km/h); Road 2: CHERRY ST; Distance: 0.0 K E; Vehicle #1     Make: CHEV     Model: EXP     Colour: WHI     Style: FV,3/26/2021 11:53:27 AM,,
49274,19128289,1559585580000,2019,6,3,18,13,0,Monday,542741.64759,4806082.16439,-80.472128,43.406411999999996,Non intersection,2,P.D. only,Thru lane,unknown,unknown,Angle,Unknown,Daylight,01 - Daylight,Regional municipality,No control,unknown,1,0,0,False,False,False,Clear,,False,Road 1: SHOEMAKER ST (50 km/h); Road 2: STRASBURG RD; Distance: 200.0 M W; Vehicle #1     Make: MAZD     Model: M3I     Colour: WHI     Style: 4D; Vehicle #2     Make: MAZD     Model: B22     Colour: BLK     Style: PK,4/9/2021 4:25:27 PM,,
49275,19129150,1559584200000,2019,6,3,17,50,0,Monday,543895.50788,4805116.2555,-80.457956,43.397649,Non intersection,2,P.D. only,Right turn channel,unknown,unknown,Rear end,Unknown,Daylight,01 - Daylight,Municipal (excl. Twp. Rd.),No control,unknown,0,0,0,False,False,False,Clear,,True,Road 1: OLD HURON RD; Road 2: BIEHN DR; Distance:  E; Vehicle #1     Make: FORD     Model: COF     Colour: WHI     Style: CW; Vehicle #2     Make: MERZ     Model: GK3     Colour: SIL     Style: TY,4/9/2021 4:27:03 PM,,
49276,19129702,1559663100000,2019,6,4,15,45,0,Tuesday,544836.03473,4809712.72092,-80.445965,43.43898,Non intersection,2,P.D. only,Thru lane,unknown,unknown,Rear end,Unknown,Daylight,01 - Daylight,Municipal (excl. Twp. Rd.),No control,unknown,0,0,0,False,False,False,Clear,,True,Road 1: 207 FRANKLIN ST N; Vehicle #1     Make: HOND     Model: ODY     Colour: GRY     Style: VN; Vehicle #2     Make: DODG     Model: CAR     Colour: WHI     Style: VN,4/9/2021 4:27:05 PM,,
49277,19129819,1559744040000,2019,6,5,14,14,0,Wednesday,539296.11004,4811575.44124,-80.514285,43.456063,At intersection,2,P.D. only,Within intersection,unknown,unknown,Angle,Unknown,Daylight,01 - Daylight,Municipal (excl. Twp. Rd.),Stop sign,Functioning,0,0,0,False,False,False,Rain,,False,Road 1: PARK ST (50 km/h); Road 2: MT HOPE ST (50 km/h); Vehicle #1     Make: VOLK     Model: GLF     Colour: WHI     Style: 4B; Vehicle #2     Make: HOND     Model: CLL     Colour: WHI     Style: 2D,4/9/2021 4:28:01 PM,,
49278,19129875,1559749260000,2019,6,5,15,41,0,Wednesday,541769.78654,4811055.8008,-80.48375,43.451249999999995,Non intersection,2,P.D. only,Thru lane,unknown,unknown,SMV other,Unknown,Daylight,01 - Daylight,Municipal (excl. Twp. Rd.),No control,unknown,1,0,0,False,False,False,Clear,,False,Road 1: 87 PEARL PL (50 km/h); Road 2: SCOTT ST; Distance: 5.0 M S; Vehicle #1     Make: SUBA     Model: IPR     Colour: SIL     Style: SW,4/9/2021 4:25:30 PM,,
49279,19129878,1559725200000,2019,6,5,9,0,0,Wednesday,539394.31835,4808471.34887,-80.513295,43.428107999999995,At/near private drive,2,P.D. only,Thru lane,unknown,unknown,SMV unattended vehicle,Unknown,Daylight,01 - Daylight,Municipal (excl. Twp. Rd.),No control,unknown,0,0,0,False,False,False,Clear,,True,Road 1: 377 FOREST HILL DR; Vehicle #1     Make:      Model:      Colour:      Style: ; Vehicle #2     Make: NISS     Model: 2LS     Colour: SIL     Style: 2D,4/9/2021 4:30:13 PM,,
49280,19129906,1559751000000,2019,6,5,16,10,0,Wednesday,542784.97139,4804145.89969,-80.471745,43.388976,At intersection,2,P.D. only,Within intersection,unknown,unknown,Angle,Unknown,Daylight,01 - Daylight,Regional municipality,unknown,Functioning,0,0,0,False,False,False,Rain,,False,Road 1: HURON RD (60 km/h); Road 2: PARKVALE DR (50 km/h); Vehicle #1     Make: TOYT     Model: CIE     Colour: BRN     Style: VN; Vehicle #2     Make: CHRY     Model: 2LX     Colour: BLK     Style: 4D,4/9/2021 4:28:26 PM,,
49281,19130397,1559812200000,2019,6,6,9,10,0,Thursday,541498.20408,4811998.9642,-80.48703499999999,43.459756999999996,Intersection related,2,P.D. only,Within intersection,unknown,unknown,Angle,Unknown,Daylight,01 - Daylight,Municipal (excl. Twp. Rd.),Stop sign,Functioning,0,0,0,False,False,False,Clear,,True,Road 1: LEGER ST KITCHENER; Road 2: WELINGTON ST KITCHENER; Vehicle #1     Make: KIA     Model: SOR     Colour: BLK     Style: TY; Vehicle #2     Make: HOND     Model: CCL     Colour: GRY     Style: 4D,4/9/2021 4:27:25 PM,,
49282,19130631,1559812500000,2019,6,6,9,15,0,Thursday,536741.33399,4806563.17727,-80.546199,43.411062,At/near private drive,2,P.D. only,Thru lane,unknown,unknown,SMV unattended vehicle,Unknown,Daylight,01 - Daylight,Municipal (excl. Twp. Rd.),No control,unknown,0,0,0,False,False,False,Clear,,True,Road 1: FRAN ELLEN CRESCENT; Road 2: YELLOW BIRCH DR; Vehicle #1     Make:      Model:      Colour:      Style: ; Vehicle #2     Make: MAZD     Model: CX9     Colour: BLK     Style: TY,4/9/2021 4:30:14 PM,,
49283,19130847,1559839500000,2019,6,6,16,45,0,Thursday,541254.8518,4810937.78288,-80.490123,43.450216,At/near private drive,2,Non-reportable,Off highway,unknown,unknown,Other,Unknown,Daylight,01 - Daylight,Private property,No control,unknown,0,0,0,False,False,False,Clear,,True,Road 1: 64 KING ST W; Vehicle #1     Make: MAZD     Model: 3TR     Colour: BLU     Style: 4D; Vehicle #2     Make: NISS     Model: PFI     Colour: WHI     Style: TY,4/27/2022 10:42:40 AM,,
49284,19130883,1559822400000,2019,6,6,12,0,0,Thursday,544455.23723,4813296.22131,-80.450378,43.471267999999995,Non intersection,2,Non-reportable,Thru lane,unknown,unknown,Rear end,Unknown,Daylight,01 - Daylight,Regional municipality,No control,unknown,0,0,0,False,False,False,Clear,,True,Road 1: 425 BINGEMANS CENTRE DR; Vehicle #1     Make: NISS     Model: SML     Colour: BLU     Style: 4D; Vehicle #2     Make: HOND     Model: AXL     Colour: WHI     Style: 2D,4/9/2021 4:25:41 PM,,
49285,19130977,1559847300000,2019,6,6,18,55,0,Thursday,540762.72989,4809837.86746,-80.496287,43.440338999999994,Non intersection,2,P.D. only,Thru lane,unknown,unknown,Rear end,Unknown,Daylight,01 - Daylight,Regional municipality,No control,unknown,1,0,0,False,False,False,Clear,,False,Road 1: HIGHLAND RD E (50 km/h); Road 2: RUBY ST; Distance: 8.0 M W; Charged Driver #1 on page 1: NA NA (NA) (NA); Vehicle #1     Make: HOND     Model: CUI     Colour: BLK     Style: 2D; Vehicle #2     Make: KIA     Model: SED     Colour: GRN     Style: V,4/27/2022 10:39:54 AM,,
49286,19131104,1559856600000,2019,6,6,21,30,0,Thursday,542262.25626,4806121.41965,-80.478045,43.406793,At/near private drive,2,P.D. only,Right shoulder,unknown,unknown,SMV unattended vehicle,Unknown,Dark,07 - Dark,Municipal (excl. Twp. Rd.),No control,unknown,0,0,0,False,False,False,Clear,,False,Road 1: 255 THE COUNTRY WAY (50 km/h); Road 2: THE COUNTRY WAY; Distance: 5.0 M E; Vehicle #1     Make: KIA     Model: RBL     Colour: CPR     Style: 4D; Vehicle #2     Make: CHEV     Model: CZT     Colour: WHI     Style: 4D,4/9/2021 4:29:16 PM,,
49287,19131348,1559889000000,2019,6,7,6,30,0,Friday,547066.14123,4810447.98669,-80.418345,43.445463,Non intersection,2,P.D. only,Right shoulder,unknown,unknown,SMV unattended vehicle,Unknown,Daylight,01 - Daylight,Municipal (excl. Twp. Rd.),No control,unknown,0,0,0,False,False,False,Clear,,True,Road 1: ROLLING ACRES DR (IN FRONT OF 58 ROLLING ACRES); Road 2: CORFIELD DR; Vehicle #1     Make:      Model:      Colour:      Style: ; Vehicle #2     Make: HYUN     Model: SAN     Colour: GRY     Style: TY,4/9/2021 4:27:09 PM,,
49288,19131682,1559912400000,2019,6,7,13,0,0,Friday,541691.62307,4814717.68076,-80.484436,43.484226,Non intersection,2,Non-reportable,Thru lane,unknown,unknown,Sideswipe,Unknown,Daylight,01 - Daylight,Municipal (excl. Twp. Rd.),No control,unknown,0,0,0,False,False,False,Clear,,True,Road 1: WOOLWICH ST WATERLOO; Road 2: HILLCREST LN; Distance: 10.0 M N; Vehicle #1     Make:      Model:      Colour:      Style: ; Vehicle #2     Make: NISS     Model: LFS     Colour: RED     Style: 4B,4/9/2021 4:25:57 PM,,
49289,19131876,1559926800000,2019,6,7,17,0,0,Friday,545102.59716,4804762.59517,-80.44308,43.394393,Non intersection,2,Non-reportable,Thru lane,unknown,unknown,Angle,Unknown,Daylight,01 - Daylight,Municipal (excl. Twp. Rd.),No control,unknown,0,0,0,False,False,False,Clear,,True,Road 1: 384 PIONEER DR (IN FRONT OF 384 PIONEER); Vehicle #1     Make: CHEV     Model: EQU     Colour: GRY     Style: TY; Vehicle #2     Make:      Model:      Colour:      Style:,4/9/2021 4:25:57 PM,,