OBJECTID,ACCIDENTNUM,ACCIDENTDATE,ACCIDENT_YEAR,ACCIDENT_MONTH,ACCIDENT_DAY,ACCIDENT_HOUR,ACCIDENT_MINUTE,ACCIDENT_SECOND,ACCIDENT_WEEKDAY,XCOORD,YCOORD,LONGITUDE,LATITUDE,ACCIDENTLOCATION,COLLISIONTYPE,CLASSIFICATIONOFACCIDENT,IMPACTLOCATION,INITIALDIRECTIONOFTRAVELONE,INITIALDIRECTIONOFTRAVELTWO,INITIALIMPACTTYPE,INTTRAFFICCONTROL,LIGHT,LIGHTFORREPORT,ROADJURISDICTION,TRAFFICCONTROL,TRAFFICCONTROLCONDITION,THRULANENO,NORTHBOUNDDISOBEYCOUNT,SOUTHBOUNDDISOBEYCOUNT,PEDESTRIANINVOLVED,CYCLISTINVOLVED,MOTORCYCLISTINVOLVED,ENVIRONMENTCONDITION1,ENVIRONMENTCONDITION2,SELFREPORTED,XMLIMPORTNOTES,LASTEDITEDDATE,CREATE_BY,CREATE_DATE
49290,19131908,1559927400000,2019,6,7,17,10,0,Friday,541383.99052,4810866.16687,-80.48853199999999,43.449563999999995,Non intersection,2,Non-reportable,Thru lane,unknown,unknown,Other,Unknown,Daylight,01 - Daylight,Regional municipality,No control,unknown,0,0,0,False,False,False,Clear,,True,Road 1: KING ST E; Road 2: QUEEN ST N; Vehicle #1     Make:      Model:      Colour:      Style: ; Vehicle #2     Make: HOND     Model: CCL     Colour: WHI     Style: 4D,4/27/2022 10:40:44 AM,,
49291,19132094,1559942640000,2019,6,7,21,24,0,Friday,544057.14726,4804178.97113,-80.456035,43.3892,Intersection related,2,P.D. only,Within intersection,unknown,unknown,Angle,Unknown,Dusk,05 - Dusk,Municipal (excl. Twp. Rd.),Stop sign,Functioning,0,0,0,False,False,False,Clear,,False,Road 1: BIEHN DR (50 km/h); Road 2: ROBERTSON CRES (50 km/h); Vehicle #1     Make: MERZ     Model: GLA     Colour: SIL     Style: TY; Vehicle #2     Make: HYUN     Model: VRZ     Colour: BLU     Style: TY,4/9/2021 4:27:17 PM,,
49292,19132226,1559951100000,2019,6,7,23,45,0,Friday,543663.27365,4813007.5667,-80.46019199999999,43.468716,Non intersection,2,P.D. only,Thru lane,unknown,unknown,Rear end,Unknown,"Dark, artificial","08 - Dark, artificial",Municipal (excl. Twp. Rd.),No control,unknown,2,0,0,False,False,False,Clear,,False,Road 1: 200 SHIRLEY AVE (70 km/h); Road 2: SHIRLEY AVE; Distance: 0.0 M W; Vehicle #1     Make: PETE     Model:      Colour:      Style: ; Vehicle #2     Make: MAZD     Model: 3GT     Colour: GRY     Style: 4D,4/9/2021 4:25:28 PM,,
49293,19132556,1559923800000,2019,6,7,16,10,0,Friday,539134.44013,4811706.40588,-80.516274,43.457249999999995,Non intersection,2,Non-reportable,Thru lane,unknown,unknown,Rear end,Unknown,Daylight,01 - Daylight,Municipal (excl. Twp. Rd.),No control,unknown,0,0,0,False,False,False,Clear,,True,Road 1: UNION BLVD KITCHENER; Road 2: PARK ST; Vehicle #1     Make:      Model:      Colour:      Style: ; Vehicle #2     Make: CHEV     Model: EQU     Colour: GRY     Style: TY,4/9/2021 4:25:58 PM,,
49294,19132564,1559937600000,2019,6,7,20,0,0,Friday,541455.04383,4811248.47703,-80.487625,43.453002,Non intersection,2,Non-reportable,Thru lane,unknown,unknown,SMV unattended vehicle,Unknown,Daylight,01 - Daylight,Municipal (excl. Twp. Rd.),No control,unknown,0,0,0,False,False,False,Clear,,True,Road 1: ROY ST (IFO 20); Vehicle #1     Make: TOYT     Model: UCS     Colour: GRY     Style: 4D; Vehicle #2     Make: TOYT     Model: CBL     Colour: BLK     Style: 4D,4/9/2021 4:25:56 PM,,
49295,19132673,1559949300000,2019,6,7,23,15,0,Friday,543534.18153,4804935.18558,-80.46243199999999,43.396038999999995,Non intersection,2,P.D. only,Thru lane,unknown,unknown,SMV other,Unknown,Dark,07 - Dark,Regional municipality,No control,unknown,0,0,0,False,False,False,Clear,,True,Road 1: HURON RD; Road 2: BATTLER RD; Vehicle #1     Make: CHEV     Model: BLT     Colour: BLK     Style: 4D,4/9/2021 4:26:28 PM,,
49296,19132941,1560014700000,2019,6,8,17,25,0,Saturday,540566.6965,4810274.34421,-80.498677,43.44428,Non intersection,2,P.D. only,Thru lane,unknown,unknown,SMV unattended vehicle,Unknown,Daylight,01 - Daylight,Municipal (excl. Twp. Rd.),No control,unknown,1,0,0,False,False,False,Clear,,False,Road 1: DILL ST (40 km/h); Road 2: DAVID ST; Distance: 100.0 M W; Vehicle #1     Make: TOYT     Model: CYR     Colour: BLU     Style: 4B; Vehicle #2     Make: PONT     Model: GS1     Colour: BLK     Style: 4D,4/9/2021 4:25:32 PM,,
49297,19133653,1559996100000,2019,6,8,12,15,0,Saturday,543156.64492,4810297.02609,-80.46667,43.444339,Non intersection,2,P.D. only,Thru lane,unknown,unknown,Rear end,Unknown,Daylight,01 - Daylight,Regional municipality,No control,unknown,0,0,0,False,False,False,Clear,,True,Road 1: OTTAWA ST N; Road 2: MCKENZIE AVE; Vehicle #1     Make: VOLK     Model: CTS     Colour: WHI     Style: 4D; Vehicle #2     Make: CHEV     Model: EXP     Colour: WHI     Style: FV,4/9/2021 4:26:28 PM,,
49298,19133777,1560088200000,2019,6,9,13,50,0,Sunday,549157.92284,4806312.43478,-80.39286799999999,43.408091999999996,At/near private drive,2,Non-reportable,Thru lane,unknown,unknown,Angle,Unknown,Daylight,01 - Daylight,Municipal (excl. Twp. Rd.),No control,unknown,0,0,0,False,False,False,Clear,,True,Road 1: 50 GATEWAY PARK DR; Vehicle #1     Make: MAZD     Model: 3TR     Colour: SIL     Style: 4D; Vehicle #2     Make:      Model:      Colour:      Style:,4/9/2021 4:29:28 PM,,
49299,19133804,1559910600000,2019,6,7,12,30,0,Friday,541658.30765,4814506.43777,-80.484864,43.482326,Non intersection,2,Non-reportable,Thru lane,unknown,unknown,Sideswipe,Unknown,Daylight,01 - Daylight,Municipal (excl. Twp. Rd.),No control,unknown,0,0,0,False,False,False,Clear,,True,Road 1: WOOLWICH ST; Road 2: BRIDGE ST W; Vehicle #1     Make:      Model:      Colour:      Style: ; Vehicle #2     Make: DODG     Model: RPC     Colour: BLU     Style: PK,4/9/2021 4:25:42 PM,,
49300,19133805,1559498400000,2019,6,2,18,0,0,Sunday,542852.80993,4803913.13788,-80.470925,43.386876,Non intersection,2,Non-reportable,Right shoulder,unknown,unknown,SMV unattended vehicle,Unknown,Daylight,01 - Daylight,Municipal (excl. Twp. Rd.),No control,unknown,0,0,0,False,False,False,Clear,,True,Road 1: 23 TUDOR ST; Vehicle #1     Make:      Model:      Colour:      Style: ; Vehicle #2     Make: TOYT     Model: TIM     Colour: BLU     Style: 4B,4/9/2021 4:25:42 PM,,
49301,19134383,1560153600000,2019,6,10,8,0,0,Monday,539971.97413,4808883.06684,-80.50612799999999,43.431785,At/near private drive,2,Non-reportable,Thru lane,unknown,unknown,Other,Unknown,Daylight,01 - Daylight,Regional municipality,No control,unknown,0,0,0,False,False,False,Clear,,True,Road 1: 116 GATEWOOD RD; Vehicle #1     Make: TOYT     Model: CTX     Colour: GRY     Style: 4B; Vehicle #2     Make: FORD     Model: COF     Colour: BLU     Style: PK,4/9/2021 4:29:28 PM,,
49302,19134463,1560153600000,2019,6,10,8,0,0,Monday,547369.37417,4809848.61386,-80.41465,43.440047,At/near private drive,2,P.D. only,Thru lane,unknown,unknown,SMV unattended vehicle,Unknown,Daylight,01 - Daylight,Municipal (excl. Twp. Rd.),No control,unknown,0,0,0,False,False,False,Clear,,True,Road 1: 242 WATERBEND CRESCENT; Vehicle #1     Make:      Model:      Colour:      Style: ; Vehicle #2     Make: VOLK     Model: RAB     Colour: BLK     Style: 4B,4/9/2021 4:29:56 PM,,
49303,19134869,1560186900000,2019,6,10,17,15,0,Monday,540687.24934,4808006.32741,-80.497356,43.423852,Non intersection,2,P.D. only,Thru lane,unknown,unknown,SMV unattended vehicle,Unknown,Daylight,01 - Daylight,Municipal (excl. Twp. Rd.),No control,unknown,0,0,0,False,False,False,Rain,,True,Road 1: CHANDLER DR; Road 2: ELMSDALE DR; Vehicle #1     Make: KIA     Model: SOU     Colour: BLK     Style: TY; Vehicle #2     Make: LEXS     Model: ES3     Colour: GRY     Style: 4D,4/9/2021 4:26:29 PM,,
49304,19134965,1560201000000,2019,6,10,21,10,0,Monday,539699.25181,4811078.99668,-80.509338,43.451572,At intersection,2,P.D. only,Within intersection,unknown,unknown,SMV other,Stop sign,Dusk,05 - Dusk,unknown,Stop sign,unknown,0,0,0,False,False,False,Clear,,False,Road 1: STRANGE ST (50 km/h); Road 2: DOMINION ST (50 km/h); Vehicle #1     Make:      Model:      Colour:      Style: 4B,4/9/2021 4:28:26 PM,,
49305,19135277,1560247320000,2019,6,11,10,2,0,Tuesday,539059.20563,4811158.53003,-80.517243,43.452321,Intersection related,2,P.D. only,Right shoulder,unknown,unknown,Sideswipe,Unknown,Daylight,01 - Daylight,Regional municipality,Stop sign,unknown,0,0,0,False,True,False,Clear,,False,Road 1: 660 BELMONT AVE W (50 km/h); Road 2: BELMONT AVE W; Distance: 1.0 M S; Vehicle #1     Make: CHRY     Model: SLT     Colour: WHI     Style: CV; Vehicle #2     Make: BICY     Model: BICY     Colour:      Style:,4/9/2021 4:26:48 PM,,
49306,19135532,1560179400000,2019,6,10,15,10,0,Monday,541305.46127,4810839.94532,-80.489505,43.449332,At intersection,2,Non-reportable,Within intersection,unknown,unknown,Angle,Unknown,Daylight,01 - Daylight,Regional municipality,Stop sign,Functioning,0,0,0,False,False,False,Rain,,True,Road 1: HALLS LN W; Road 2: QUEEN ST S; Vehicle #1     Make: SAA     Model: 93L     Colour: GRY     Style: 4D; Vehicle #2     Make:      Model:      Colour:      Style:,4/9/2021 4:28:31 PM,,
49307,19135641,1560179100000,2019,6,10,15,5,0,Monday,537750.54577,4808797.69196,-80.53358,43.431131,Intersection related,2,Non-reportable,Thru lane,unknown,unknown,Sideswipe,Unknown,Daylight,01 - Daylight,Municipal (excl. Twp. Rd.),unknown,Functioning,0,0,0,False,False,False,Clear,,True,Road 1: BANKSIDE DR; Road 2: EASTFOREST TRAIL; Vehicle #1     Make: TOYT     Model: CIE     Colour: RED     Style: VN; Vehicle #2     Make: FRHT     Model: FM2     Colour: WHI     Style: CT,4/9/2021 4:27:19 PM,,
49308,19135726,1560277800000,2019,6,11,18,30,0,Tuesday,541323.72139,4810863.33766,-80.489278,43.449542,Non intersection,2,P.D. only,Thru lane,unknown,unknown,Sideswipe,Unknown,Daylight,01 - Daylight,Regional municipality,No control,unknown,1,0,0,False,False,False,Clear,,False,Road 1: 20 QUEEN ST S (50 km/h); Road 2: KING ST W (50 km/h); Vehicle #1     Make: HYUN     Model: SAN     Colour: SIL     Style: TY; Vehicle #2     Make: FORD     Model: SPE     Colour: GRY     Style: TY,3/26/2021 11:53:29 AM,,
49309,19136346,1553695200000,2019,3,27,14,0,0,Wednesday,541307.79379,4809455.96938,-80.489581,43.436871,At/near private drive,2,Non-reportable,Thru lane,unknown,unknown,Sideswipe,Unknown,Daylight,01 - Daylight,Municipal (excl. Twp. Rd.),No control,unknown,0,0,0,False,False,False,Clear,,True,Road 1: 419 STIRLING AVE S (PARTIALLY IN DRIVEWAY); Road 2: RUSSELL ST; Distance: 30.0 M E; Vehicle #1     Make: DODG     Model: CTL     Colour: RED     Style: 4D; Vehicle #2     Make:      Model: CAR     Colour:      Style:,4/9/2021 4:29:49 PM,,
49310,19136355,1560342360000,2019,6,12,12,26,0,Wednesday,544471.66746,4808407.08837,-80.45057299999999,43.427245,Non intersection,1,Non-fatal injury,Not on roadway - right side,unknown,unknown,SMV other,Unknown,Daylight,01 - Daylight,Municipal (excl. Twp. Rd.),No control,unknown,0,0,0,False,False,False,Clear,,False,Road 1: GREENFIELD AVE (50 km/h); Road 2: EIGTH AVE; Distance: 54.0 M N; Vehicle #1     Make: KIA     Model: SX5     Colour: BLK     Style: 4B,3/26/2021 11:53:22 AM,,
49311,19136703,1560362400000,2019,6,12,18,0,0,Wednesday,540311.71002,4809616.61272,-80.501877,43.438371,Intersection related,2,P.D. only,Within intersection,unknown,unknown,Sideswipe,Unknown,Daylight,01 - Daylight,Municipal (excl. Twp. Rd.),unknown,unknown,0,0,0,False,False,False,Clear,,True,Road 1: QUEEN'S BLVD; Road 2: PATRICIA AVE; Vehicle #1     Make: CHEV     Model: CAV     Colour: RED     Style: 4D; Vehicle #2     Make: CHEV     Model: SNT     Colour: BLK     Style: 4D,4/9/2021 4:27:33 PM,,
49312,19137072,1560416160000,2019,6,13,8,56,0,Thursday,541269.21089,4809004.06852,-80.49009199999999,43.432804,At/near private drive,2,P.D. only,Thru lane,unknown,unknown,Other,Unknown,Daylight,01 - Daylight,Private property,No control,unknown,1,0,0,False,False,False,Rain,,False,Road 1: 150 PRIVATE DRIVE (50 km/h); Road 2: HEIMAN ST; Distance: 2.0 M E; Vehicle #1     Make: FORD     Model: COF     Colour: WHI     Style: PK; Vehicle #2     Make: TOYT     Model: YAR     Colour: BLK     Style: 4B,4/9/2021 4:29:05 PM,,
49313,19137340,1560433500000,2019,6,13,13,45,0,Thursday,540683.15152,4811615.54574,-80.49713799999999,43.45635,At intersection,2,P.D. only,Within intersection,unknown,unknown,Angle,Unknown,Daylight,01 - Daylight,Municipal (excl. Twp. Rd.),unknown,Functioning,0,0,0,False,False,False,Rain,,True,Road 1: WELLINGTON ST N; Road 2: DUKE ST W; Vehicle #1     Make: KIA     Model: SOU     Colour: SIL     Style: TY; Vehicle #2     Make: HYUN     Model: EGM     Colour: BLK     Style: 4D,4/9/2021 4:28:43 PM,,
49314,19137391,1560443700000,2019,6,13,16,35,0,Thursday,545395.11612,4808294.82458,-80.439174,43.426179,Non intersection,2,P.D. only,Right turn lane,unknown,unknown,Angle,Unknown,Daylight,01 - Daylight,Municipal (excl. Twp. Rd.),No control,unknown,0,0,0,False,False,False,Clear,,True,Road 1: KINGSWAY DR; Road 2: CEDARWOODS CRES; Vehicle #1     Make: CHEV     Model: IP     Colour: GRY     Style: 4D; Vehicle #2     Make: CHEV     Model: TRX     Colour: WHI     Style: TY,4/9/2021 4:26:30 PM,,
49315,19137538,1560449460000,2019,6,13,18,11,0,Thursday,542097.09809,4804325.64186,-80.480223,43.390633,At intersection,2,P.D. only,Within intersection,unknown,unknown,Angle,Unknown,Daylight,01 - Daylight,Municipal (excl. Twp. Rd.),Stop sign,Functioning,0,1,0,False,True,False,Clear,,False,Road 1: BIANCA CRT (50 km/h); Road 2: SORRENTO ST (50 km/h); Vehicle #1     Make: PETE     Model:      Colour:      Style: ; Vehicle #2     Make: DODG     Model: JOU     Colour: BLU     Style: TY,4/9/2021 4:28:08 PM,,
49316,19137588,1560453300000,2019,6,13,19,15,0,Thursday,543535.8079,4804936.96053,-80.462412,43.396055,At/near private drive,2,P.D. only,Thru lane,unknown,unknown,Angle,Unknown,Daylight,01 - Daylight,Municipal (excl. Twp. Rd.),No control,unknown,1,0,0,False,False,False,Clear,,False,Road 1: 1606 HURON RD (50 km/h); Road 2: HURON RD; Distance: 1.0 M W; Vehicle #1     Make: HOND     Model: CIVI     Colour:      Style: ; Vehicle #2     Make: MAZD     Model: X3T     Colour: WHI     Style: 4W,4/9/2021 4:29:07 PM,,
49317,19138017,1560503640000,2019,6,14,9,14,0,Friday,542447.49075,4807282.30859,-80.475668,43.417235,Intersection related,2,P.D. only,Thru lane,unknown,unknown,Angle,Unknown,Daylight,01 - Daylight,Municipal (excl. Twp. Rd.),Stop sign,Functioning,2,0,0,False,False,False,Clear,,False,Road 1: BLOCK LINE RD (50 km/h); Road 2: COUNTRY HILL DR (50 km/h); Vehicle #1     Make: CHEV     Model: ML     Colour: GRY     Style: 4D; Vehicle #2     Make: CHEV     Model: ETV     Colour: YEL     Style: BU,4/9/2021 4:26:48 PM,,
49318,19138255,1560519600000,2019,6,14,13,40,0,Friday,545145.09623,4807565.47871,-80.442323,43.419627,At/near private drive,2,P.D. only,Thru lane,unknown,unknown,Rear end,Unknown,Daylight,01 - Daylight,Regional municipality,No control,unknown,1,0,0,False,False,False,Clear,,False,Road 1: 385 WILSON AVE (50 km/h); Road 2: FAIRWAY RD S; Distance: 1.0 M E; Vehicle #1     Make: VOLK     Model: GLF     Colour: BLK     Style: 4D; Vehicle #2     Make: AUDI     Model: AQ5     Colour: GRY     Style: TY,4/9/2021 4:29:01 PM,,
49319,19138987,1560595500000,2019,6,15,10,45,0,Saturday,545777.4605,4808631.25998,-80.434423,43.429185,Non intersection,2,Non-reportable,Thru lane,unknown,unknown,Rear end,Unknown,Daylight,01 - Daylight,Regional municipality,No control,unknown,0,0,0,False,False,False,Clear,,True,Road 1: KING ST E; Road 2: MORGAN AVE; Vehicle #1     Make: KIA     Model: SPO     Colour: WHI     Style: TY; Vehicle #2     Make:      Model:      Colour:      Style:,8/16/2022 3:01:03 PM,,
49320,19139051,1559833200000,2019,6,6,15,0,0,Thursday,539243.40515,4805981.32767,-80.515338,43.405696,At/near private drive,2,Non-reportable,Not on roadway - right side,unknown,unknown,SMV unattended vehicle,Unknown,Daylight,01 - Daylight,Private property,No control,unknown,0,0,0,False,False,False,Clear,,True,Road 1: 242 ACTIVA AVE; Road 2: PARKED; Vehicle #1     Make:      Model:      Colour:      Style: ; Vehicle #2     Make: NISS     Model: FRT     Colour: SIL     Style: PK,4/9/2021 4:29:31 PM,,
49321,19139065,1554831900000,2019,4,9,17,45,0,Tuesday,543463.6241,4804694.71689,-80.46332199999999,43.393878,At intersection,2,Non-reportable,Left turn lane,unknown,unknown,Rear end,Unknown,Daylight,01 - Daylight,Municipal (excl. Twp. Rd.),Stop sign,Functioning,0,0,0,False,False,False,Clear,,True,Road 1: OLD HURON RD; Road 2: TEMPLEWOOD DR; Distance: 0.0 M N; Vehicle #1     Make: FORD     Model: COF     Colour: RED     Style: CW; Vehicle #2     Make:      Model:      Colour:      Style:,4/9/2021 4:28:38 PM,,
49322,19139174,1560184200000,2019,6,10,16,30,0,Monday,541616.20828,4814145.11803,-80.485412,43.479074999999995,At/near private drive,2,P.D. only,Thru lane,unknown,unknown,SMV unattended vehicle,Unknown,Daylight,01 - Daylight,Private property,No control,unknown,0,0,0,False,False,False,Rain,,True,Road 1: 10 GENERAL DR; Vehicle #1     Make: NISS     Model: ASL     Colour: BLK     Style: 4D; Vehicle #2     Make: AUDI     Model: GF8     Colour: SIL     Style: 4W,4/9/2021 4:29:56 PM,,
49323,19139184,1558267200000,2019,5,19,12,0,0,Sunday,544779.22903,4807884.56583,-80.446817,43.422522,Non intersection,2,Non-reportable,Thru lane,unknown,unknown,Other,Unknown,Daylight,01 - Daylight,Municipal (excl. Twp. Rd.),No control,unknown,0,0,0,False,False,False,Clear,,True,Road 1: 21 BALFOUR CRESCENT; Vehicle #1     Make: HYUN     Model: ESM     Colour: WHI     Style: 4D; Vehicle #2     Make: TOYT     Model: CEC     Colour: BLU     Style: 4B,4/9/2021 4:25:44 PM,,
49324,19139720,1560666120000,2019,6,16,6,22,0,Sunday,537213.47906,4809546.243,-80.540165,43.437898,Non intersection,2,P.D. only,Thru lane,unknown,unknown,SMV other,Unknown,Daylight,01 - Daylight,Municipal (excl. Twp. Rd.),No control,unknown,1,0,0,False,False,False,Clear,,False,Road 1: 206 LENNOX CRES (50 km/h); Road 2: LENNOX CRES; Distance: 45.0 M S; Vehicle #1     Make: HYUN     Model: VTO     Colour: BLK     Style: 4D,4/9/2021 4:25:33 PM,,
49325,19139858,1559439000000,2019,6,2,1,30,0,Sunday,536179.29634,4809631.92195,-80.552938,43.438719999999996,At/near private drive,2,P.D. only,Thru lane,unknown,unknown,SMV unattended vehicle,Unknown,Dark,07 - Dark,Municipal (excl. Twp. Rd.),No control,unknown,0,0,0,False,False,False,Clear,,True,Road 1: 1100 COUNTRYSTONE DR; Vehicle #1     Make:      Model:      Colour:      Style: ; Vehicle #2     Make: BMW     Model: BX5     Colour: BGE     Style: 4W,4/9/2021 4:29:58 PM,,
49326,19139993,1560695880000,2019,6,16,14,38,0,Sunday,541182.10099,4809393.79584,-80.49113899999999,43.436318,Intersection related,2,P.D. only,Within intersection,unknown,unknown,Rear end,Unknown,Daylight,01 - Daylight,Regional municipality,Traffic signal,Functioning,0,0,0,False,False,False,Clear,,True,Road 1: STIRLING AVE S; Road 2: HIGHLAND RD KITCHENER; Vehicle #1     Make: BMW     Model: 28I     Colour: SIL     Style: 4D; Vehicle #2     Make: VOLK     Model: PTL     Colour: MLT     Style: 4D; Vehicle #3     Make: HYUN     Model: SFT     Colour: GRY ,4/9/2021 4:27:24 PM,,
49327,19140450,1560751200000,2019,6,17,6,0,0,Monday,536393.73059,4806655.66262,-80.55048699999999,43.411910999999996,At/near private drive,2,Non-reportable,Thru lane,unknown,unknown,SMV unattended vehicle,Unknown,Daylight,01 - Daylight,Private property,No control,unknown,0,0,0,False,False,False,Clear,,True,Road 1: 242 YELLOW BIRCH DR; Vehicle #1     Make:      Model:      Colour:      Style: ; Vehicle #2     Make: MITS     Model: LES     Colour: WHI     Style: 4D,4/9/2021 4:29:31 PM,,
49328,19141626,1560863040000,2019,6,18,13,4,0,Tuesday,545851.26532,4809756.66604,-80.433416,43.439313999999996,Intersection related,2,P.D. only,Thru lane,unknown,unknown,Rear end,Unknown,Daylight,01 - Daylight,Municipal (excl. Twp. Rd.),Traffic signal,unknown,2,0,0,False,False,False,Clear,,False,Road 1: RIVER RD E (60 km/h); Road 2: OLD CHICOPEE DR (50 km/h); Vehicle #1     Make: FORD     Model: FSE     Colour: GRY     Style: 4B; Vehicle #2     Make: NISS     Model: VNS     Colour: WHI     Style: 4B,4/9/2021 4:26:58 PM,,
49329,19141690,1560870000000,2019,6,18,15,0,0,Tuesday,538078.25518,4807919.72717,-80.52959299999999,43.423209,At/near private drive,2,P.D. only,Thru lane,unknown,unknown,Other,Unknown,Daylight,01 - Daylight,Municipal (excl. Twp. Rd.),No control,unknown,0,0,0,False,False,False,Clear,,True,Road 1: 208 WESTHEIGHTS DR; Vehicle #1     Make: JEEP     Model: CMP     Colour: SIL     Style: TY; Vehicle #2     Make: TOYT     Model: MTL     Colour: GRY     Style: 4D,4/9/2021 4:30:03 PM,,
49330,19141797,1560878280000,2019,6,18,17,18,0,Tuesday,546456.88795,4810999.7126,-80.425827,43.450469,At/near private drive,1,Non-fatal injury,Off highway,unknown,unknown,SMV other,Unknown,Daylight,01 - Daylight,Municipal (excl. Twp. Rd.),No control,unknown,0,0,0,True,False,False,Clear,,False,Road 1: 114 WENDY CRT (50 km/h); Road 2: WENDY CRT; Distance: 1.0 M S; Vehicle #1     Make: KIA     Model: SOU     Colour: ONG     Style: TY,4/9/2021 4:28:58 PM,,
49331,19142615,1560958200000,2019,6,19,15,30,0,Wednesday,539785.22069,4809134.22385,-80.508417,43.434056,Intersection related,2,P.D. only,Thru lane,unknown,unknown,Angle,Unknown,Daylight,01 - Daylight,Municipal (excl. Twp. Rd.),Stop sign,Functioning,0,0,0,False,False,False,Clear,,True,Road 1: QUEEN'S BLVD; Road 2: HAHN PL; Vehicle #1     Make: NISS     Model: NV2     Colour: WHI     Style: FV; Vehicle #2     Make: TOYO     Model: RAV     Colour: GRY     Style: 4W,4/9/2021 4:27:35 PM,,
49332,19142628,1560960000000,2019,6,19,16,0,0,Wednesday,539773.00246,4810789.60255,-80.508448,43.448961999999995,Non intersection,2,P.D. only,Thru lane,unknown,unknown,Rear end,Unknown,Daylight,01 - Daylight,Municipal (excl. Twp. Rd.),No control,unknown,0,0,0,False,False,False,Clear,,True,Road 1: STRANGE ST; Road 2: WAVERLY RD; Distance: 60.0 M N; Vehicle #1     Make: TOYT     Model: UCS     Colour: BGE     Style: 4D; Vehicle #2     Make: HOND     Model: UCL     Colour: RED     Style: 4D,4/9/2021 4:26:44 PM,,
49333,19143108,1561009080000,2019,6,20,5,38,0,Thursday,543718.57896,4812033.35138,-80.459587,43.459941,Non intersection,2,P.D. only,Right shoulder,unknown,unknown,SMV unattended vehicle,Unknown,Dawn,03 - Dawn,Municipal (excl. Twp. Rd.),No control,unknown,0,0,0,False,False,False,Rain,,False,Road 1: 205 RIVER RD E (50 km/h); Road 2: RIVER RD E; Distance: 1.0 M E; Vehicle #1     Make: BUIC     Model: ACX     Colour: WHI     Style: 4D; Vehicle #2     Make: TOYT     Model: CXL     Colour: GRY     Style: 4D; Vehicle #3     Make: RAM     Model: RT,4/9/2021 4:25:34 PM,,
49334,19143198,1561020300000,2019,6,20,8,45,0,Thursday,538111.52587,4810638.69759,-80.528992,43.44769,Non intersection,2,P.D. only,Thru lane,unknown,unknown,Rear end,Unknown,Daylight,01 - Daylight,Municipal (excl. Twp. Rd.),No control,unknown,0,0,0,False,False,False,Clear,,True,Road 1: GLASGOW ST; Road 2: INWOOD DR; Distance: 30.0 M W; Vehicle #1     Make: MAZD     Model: M6I     Colour: WHI     Style: 4D; Vehicle #2     Make: FORD     Model: EDG     Colour: BLK     Style: TY,4/9/2021 4:26:39 PM,,
49335,19143343,1561024800000,2019,6,20,10,0,0,Thursday,545894.97589,4809361.97539,-80.43290999999999,43.435756999999995,At/near private drive,2,Non-reportable,Thru lane,unknown,unknown,SMV unattended vehicle,Unknown,Daylight,01 - Daylight,Private property,No control,unknown,0,0,0,False,False,False,Clear,,True,Road 1: 95 THALER AVE; Vehicle #1     Make:      Model:      Colour:      Style: ; Vehicle #2     Make: TOYT     Model: RG4     Colour: BLK     Style: TY,4/9/2021 4:29:34 PM,,
49336,19143363,1561032840000,2019,6,20,12,14,0,Thursday,542111.38065,4812323.89952,-80.47943,43.462649,Intersection related,2,P.D. only,Thru lane,unknown,unknown,Sideswipe,Unknown,Daylight,01 - Daylight,Regional municipality,Stop sign,Functioning,1,0,0,False,False,False,Clear,,False,Road 1: WELLINGTON ST N (50 km/h); Road 2: SPRING VALLEY DR (50 km/h); Distance: 1.0 M N; Vehicle #1     Make: TOYT     Model: HIG     Colour: GRY     Style: TY; Vehicle #2     Make: TOYT     Model: CHL     Colour: WHI     Style: 4D,4/9/2021 4:27:14 PM,,
49337,19144048,1561104600000,2019,6,21,8,10,0,Friday,542010.83025,4810483.6148,-80.48081499999999,43.446085,At intersection,2,P.D. only,Within intersection,unknown,unknown,Angle,Unknown,Daylight,01 - Daylight,Regional municipality,unknown,Functioning,0,0,0,False,False,False,Clear,,False,Road 1: CAMERON ST S (50 km/h); Road 2: KING ST E (50 km/h); Vehicle #1     Make: LEXS     Model: E35     Colour: BRN     Style: 4D; Vehicle #2     Make: LINC     Model: MSA     Colour: BLK     Style: 4D,4/27/2022 10:42:00 AM,,
49338,19144481,1561134720000,2019,6,21,16,32,0,Friday,539404.12104,4810382.69765,-80.513036,43.445318,At intersection,2,P.D. only,Not on roadway - right side,unknown,unknown,SMV other,Unknown,Daylight,01 - Daylight,Municipal (excl. Twp. Rd.),Stop sign,unknown,0,0,0,False,False,False,Clear,,False,Road 1: BELMONT AVE W (50 km/h); Road 2: KARN ST (50 km/h); Vehicle #1     Make:      Model: -     Colour:      Style:,4/9/2021 4:28:10 PM,,
49339,19144495,1561135500000,2019,6,21,16,45,0,Friday,540943.6571,4810189.36637,-80.494025,43.443494,Non intersection,2,P.D. only,Thru lane,unknown,unknown,Angle,Unknown,Daylight,01 - Daylight,Municipal (excl. Twp. Rd.),No control,unknown,0,0,0,False,True,False,Clear,,True,Road 1: MILL ST; Road 2: QUEEN ST S; Vehicle #1     Make:      Model:      Colour:      Style: ; Vehicle #2     Make: MAZD     Model: 3TR     Colour: WHI     Style: 4D,4/9/2021 4:26:34 PM,,