OBJECTID,ACCIDENTNUM,ACCIDENTDATE,ACCIDENT_YEAR,ACCIDENT_MONTH,ACCIDENT_DAY,ACCIDENT_HOUR,ACCIDENT_MINUTE,ACCIDENT_SECOND,ACCIDENT_WEEKDAY,XCOORD,YCOORD,LONGITUDE,LATITUDE,ACCIDENTLOCATION,COLLISIONTYPE,CLASSIFICATIONOFACCIDENT,IMPACTLOCATION,INITIALDIRECTIONOFTRAVELONE,INITIALDIRECTIONOFTRAVELTWO,INITIALIMPACTTYPE,INTTRAFFICCONTROL,LIGHT,LIGHTFORREPORT,ROADJURISDICTION,TRAFFICCONTROL,TRAFFICCONTROLCONDITION,THRULANENO,NORTHBOUNDDISOBEYCOUNT,SOUTHBOUNDDISOBEYCOUNT,PEDESTRIANINVOLVED,CYCLISTINVOLVED,MOTORCYCLISTINVOLVED,ENVIRONMENTCONDITION1,ENVIRONMENTCONDITION2,SELFREPORTED,XMLIMPORTNOTES,LASTEDITEDDATE,CREATE_BY,CREATE_DATE
49440,19168364,1563491520000,2019,7,18,23,12,0,Thursday,543683.95776,4804910.91336,-80.460584,43.395812,Non intersection,2,P.D. only,Thru lane,unknown,unknown,SMV unattended vehicle,Unknown,Dark,07 - Dark,Municipal (excl. Twp. Rd.),No control,unknown,1,0,0,False,False,False,Clear,,False,Road 1: OLD HURON RD (50 km/h); Road 2: BATTLER RD (50 km/h); Distance: 30.0 M E; Vehicle #1     Make: HOND     Model: UDY     Colour: GRY     Style: VN; Vehicle #2     Make: TOYT     Model: MTL     Colour: BLK     Style: 4D,4/9/2021 5:47:41 PM,,
49441,19168787,1563543000000,2019,7,19,13,30,0,Friday,541248.9484,4810978.11266,-80.49019299999999,43.450579,Non intersection,2,P.D. only,Thru lane,unknown,unknown,SMV unattended vehicle,Unknown,Daylight,01 - Daylight,Municipal (excl. Twp. Rd.),No control,unknown,0,0,0,False,False,False,Clear,,True,Road 1: ONTARIO ST S; Road 2: KING ST W; Vehicle #1     Make: HOND     Model: UEX     Colour: BLK     Style: 2D; Vehicle #2     Make: FORD     Model: SRW     Colour: BLU     Style: PK,4/9/2021 5:47:36 PM,,
49442,19168848,1563546000000,2019,7,19,14,20,0,Friday,543894.05004,4805115.20505,-80.457974,43.397639,Non intersection,2,Non-reportable,Thru lane,unknown,unknown,Rear end,Unknown,Daylight,01 - Daylight,Regional municipality,No control,unknown,0,0,0,False,False,False,Clear,,True,Road 1: HURON RD; Road 2: TRILLIUM DR; Vehicle #1     Make: PONT     Model: GRA     Colour: GRY     Style: 4D; Vehicle #2     Make: CHEV     Model: CZT     Colour: BLK     Style: 4D,4/9/2021 5:48:10 PM,,
49443,19168969,1563554220000,2019,7,19,16,37,0,Friday,541638.04472,4805541.2751,-80.485799,43.401604,At intersection,2,P.D. only,Within intersection,unknown,unknown,Angle,Unknown,Daylight,01 - Daylight,Municipal (excl. Twp. Rd.),Stop sign,Functioning,0,0,0,False,True,False,Clear,,False,Road 1: WASHBURN DR (50 km/h); Road 2: TRILLIUM DR (50 km/h); Vehicle #1     Make: HOND     Model: ULX     Colour: SIL     Style: 4D; Vehicle #2     Make: BICY     Model: MOUN     Colour:      Style: MOU,4/9/2021 5:47:33 PM,,
49444,19169145,1563570000000,2019,7,19,21,0,0,Friday,539428.98377,4809854.79853,-80.512767,43.440563,Non intersection,2,P.D. only,Thru lane,unknown,unknown,Angle,Unknown,Dusk,05 - Dusk,Private property,No control,unknown,0,0,0,False,False,False,Clear,,True,Road 1: 273 LAWRENCE AVE; Vehicle #1     Make: TOYT     Model: MTL     Colour: BLK     Style: 4D; Vehicle #2     Make: VOLK     Model: DTC     Colour: SIL     Style: 4D,4/9/2021 5:48:13 PM,,
49445,19169163,1563566400000,2019,7,19,20,0,0,Friday,541624.8526,4810726.49113,-80.48556599999999,43.448293,Non intersection,2,P.D. only,Thru lane,unknown,unknown,Other,Unknown,Daylight,01 - Daylight,Regional municipality,No control,unknown,0,0,0,False,False,False,Clear,,True,Road 1: 210 KING ST E; Vehicle #1     Make: NISS     Model: CXT     Colour: SIL     Style: TY; Vehicle #2     Make: HOND     Model: UAX     Colour: SIL     Style: 4D,4/22/2022 2:25:04 PM,,
49446,19169359,1563585660000,2019,7,20,1,21,0,Saturday,544022.50905,4808558.16733,-80.45611,43.428632,At/near private drive,2,P.D. only,Not on roadway - right side,unknown,unknown,SMV other,Unknown,"Dark, artificial","08 - Dark, artificial",Municipal (excl. Twp. Rd.),No control,unknown,0,0,0,False,False,False,Clear,,False,Road 1: WILSON AVE (50 km/h); Road 2: FOURTH AVE (50 km/h); Vehicle #1     Make: MERZ     Model: C45     Colour: BLK     Style: 4D,4/9/2021 5:47:43 PM,,
49447,19169706,1563628800000,2019,7,20,13,20,0,Saturday,540826.02576,4811301.73489,-80.495396,43.453516,Non intersection,2,P.D. only,Not on roadway - right side,unknown,unknown,SMV other,Unknown,Daylight,01 - Daylight,Regional municipality,No control,unknown,0,0,0,False,False,False,Clear,,False,Road 1: DUKE ST W (50 km/h); Road 2: VICTORIA ST N; Distance: 75.0 M S; Vehicle #1     Make: GMC     Model: SIE     Colour: BLK     Style: PK,4/9/2021 5:48:13 PM,,
49448,19169713,1563628920000,2019,7,20,13,22,0,Saturday,538629.41837,4807729.12893,-80.522797,43.421465,At intersection,2,P.D. only,Thru lane,unknown,unknown,Rear end,Unknown,Daylight,01 - Daylight,Municipal (excl. Twp. Rd.),Stop sign,unknown,1,0,0,False,False,False,Clear,,False,Road 1: MCGARRY DR (40 km/h); Road 2: PINEHURST CRES (50 km/h); Vehicle #1     Make: CHRY     Model: 2LX     Colour: BLU     Style: 4D; Vehicle #2     Make: KIA     Model: SOR     Colour: BLU     Style: TY,4/9/2021 5:47:34 PM,,
49449,19170335,1563683040000,2019,7,21,4,24,0,Sunday,542670.20895,4806929.11821,-80.472944,43.414041999999995,At intersection,2,P.D. only,Off highway,unknown,unknown,SMV other,Unknown,Other,99 - Other,Regional municipality,Stop sign,Functioning,0,0,0,False,False,False,Clear,,False,Road 1: OLD COUNTRY DR (50 km/h); Road 2: COUNTRY HILL DR (50 km/h); Vehicle #1     Make: HYUN     Model: EGM     Colour: SIL     Style: 4D,4/9/2021 5:48:00 PM,,
49450,19170353,1563687480000,2019,7,21,5,38,0,Sunday,545060.05002,4808897.18521,-80.443264,43.431622999999995,Non intersection,2,P.D. only,Not on roadway - right side,unknown,unknown,SMV unattended vehicle,Unknown,Dawn,03 - Dawn,Municipal (excl. Twp. Rd.),No control,unknown,0,0,0,False,False,False,Clear,,False,Road 1: KINGSWAY DR (50 km/h); Road 2: ST JEROME AVE; Distance: 200.0 M E; Vehicle #1     Make: DODG     Model: AXT     Colour: BLK     Style: 4D; Vehicle #2     Make:      Model:      Colour:      Style: 4D; Vehicle #3     Make:      Model: -     Colour:,4/9/2021 5:47:47 PM,,
49451,19170751,1563732000000,2019,7,21,18,0,0,Sunday,539640.14016,4807406.35387,-80.510335,43.418506,At/near private drive,2,P.D. only,Thru lane,unknown,unknown,Rear end,Unknown,Daylight,01 - Daylight,Municipal (excl. Twp. Rd.),No control,unknown,1,0,0,False,False,False,Clear,,False,Road 1: 28 VALLEYVIEW RD (50 km/h); Road 2: VALLEYVIEW RD; Distance: 10.0 M W; Vehicle #1     Make: PETE     Model:      Colour:      Style: 4DR; Vehicle #2     Make: HOND     Model: CXG     Colour: SIL     Style: 4D,4/9/2021 5:47:43 PM,,
49452,19171421,1563804000000,2019,7,22,14,0,0,Monday,542628.58069,4810098.35018,-80.47321099999999,43.442581,Non intersection,2,P.D. only,Thru lane,unknown,unknown,Rear end,Unknown,Daylight,01 - Daylight,Regional municipality,No control,unknown,0,0,0,False,False,False,Clear,,True,Road 1: KING ST E; Road 2: BORDEN AVE N; Vehicle #1     Make: DODG     Model: CAR     Colour: WHI     Style: VN; Vehicle #2     Make: DODG     Model: CAR     Colour: GLD     Style: VN,4/9/2021 5:48:09 PM,,
49453,19171444,1563807000000,2019,7,22,14,50,0,Monday,541286.80144,4810815.91527,-80.48973699999999,43.449117,Non intersection,2,P.D. only,Thru lane,unknown,unknown,SMV unattended vehicle,Unknown,Daylight,01 - Daylight,Regional municipality,No control,unknown,0,0,0,False,False,False,Clear,,True,Road 1: QUEEN ST S; Road 2: CHARLES ST W; Vehicle #1     Make: CHEV     Model: AVL     Colour: BLK     Style: PK; Vehicle #2     Make:      Model:      Colour:      Style:,4/9/2021 5:48:07 PM,,
49454,19171620,1563654600000,2019,7,20,20,30,0,Saturday,546098.4963,4809448.73137,-80.430388,43.436526,Non intersection,2,P.D. only,Thru lane,unknown,unknown,SMV other,Unknown,Dusk,05 - Dusk,Regional municipality,No control,unknown,0,0,0,False,False,False,Clear,,True,Road 1: RIVER RD E; Road 2: KINZIE AVE; Vehicle #1     Make: HYUN     Model: SSE     Colour: GRY     Style: 4D,4/9/2021 5:48:07 PM,,
49455,19171622,1563813600000,2019,7,22,16,40,0,Monday,545694.73809,4812598.51373,-80.43511199999999,43.464911,At/near private drive,2,P.D. only,Not on roadway - right side,unknown,unknown,SMV unattended vehicle,Unknown,Daylight,01 - Daylight,Municipal (excl. Twp. Rd.),No control,unknown,0,0,0,False,False,False,Clear,,True,Road 1: 234 KEEWATIN AVE; Vehicle #1     Make: CHEV     Model: EXP     Colour: WHI     Style: FV; Vehicle #2     Make: STRN     Model: SI3     Colour: GRY     Style: 2D,4/9/2021 5:47:25 PM,,
49456,19171657,1563825660000,2019,7,22,20,1,0,Monday,546858.75541,4811246.8542,-80.420839,43.452669,Non intersection,2,P.D. only,Thru lane,unknown,unknown,Sideswipe,Unknown,Daylight,01 - Daylight,Municipal (excl. Twp. Rd.),No control,unknown,1,0,0,False,False,False,Clear,,False,Road 1: ZELLER DR (50 km/h); Road 2: JANET CRT; Distance: 30.0 M W; Vehicle #1     Make: NISS     Model: SL2     Colour: BGE     Style: 4D; Vehicle #2     Make: TOYT     Model: RG4     Colour: GRY     Style: TY,4/9/2021 5:47:49 PM,,
49457,19172145,1563883200000,2019,7,23,12,0,0,Tuesday,540799.74881,4808814.82792,-80.49590599999999,43.431126,Non intersection,2,Non-reportable,Thru lane,unknown,unknown,Sideswipe,Unknown,Daylight,01 - Daylight,Municipal (excl. Twp. Rd.),No control,unknown,0,0,0,False,False,False,Clear,,True,Road 1: HOMER WATSON BLVD; Road 2: STIRLING AVE S; Vehicle #1     Make: DODG     Model: CAR     Colour: SIL     Style: VN; Vehicle #2     Make: FORD     Model: FEE     Colour: BLU     Style: 4B,4/27/2022 10:40:23 AM,,
49458,19172336,1563883200000,2019,7,23,12,0,0,Tuesday,545430.79284,4812113.38762,-80.43841599999999,43.460558999999996,At/near private drive,2,Non-reportable,Thru lane,unknown,unknown,SMV unattended vehicle,Unknown,Daylight,01 - Daylight,Municipal (excl. Twp. Rd.),No control,unknown,0,0,0,False,False,False,Clear,,True,Road 1: 7 OAKHURST CRESCENT; Vehicle #1     Make:      Model:      Colour:      Style: ; Vehicle #2     Make: TOYT     Model: CBA     Colour: GRY     Style: 4D,4/9/2021 5:47:36 PM,,
49459,19172879,1563954300000,2019,7,24,7,45,0,Wednesday,545146.54577,4807125.13246,-80.442342,43.415662,Intersection related,2,P.D. only,Within intersection,unknown,unknown,Rear end,Unknown,Daylight,01 - Daylight,Municipal (excl. Twp. Rd.),Stop sign,unknown,0,0,0,False,False,False,Clear,,True,Road 1: WILSON AVE; Road 2: GOODRICH DR; Vehicle #1     Make: STRN     Model: SI2     Colour: BLK     Style: 4D; Vehicle #2     Make: FORD     Model: COF     Colour: WHI     Style: PK,4/9/2021 5:47:10 PM,,
49460,19172978,1563962400000,2019,7,24,10,0,0,Wednesday,540425.55459,4806670.48474,-80.500688,43.411837999999996,Non intersection,2,P.D. only,Thru lane,unknown,unknown,Sideswipe,Unknown,Daylight,01 - Daylight,Municipal (excl. Twp. Rd.),No control,unknown,0,0,0,False,False,False,Clear,,True,Road 1: RISTAU PL; Road 2: RISTAU CRESCENT; Vehicle #1     Make: VOLK     Model: JET     Colour: RED     Style: 4D; Vehicle #2     Make: VOLK     Model: JTD     Colour: WHI     Style: 4D,4/9/2021 5:47:11 PM,,
49461,19173088,1563970440000,2019,7,24,12,14,0,Wednesday,548347.20863,4804583.47108,-80.403033,43.392578,Non intersection,2,P.D. only,Thru lane,unknown,unknown,Turning movement,Unknown,Daylight,01 - Daylight,Municipal (excl. Twp. Rd.),No control,unknown,1,0,0,False,False,False,Clear,,False,Road 1: 400 DOON VALLEY DR (50 km/h); Road 2: DOON VALLEY DR; Distance: 2.0 M S; Vehicle #1     Make: TOYT     Model: HV4     Colour: WHI     Style: TY; Vehicle #2     Make: HOND     Model: UCL     Colour: GRN     Style: 4D,4/9/2021 5:47:40 PM,,
49462,19173128,1562940000000,2019,7,12,14,0,0,Friday,540772.69333,4811526.10691,-80.496038,43.45554,At/near private drive,2,P.D. only,Thru lane,unknown,unknown,SMV unattended vehicle,Unknown,Daylight,01 - Daylight,Municipal (excl. Twp. Rd.),No control,unknown,0,0,0,False,False,False,Clear,,True,Road 1: 105 BREITHAUPT ST; Vehicle #1     Make: CHEV     Model: SIL     Colour: WHI     Style: PK; Vehicle #2     Make: FORD     Model: COF     Colour: BLK     Style: PK,4/9/2021 5:47:20 PM,,
49463,19173170,1563207300000,2019,7,15,16,15,0,Monday,544854.14262,4812671.56412,-80.445498,43.46562,At/near private drive,2,Non-reportable,Not on roadway - right side,unknown,unknown,SMV unattended vehicle,Unknown,Daylight,01 - Daylight,Municipal (excl. Twp. Rd.),No control,unknown,0,0,0,False,False,False,Clear,,True,Road 1: 135 MATTHEW ST; Vehicle #1     Make:      Model:      Colour:      Style: ; Vehicle #2     Make: KIA     Model: FLX     Colour: WHI     Style: 4D,4/9/2021 5:47:37 PM,,
49464,19173184,1563978600000,2019,7,24,14,30,0,Wednesday,542108.38116,4807131.25564,-80.479868,43.415894,At intersection,2,P.D. only,Within intersection,unknown,unknown,Angle,Unknown,Daylight,01 - Daylight,Regional municipality,Traffic signal,Functioning,0,0,0,False,False,False,Clear,,True,Road 1: STRASBURG RD; Road 2: BLOCK LINE RD; Vehicle #1     Make: CHEV     Model: RAX     Colour: GRY     Style: TY; Vehicle #2     Make: HOND     Model: CRV     Colour: WHI     Style: TY,4/9/2021 5:47:58 PM,,
49465,19173186,1563976800000,2019,7,24,14,0,0,Wednesday,542561.36484,4812550.33466,-80.47385,43.464662,Intersection related,2,P.D. only,Within intersection,unknown,unknown,Angle,Unknown,Daylight,01 - Daylight,Regional municipality,Stop sign,unknown,0,0,0,False,False,False,Clear,,True,Road 1: WELLINGTON ST N; Road 2: CONESTOGA PKWY; Vehicle #1     Make: FORD     Model: CTV     Colour: WHI     Style: CB; Vehicle #2     Make: VOLK     Model: TLP     Colour: GRY     Style: 4D,4/9/2021 5:47:59 PM,,
49466,19173295,1563982200000,2019,7,24,15,30,0,Wednesday,545095.29404,4807778.788,-80.442921,43.421551,Non intersection,2,P.D. only,Thru lane,unknown,unknown,Rear end,Unknown,Daylight,01 - Daylight,Municipal (excl. Twp. Rd.),No control,unknown,0,0,0,False,False,False,Clear,,True,Road 1: WILSON AVE; Road 2: FAIRWAY RD S; Vehicle #1     Make: MITS     Model: LES     Colour: BLU     Style: 4D; Vehicle #2     Make: HOND     Model: UCL     Colour: BGE     Style: 4D,4/9/2021 5:47:22 PM,,
49467,19173400,1563992220000,2019,7,24,18,17,0,Wednesday,537378.38053,4809958.16203,-80.538099,43.441599,At/near private drive,2,P.D. only,Thru lane,unknown,unknown,SMV unattended vehicle,Unknown,Daylight,01 - Daylight,Municipal (excl. Twp. Rd.),No control,unknown,1,0,0,False,False,False,Clear,,False,Road 1: 352 WESTWOOD DR (50 km/h); Road 2: WESTWOOD DR; Distance: 1.0 M W; Vehicle #1     Make: NEWF     Model: XD4     Colour: WHI     Style: BU; Vehicle #2     Make: MACK     Model: 800     Colour: WHI     Style: MX,4/9/2021 5:47:41 PM,,
49468,19173501,1563894000000,2019,7,23,15,0,0,Tuesday,544520.6422,4810584.67054,-80.44979099999999,43.446849,At intersection,2,Non-reportable,Within intersection,unknown,unknown,Sideswipe,Unknown,Daylight,01 - Daylight,Municipal (excl. Twp. Rd.),Stop sign,Functioning,0,0,0,False,False,False,Clear,,True,Road 1: FRANKLIN ST N; Road 2: DREGER ST; Vehicle #1     Make: STRN     Model: VUE     Colour: GRY     Style: TY; Vehicle #2     Make: MAZD     Model: M3I     Colour: BLU     Style: 4D,4/9/2021 5:47:55 PM,,
49469,19173783,1564038300000,2019,7,25,7,5,0,Thursday,543857.21578,4805116.08896,-80.458428,43.397649,At intersection,2,P.D. only,Within intersection,unknown,unknown,Sideswipe,Unknown,Daylight,01 - Daylight,Municipal (excl. Twp. Rd.),Traffic signal,Functioning,0,0,0,False,False,False,Clear,,True,Road 1: HURON RD; Road 2: TRILLIUM DR; Vehicle #1     Make: RAM     Model: RTR     Colour: RED     Style: PK; Vehicle #2     Make: FORD     Model: SPE     Colour: RED     Style: TY,4/9/2021 5:47:11 PM,,
49470,19173928,1564049940000,2019,7,25,10,19,0,Thursday,537511.47981,4808814.43046,-80.53653299999999,43.431294,At/near private drive,2,P.D. only,Off highway,unknown,unknown,SMV other,Unknown,Daylight,01 - Daylight,Municipal (excl. Twp. Rd.),No control,unknown,0,0,0,False,False,False,Clear,,False,Road 1: 173 EASTFOREST TRAIL (50 km/h); Road 2: EASTFOREST TRAIL; Distance: 9.0 M W; Vehicle #1     Make: PETE     Model:      Colour:      Style:,4/9/2021 5:47:42 PM,,
49471,19174186,1564066200000,2019,7,25,14,50,0,Thursday,539337.70514,4810562.76505,-80.51384399999999,43.446942,Non intersection,2,P.D. only,Thru lane,unknown,unknown,Sideswipe,Unknown,Daylight,01 - Daylight,Municipal (excl. Twp. Rd.),No control,unknown,0,0,0,False,False,False,Clear,,True,Road 1: BELMONT AVE W; Road 2: GAGE AVE; Vehicle #1     Make: HOND     Model: UDY     Colour: SIL     Style: TY; Vehicle #2     Make: CHEV     Model: MLT     Colour: GRY     Style: 4D,4/9/2021 5:47:26 PM,,
49472,19174311,1564071600000,2019,7,25,16,20,0,Thursday,546062.99938,4809492.58335,-80.43082199999999,43.436923,Intersection related,2,P.D. only,Thru lane,unknown,unknown,Rear end,Unknown,Daylight,01 - Daylight,Regional municipality,Traffic signal,Functioning,0,0,0,False,False,False,Clear,,True,Road 1: KINZIE AVE; Road 2: RIVER RD E; Vehicle #1     Make: TOYT     Model: UCS     Colour: BRN     Style: 4D; Vehicle #2     Make: KIA     Model: SOR     Colour: SIL     Style: TY,4/9/2021 5:47:57 PM,,
49473,19174577,1563973200000,2019,7,24,13,0,0,Wednesday,541451.97953,4810085.95338,-80.487751,43.442535,Non intersection,2,Non-reportable,Thru lane,unknown,unknown,Other,Unknown,Daylight,01 - Daylight,Regional municipality,No control,unknown,0,0,0,False,False,False,Clear,,True,Road 1: CEDAR ST S; Road 2: COURTLAND AVE E; Vehicle #1     Make:      Model:      Colour:      Style: ; Vehicle #2     Make: VOLK     Model: JL1     Colour: BLK     Style: 4D,4/9/2021 5:48:10 PM,,
49474,19176123,1564243800000,2019,7,27,16,10,0,Saturday,548008.59988,4806202.33225,-80.407072,43.407176,Non intersection,2,P.D. only,Thru lane,unknown,unknown,SMV unattended vehicle,Unknown,Daylight,01 - Daylight,Municipal (excl. Twp. Rd.),No control,unknown,2,0,0,False,False,False,Clear,,False,Road 1: 141 DEER RIDGE DR (50 km/h); Road 2: DEER RIDGE DR; Distance: 1.0 M E; Vehicle #1     Make: MERZ     Model: C4A     Colour: WHI     Style: CV; Vehicle #2     Make: VOLK     Model: JSL     Colour: WHI     Style: 4D,4/9/2021 5:47:42 PM,,
49475,19176312,1564261560000,2019,7,27,21,6,0,Saturday,538379.19311,4809758.11782,-80.525746,43.439747,Non intersection,2,P.D. only,Right shoulder,unknown,unknown,SMV unattended vehicle,Unknown,Dark,07 - Dark,Municipal (excl. Twp. Rd.),No control,unknown,0,0,0,False,False,False,Clear,,False,Road 1: 75 HAZELGLEN DR (50 km/h); Road 2: HAZELGLEN DR; Distance: 6.0 M W; Vehicle #1     Make: MAZD     Model: M3I     Colour: SIL     Style: 4D; Vehicle #2     Make: MAZD     Model: CX5     Colour: GRY     Style: TY,4/9/2021 5:47:46 PM,,
49476,19176682,1564286400000,2019,7,28,4,0,0,Sunday,543584.7949,4804802.72991,-80.461817,43.394844,Intersection related,2,P.D. only,Thru lane,unknown,unknown,SMV unattended vehicle,Unknown,Dawn,03 - Dawn,Municipal (excl. Twp. Rd.),No control,Functioning,1,0,0,False,False,False,Clear,,False,Road 1: OLD HURON RD (50 km/h); Road 2: MARIANNE DORN TRAIL (50 km/h); Vehicle #1     Make:      Model:      Colour:      Style: ; Vehicle #2     Make: VOLK     Model: JET     Colour: WHI     Style: 4D,4/9/2021 5:47:41 PM,,
49477,19177371,1564392240000,2019,7,29,9,24,0,Monday,541419.33682,4810761.22146,-80.48810399999999,43.448617,Non intersection,2,P.D. only,Thru lane,unknown,unknown,Rear end,Unknown,Daylight,01 - Daylight,Municipal (excl. Twp. Rd.),No control,unknown,1,0,0,False,False,False,Clear,,False,Road 1: BENTON ST (50 km/h); Road 2: HALLS LANE E; Distance: 4.0 M S; Vehicle #1     Make: PONT     Model: VIB     Colour: RED     Style: 4B; Vehicle #2     Make: HYUN     Model: SAN     Colour: BLK     Style: TY,4/9/2021 5:47:46 PM,,
49478,19177734,1564423440000,2019,7,29,18,4,0,Monday,541074.92833,4813133.91319,-80.492181,43.47,Non intersection,2,P.D. only,Right shoulder,unknown,unknown,SMV unattended vehicle,Unknown,Daylight,01 - Daylight,Municipal (excl. Twp. Rd.),No control,unknown,0,0,0,False,False,False,Clear,,False,Road 1: 887 UNION ST (50 km/h); Road 2: UNION ST; Distance: 1.0 M N; Vehicle #1     Make: PETE     Model:      Colour:      Style: ; Vehicle #2     Make: CHEV     Model: SIL     Colour: GRY     Style: PK,4/9/2021 5:47:42 PM,,
49479,19178250,1564491600000,2019,7,30,13,0,0,Tuesday,538899.75027,4811472.01503,-80.51919099999999,43.455152,At intersection,2,Non-reportable,Right turn lane,unknown,unknown,Sideswipe,Unknown,Daylight,01 - Daylight,Municipal (excl. Twp. Rd.),Traffic signal,Functioning,0,0,0,False,False,False,Clear,,True,Road 1: BELMONT AVE; Road 2: UNION BLVD; Vehicle #1     Make: PONT     Model: WLT     Colour: GRY     Style: 4B; Vehicle #2     Make: FRHT     Model: CSC     Colour: WHI     Style: CT,4/9/2021 5:47:12 PM,,
49480,19178441,1564500600000,2019,7,30,15,30,0,Tuesday,545121.29943,4807672.92787,-80.44260799999999,43.420595999999996,Non intersection,2,P.D. only,Thru lane,unknown,unknown,Rear end,Unknown,Daylight,01 - Daylight,Municipal (excl. Twp. Rd.),No control,unknown,0,0,0,False,False,False,Clear,,True,Road 1: WILSON AVE; Road 2: FAIRWAY RD S; Vehicle #1     Make: HYUN     Model: ESM     Colour: WHI     Style: 4D; Vehicle #2     Make: TOYT     Model: RV4     Colour: GRY     Style: TY,4/9/2021 5:47:38 PM,,
49481,19178635,1564509000000,2019,7,30,17,50,0,Tuesday,542019.63003,4806760.20972,-80.480993,43.412558,Non intersection,2,P.D. only,Not on roadway - right side,unknown,unknown,SMV unattended vehicle,Unknown,Daylight,01 - Daylight,Municipal (excl. Twp. Rd.),No control,unknown,0,0,0,False,False,False,Clear,,True,Road 1: 79 BROOKFIELD CRESCENT; Vehicle #1     Make:      Model:      Colour:      Style: ; Vehicle #2     Make: BMW     Model: 3DX     Colour: BLK     Style: 4D,4/9/2021 5:48:03 PM,,
49482,19178709,1564513200000,2019,7,30,19,0,0,Tuesday,544972.26719,4811007.59427,-80.444175,43.45063,Non intersection,2,P.D. only,Thru lane,unknown,unknown,Angle,Unknown,Daylight,01 - Daylight,Regional municipality,No control,unknown,0,0,0,False,False,False,Clear,,True,Road 1: RIVER RD E; Road 2: OTTAWA ST N; Vehicle #1     Make: FORD     Model: FEE     Colour: GRN     Style: 4B; Vehicle #2     Make: HYUN     Model: AGG     Colour: BLK     Style: 4D,4/27/2022 10:39:01 AM,,
49483,19178968,1564562700000,2019,7,31,8,45,0,Wednesday,542708.50747,4810049.60093,-80.47222699999999,43.442136999999995,Non intersection,2,P.D. only,Thru lane,unknown,unknown,Rear end,Unknown,Daylight,01 - Daylight,Municipal (excl. Twp. Rd.),No control,unknown,0,0,0,False,False,False,Clear,,True,Road 1: KING ST E KITCHENER; Road 2: ONWARD ST; Vehicle #1     Make: HOND     Model: ULX     Colour: SIL     Style: 4D; Vehicle #2     Make:      Model:      Colour:      Style:,4/9/2021 5:47:27 PM,,
49484,19179166,1564507800000,2019,7,30,17,30,0,Tuesday,546097.29201,4809448.72314,-80.430402,43.436526,Non intersection,2,P.D. only,Thru lane,unknown,unknown,Sideswipe,Unknown,Daylight,01 - Daylight,Regional municipality,No control,unknown,0,0,0,False,False,False,Clear,,True,Road 1: RIVER RD E; Road 2: KINZIE AVE; Vehicle #1     Make: TOYT     Model: SIE     Colour: GRN     Style: VN; Vehicle #2     Make: CHEV     Model: LLS     Colour: RED     Style: 4D,4/9/2021 5:48:08 PM,,
49485,19179214,1564318800000,2019,7,28,13,0,0,Sunday,545887.03975,4809712.75188,-80.43297799999999,43.438916,Non intersection,2,Non-reportable,Thru lane,unknown,unknown,SMV other,Unknown,Daylight,01 - Daylight,Regional municipality,No control,unknown,0,0,0,False,False,False,Clear,,True,Road 1: RIVER RD E; Road 2: OLD CHICOPEE DR; Vehicle #1     Make: CHRY     Model: C30     Colour: RED     Style: 4D,4/9/2021 5:48:05 PM,,
49486,19179423,1564596000000,2019,7,31,18,0,0,Wednesday,545257.62836,4802998.33129,-80.441311,43.378498,At intersection,2,P.D. only,Within intersection,unknown,unknown,Angle,Unknown,Daylight,01 - Daylight,Municipal (excl. Twp. Rd.),unknown,Functioning,0,0,0,False,False,False,Clear,,True,Road 1: FOREST CREEK DR; Road 2: ROBERT FERRIE DR; Vehicle #1     Make: AUDI     Model: 6PR     Colour: BLK     Style: 4D; Vehicle #2     Make:      Model:      Colour:      Style:,4/9/2021 5:47:13 PM,,
49487,19179565,1561449600000,2019,6,25,8,0,0,Tuesday,543992.59933,4811999.10816,-80.45620199999999,43.459616,Non intersection,2,Non-reportable,Thru lane,unknown,unknown,SMV unattended vehicle,Unknown,Daylight,01 - Daylight,Municipal (excl. Twp. Rd.),No control,unknown,0,0,0,False,False,False,Clear,,True,Road 1: 130 ELKINGTON DR; Vehicle #1     Make:      Model:      Colour:      Style: ; Vehicle #2     Make: SUBA     Model: O2P     Colour: SIL     Style: SW,4/9/2021 4:25:59 PM,,
49488,19179594,1564605900000,2019,7,31,20,45,0,Wednesday,546440.17624,4802849.44693,-80.426726,43.377085,At/near private drive,2,P.D. only,Thru lane,unknown,unknown,SMV unattended vehicle,Unknown,Dusk,05 - Dusk,Municipal (excl. Twp. Rd.),No control,unknown,0,0,0,False,False,False,Clear,,True,Road 1: 364 ROBERT FERRIE DR; Vehicle #1     Make:      Model:      Colour:      Style: ; Vehicle #2     Make: CHRY     Model: 3TR     Colour: BLU     Style: 4D,4/9/2021 5:47:26 PM,,