OBJECTID,ACCIDENTNUM,ACCIDENTDATE,ACCIDENT_YEAR,ACCIDENT_MONTH,ACCIDENT_DAY,ACCIDENT_HOUR,ACCIDENT_MINUTE,ACCIDENT_SECOND,ACCIDENT_WEEKDAY,XCOORD,YCOORD,LONGITUDE,LATITUDE,ACCIDENTLOCATION,COLLISIONTYPE,CLASSIFICATIONOFACCIDENT,IMPACTLOCATION,INITIALDIRECTIONOFTRAVELONE,INITIALDIRECTIONOFTRAVELTWO,INITIALIMPACTTYPE,INTTRAFFICCONTROL,LIGHT,LIGHTFORREPORT,ROADJURISDICTION,TRAFFICCONTROL,TRAFFICCONTROLCONDITION,THRULANENO,NORTHBOUNDDISOBEYCOUNT,SOUTHBOUNDDISOBEYCOUNT,PEDESTRIANINVOLVED,CYCLISTINVOLVED,MOTORCYCLISTINVOLVED,ENVIRONMENTCONDITION1,ENVIRONMENTCONDITION2,SELFREPORTED,XMLIMPORTNOTES,LASTEDITEDDATE,CREATE_BY,CREATE_DATE
49588,19200173,1566662400000,2019,8,24,16,0,0,Saturday,536459.53167,4808484.81757,-80.54955199999999,43.428377999999995,At/near private drive,2,P.D. only,Thru lane,unknown,unknown,SMV unattended vehicle,Unknown,Daylight,01 - Daylight,Municipal (excl. Twp. Rd.),No control,unknown,0,0,0,False,False,False,Clear,,True,Road 1: 92 WESTMEADOW DR; Vehicle #1     Make:      Model:      Colour:      Style: ; Vehicle #2     Make: TOYT     Model: PRI     Colour: BRN     Style: 4B,4/9/2021 5:54:50 PM,,
49589,19200544,1566813600000,2019,8,26,10,0,0,Monday,545867.88033,4809310.89946,-80.43324899999999,43.435299,Non intersection,2,P.D. only,Thru lane,unknown,unknown,SMV unattended vehicle,Unknown,Daylight,01 - Daylight,Municipal (excl. Twp. Rd.),No control,unknown,0,0,0,False,False,False,Clear,,True,Road 1: 224 KINZIE AVE; Vehicle #1     Make: LINC     Model: MKZ     Colour: BLK     Style: 4D; Vehicle #2     Make: TOYT     Model: SIE     Colour: GRY     Style: VN,4/9/2021 5:53:07 PM,,
49590,19201332,1566913800000,2019,8,27,13,50,0,Tuesday,541733.77489,4810661.2872,-80.484225,43.447700000000005,Non intersection,2,Non-reportable,Thru lane,unknown,unknown,SMV unattended vehicle,Unknown,Daylight,01 - Daylight,Municipal (excl. Twp. Rd.),No control,unknown,0,0,0,False,False,False,Clear,,True,Road 1: 301 KING ST E; Vehicle #1     Make: RAM     Model: RTR     Colour: GRY     Style: CW; Vehicle #2     Make: FORD     Model: TST     Colour: WHI     Style: FV,8/16/2022 3:00:19 PM,,
49591,19201697,1566978060000,2019,8,28,7,41,0,Wednesday,543897.30115,4811908.04009,-80.457387,43.458802,Intersection related,2,P.D. only,Thru lane,unknown,unknown,SMV other,Unknown,Daylight,01 - Daylight,Municipal (excl. Twp. Rd.),Traffic signal,Functioning,1,0,0,False,False,False,Clear,,False,Road 1: RIVER RD E (50 km/h); Road 2: KRUG ST (50 km/h); Vehicle #1     Make: FORD     Model: MUS     Colour: BLK     Style: CV,4/9/2021 5:53:55 PM,,
49592,19201724,1566935400000,2019,8,27,19,50,0,Tuesday,537960.24205,4809137.769,-80.53096599999999,43.434183,At/near private drive,2,Non-reportable,Thru lane,unknown,unknown,SMV unattended vehicle,Unknown,Daylight,01 - Daylight,Municipal (excl. Twp. Rd.),No control,unknown,0,0,0,False,False,False,Clear,,True,Road 1: 64 BENESFORT DR; Vehicle #1     Make:      Model:      Colour:      Style: ; Vehicle #2     Make: KIA     Model: FLG     Colour: BLK     Style: 4D,4/9/2021 5:54:48 PM,,
49593,19202241,1567024320000,2019,8,28,20,32,0,Wednesday,542460.32909,4807245.76688,-80.475512,43.416905,At/near private drive,2,P.D. only,Right shoulder,unknown,unknown,SMV other,Unknown,"Dark, artificial","08 - Dark, artificial",Municipal (excl. Twp. Rd.),No control,unknown,0,0,0,False,False,False,Clear,,False,Road 1: 25 COUNTRY HILL DR (50 km/h); Road 2: COUNTRY HILL DR; Distance: 20.0 M S; Vehicle #1     Make: SUZI     Model: CXJ     Colour: BLU     Style: 4B,4/9/2021 5:54:45 PM,,
49594,19202727,1567084800000,2019,8,29,13,20,0,Thursday,538241.12164,4808782.31065,-80.52752,43.430968,Non intersection,2,P.D. only,Thru lane,unknown,unknown,Angle,Unknown,Daylight,01 - Daylight,Regional municipality,No control,unknown,0,0,0,False,False,False,Clear,,True,Road 1: WEST AVE; Road 2: HIGHLAND RD W; Vehicle #1     Make: MAZD     Model: M3I     Colour: BLU     Style: 4D; Vehicle #2     Make: GMC     Model: SIE     Colour:      Style:,4/9/2021 5:53:00 PM,,
49595,19202758,1567008900000,2019,8,28,16,15,0,Wednesday,543988.40889,4807777.01079,-80.456594,43.421600999999995,Intersection related,2,P.D. only,Thru lane,unknown,unknown,Other,Unknown,Daylight,01 - Daylight,Regional municipality,unknown,unknown,0,0,0,False,False,False,Clear,,True,Road 1: SIEBERT AVE; Road 2: VANIER DR; Vehicle #1     Make: CHEV     Model: EXP     Colour: WHI     Style: FV; Vehicle #2     Make: CHEV     Model: SIL     Colour: BLK     Style: PK,4/9/2021 5:53:57 PM,,
49596,19202834,1567090800000,2019,8,29,15,0,0,Thursday,541359.07624,4808642.55758,-80.489009,43.429544,Intersection related,2,P.D. only,Right turn lane,unknown,unknown,Sideswipe,Unknown,Daylight,01 - Daylight,Regional municipality,Traffic signal,unknown,0,0,0,False,False,False,Clear,,True,Road 1: HOMER WATSON BLVD; Road 2: HOFFMAN ST; Vehicle #1     Make: FORD     Model: FX5     Colour: GRY     Style: 4D; Vehicle #2     Make: CHEV     Model: UPL     Colour: GRY     Style: 4W,4/9/2021 5:53:49 PM,,
49597,19204428,1567249740000,2019,8,31,11,9,0,Saturday,542547.00667,4810145.15297,-80.474215,43.443007,At/near private drive,1,Non-fatal injury,Thru lane,unknown,unknown,Rear end,Unknown,Daylight,01 - Daylight,Regional municipality,No control,unknown,1,0,0,False,False,False,Clear,,False,Road 1: 925 KING ST E (50 km/h); Road 2: KING ST E; Distance: 1.0 M W; Charged Driver #1 on page 1: NA NA (NA) (NA); Vehicle #1     Make: NISS     Model: ATS     Colour: BLK     Style: 4D; Vehicle #2     Make: BMW     Model: 28X     Colour: WHI     Style:,8/16/2022 3:00:11 PM,,
49598,19204486,1567254600000,2019,8,31,12,30,0,Saturday,542707.72951,4810049.31597,-80.47223699999999,43.442135,Non intersection,2,P.D. only,Thru lane,unknown,unknown,Sideswipe,Unknown,Daylight,01 - Daylight,Municipal (excl. Twp. Rd.),No control,unknown,0,0,0,False,False,False,Clear,,True,Road 1: KING ST E; Road 2: OTTAWA ST N; Vehicle #1     Make: CHEV     Model: EQU     Colour: BLK     Style: TY; Vehicle #2     Make: DODG     Model: CJO     Colour: BLK     Style: TY,8/16/2022 3:01:06 PM,,
49599,19205301,1567109700000,2019,8,29,20,15,0,Thursday,540752.65821,4808644.47912,-80.496501,43.429594,Intersection related,2,P.D. only,Thru lane,unknown,unknown,Other,Unknown,Dark,07 - Dark,Municipal (excl. Twp. Rd.),unknown,Functioning,0,0,0,False,False,False,Clear,,True,Road 1: GREENBROOK DR; Road 2: STIRLING AVE S; Vehicle #1     Make: VOLK     Model: JGS     Colour: BLK     Style: 4D; Vehicle #2     Make: VOLK     Model: GTD     Colour: RED     Style: 4B,4/9/2021 5:53:53 PM,,
49600,19205376,1567345800000,2019,9,1,13,50,0,Sunday,543840.48037,4811145.27271,-80.458151,43.451937,At intersection,2,P.D. only,Within intersection,unknown,unknown,Angle,Unknown,Daylight,01 - Daylight,Municipal (excl. Twp. Rd.),Stop sign,Functioning,0,0,0,False,False,False,Rain,,True,Road 1: WEDGEWOOD DR; Road 2: LYNDHURST DR; Vehicle #1     Make: FORD     Model: FSL     Colour: RED     Style: VN; Vehicle #2     Make: FORD     Model: COF     Colour: GRY     Style: CW,4/9/2021 5:54:27 PM,,
49601,19205470,1567355700000,2019,9,1,16,35,0,Sunday,539530.95621,4810730.27973,-80.511443,43.448440999999995,At/near private drive,2,P.D. only,Left shoulder,unknown,unknown,SMV other,Unknown,Daylight,01 - Daylight,Municipal (excl. Twp. Rd.),No control,unknown,0,0,0,False,False,False,Clear,,False,Road 1: 93 GAGE AVE (50 km/h); Road 2: GAGE AVE; Distance: 1.0 K S; Vehicle #1     Make: NISS     Model: NV2     Colour: WHI     Style: FV,4/9/2021 5:54:46 PM,,
49602,19206075,1567175400000,2019,8,30,14,30,0,Friday,541068.0,4811108.0,-80.4443527,43.3828161,Non intersection,2,Non-reportable,Not on roadway - right side,unknown,unknown,SMV unattended vehicle,Unknown,Daylight,01 - Daylight,Municipal (excl. Twp. Rd.),No control,unknown,0,0,0,False,False,False,Clear,,True,Road 1: 76 HOLLYBROOK TRAIL; Vehicle #1     Make: WKHR     Model: W31     Colour: BRN     Style: PD; Vehicle #2     Make: INTL     Model: 40S     Colour: WHI     Style: CT,4/9/2021 5:52:59 PM,,
49603,19206365,1567254600000,2019,8,31,12,30,0,Saturday,539605.5725,4809636.28152,-80.510601,43.438586,Non intersection,2,P.D. only,Thru lane,unknown,unknown,Sideswipe,Unknown,Daylight,01 - Daylight,Municipal (excl. Twp. Rd.),No control,unknown,0,0,0,False,False,False,Clear,,True,Road 1: LAWRENCE AVE; Road 2: HIGHLAND RD W; Vehicle #1     Make: DODG     Model: CAR     Colour: WHI     Style: VN; Vehicle #2     Make: HYUN     Model: AGS     Colour: BLK     Style: 4B,4/9/2021 5:53:03 PM,,
49604,19206391,1567458120000,2019,9,2,21,2,0,Monday,541397.60844,4808941.71145,-80.48850999999999,43.432235,At/near private drive,2,P.D. only,Not on roadway - right side,unknown,unknown,SMV unattended vehicle,Unknown,"Dark, artificial","08 - Dark, artificial",Regional municipality,No control,unknown,0,0,0,False,False,False,Clear,,False,Road 1: 425 HIGHLAND RD E (50 km/h); Road 2: STIRLING AVE S; Distance: 300.0 M E; Vehicle #1     Make:      Model:      Colour:      Style: ; Vehicle #2     Make: NISS     Model: MUR     Colour: SIL     Style: TY,4/27/2022 10:42:33 AM,,
49605,19206403,1567176240000,2019,8,30,14,44,0,Friday,540400.82269,4811484.9097,-80.500637,43.455189,Non intersection,2,P.D. only,Thru lane,unknown,unknown,SMV unattended vehicle,Unknown,Daylight,01 - Daylight,Municipal (excl. Twp. Rd.),No control,unknown,0,0,0,False,False,False,Clear,,True,Road 1: MOORE AVE; Road 2: WELLINGTON ST N; Vehicle #1     Make: HOND     Model: UDY     Colour: BLK     Style: TY; Vehicle #2     Make:      Model:      Colour:      Style:,4/9/2021 5:53:04 PM,,
49606,19206810,1567508400000,2019,9,3,11,0,0,Tuesday,541874.76832,4810743.62485,-80.48247599999999,43.448433,Intersection related,2,P.D. only,Within intersection,unknown,unknown,Angle,Unknown,Daylight,01 - Daylight,Municipal (excl. Twp. Rd.),unknown,Functioning,0,0,0,False,False,False,Clear,,True,Road 1: DUKE ST  KITCHENER; Road 2: CEDAR ST; Vehicle #1     Make: VOLK     Model: JTC     Colour: BLU     Style: 4D; Vehicle #2     Make: TOYO     Model: COR     Colour: BLK     Style: 4D,4/9/2021 5:53:51 PM,,
49607,19206848,1567447200000,2019,9,2,18,0,0,Monday,542879.87742,4806610.20961,-80.47037999999999,43.411159,Non intersection,2,Non-reportable,Not on roadway - right side,unknown,unknown,Rear end,Unknown,Daylight,01 - Daylight,Municipal (excl. Twp. Rd.),No control,unknown,0,0,0,False,False,False,Clear,,True,Road 1: 77 CENTURY HILL DR; Vehicle #1     Make:      Model:      Colour:      Style: ; Vehicle #2     Make: HOND     Model: HRV     Colour: WHI     Style: TY,4/9/2021 5:54:09 PM,,
49608,19207127,1567527300000,2019,9,3,16,15,0,Tuesday,545437.89987,4804687.3753,-80.438946,43.393695,Non intersection,2,P.D. only,Thru lane,unknown,unknown,Angle,Unknown,Daylight,01 - Daylight,Municipal (excl. Twp. Rd.),No control,unknown,0,0,0,False,False,False,Clear,,True,Road 1: 223 PIONEER DR; Vehicle #1     Make: KIA     Model: FLG     Colour: BLU     Style: 4D; Vehicle #2     Make: HYUN     Model: BGS     Colour: SIL     Style: 4D,4/9/2021 5:53:37 PM,,
49609,19207225,1567534980000,2019,9,3,18,23,0,Tuesday,540505.97431,4809536.4878,-80.499482,43.437639,At/near private drive,2,P.D. only,Thru lane,unknown,unknown,SMV unattended vehicle,Unknown,Dusk,05 - Dusk,Municipal (excl. Twp. Rd.),No control,unknown,1,0,0,False,False,False,Clear,,False,Road 1: 32 PLEASANT AVE (50 km/h); Road 2: PLEASANT AVE; Distance: 7.0 M N; Vehicle #1     Make:      Model:      Colour:      Style: ; Vehicle #2     Make: GMC     Model: SIE     Colour: WHI     Style: PK,4/9/2021 5:54:48 PM,,
49610,19207265,1567521900000,2019,9,3,14,45,0,Tuesday,539568.13469,4811425.54536,-80.510933,43.454699,Intersection related,2,Non-reportable,Thru lane,unknown,unknown,Angle,Unknown,Daylight,01 - Daylight,Municipal (excl. Twp. Rd.),Stop sign,Functioning,0,0,0,False,False,False,Clear,,True,Road 1: GREEN ST; Road 2: PARK ST; Vehicle #1     Make: MAZD     Model: M3S     Colour: SIL     Style: 4D; Vehicle #2     Make:      Model:      Colour:      Style:,4/9/2021 5:54:05 PM,,
49611,19207305,1567440000000,2019,9,2,16,0,0,Monday,539595.88417,4811856.00362,-80.510559,43.458573,Intersection related,2,Non-reportable,Within intersection,unknown,unknown,SMV other,Unknown,Daylight,01 - Daylight,Municipal (excl. Twp. Rd.),Stop sign,Functioning,0,0,0,False,False,False,Clear,,True,Road 1: PINE ST; Road 2: HERBERT ST; Vehicle #1     Make: HOND     Model: UDY     Colour: GRY     Style: VN,4/9/2021 5:54:01 PM,,
49612,19207716,1567588980000,2019,9,4,9,23,0,Wednesday,548134.00991,4804531.71227,-80.40567,43.392125,At/near private drive,2,P.D. only,Left turn lane,unknown,unknown,Turning movement,Unknown,Daylight,01 - Daylight,Municipal (excl. Twp. Rd.),No control,unknown,0,0,0,False,False,False,Clear,,False,Road 1: 299 DOON VALLEY DR (50 km/h); Road 2: DOON VALLEY DR; Distance: 5.0 M N; Vehicle #1     Make: CHEV     Model: CRU     Colour: WHI     Style: 4D; Vehicle #2     Make: HOND     Model: UCL     Colour: BLK     Style: 2D,4/9/2021 5:54:49 PM,,
49613,19207917,1567600200000,2019,9,4,12,30,0,Wednesday,545275.54351,4806434.41418,-80.440806,43.409434999999995,Intersection related,2,Non-reportable,Right turn channel,unknown,unknown,Rear end,Stop sign,Daylight,01 - Daylight,Municipal (excl. Twp. Rd.),Stop sign,Functioning,0,0,0,False,False,False,Clear,,True,Road 1: WILSON AVE; Road 2: WABANAKI DR; Vehicle #1     Make: RAM     Model: 150     Colour: BLU     Style: CW; Vehicle #2     Make: PONT     Model: VIB     Colour: GRY     Style: 4B,4/9/2021 5:54:04 PM,,
49614,19208206,1567611900000,2019,9,4,15,45,0,Wednesday,539942.82139,4808400.55856,-80.506524,43.427442,Non intersection,2,P.D. only,Thru lane,unknown,unknown,SMV unattended vehicle,Unknown,Daylight,01 - Daylight,Municipal (excl. Twp. Rd.),No control,unknown,0,0,0,False,False,False,Clear,,True,Road 1: VILLAGE RD; Road 2: WESTMOUNT RD E; Distance: 20.0 M W; Vehicle #1     Make:      Model:      Colour:      Style: ; Vehicle #2     Make: INFI     Model: G35     Colour: WHI     Style: 2D,4/9/2021 5:53:13 PM,,
49615,19209050,1567699200000,2019,9,5,16,0,0,Thursday,539607.19227,4809633.89098,-80.510581,43.438565,Non intersection,2,P.D. only,Thru lane,unknown,unknown,Sideswipe,Unknown,Daylight,01 - Daylight,Regional municipality,No control,unknown,0,0,0,False,False,False,Clear,,True,Road 1: LAWRENCE AVE; Road 2: WATERLOO REGIONAL RD 6; Vehicle #1     Make: JEEP     Model: PRT     Colour: BLK     Style: TY; Vehicle #2     Make: HOND     Model: CIV     Colour: SIL     Style: 4D,4/9/2021 5:53:03 PM,,
49616,19209095,1567701000000,2019,9,5,16,30,0,Thursday,541118.44494,4811686.54972,-80.49175199999999,43.456965,Non intersection,2,P.D. only,Thru lane,unknown,unknown,SMV other,Unknown,Daylight,01 - Daylight,Municipal (excl. Twp. Rd.),No control,unknown,0,0,0,False,False,False,Clear,,True,Road 1: 188 BREITHAUPT ST; Vehicle #1     Make: NISS     Model: A2B     Colour: WHI     Style: 4D,4/9/2021 5:53:40 PM,,
49617,19209198,1567709400000,2019,9,5,18,50,0,Thursday,545495.89861,4804747.10524,-80.438225,43.394228999999996,At/near private drive,2,P.D. only,Not on roadway - left side,unknown,unknown,SMV other,Unknown,Daylight,01 - Daylight,Municipal (excl. Twp. Rd.),No control,unknown,0,0,0,False,False,False,Clear,,False,Road 1: 237 UPPER CANADA DR (50 km/h); Road 2: UPPER CANADA DR; Distance: 2.0 M S; Vehicle #1     Make: GMC     Model: VND     Colour: WHI     Style: VN,4/9/2021 5:54:47 PM,,
49618,19209238,1567711800000,2019,9,5,19,30,0,Thursday,536868.88675,4808210.20901,-80.544513,43.425885,At/near private drive,2,Non-reportable,Left turn lane,unknown,unknown,Sideswipe,Unknown,Dark,07 - Dark,Municipal (excl. Twp. Rd.),No control,unknown,0,0,0,False,False,False,Clear,,True,Road 1: 540 WESTFOREST TRAIL; Vehicle #1     Make: MAZD     Model: TRI     Colour: SIL     Style: TY; Vehicle #2     Make:      Model:      Colour:      Style:,4/9/2021 5:55:00 PM,,
49619,19209983,1566223200000,2019,8,19,14,0,0,Monday,540330.76287,4806681.66049,-80.501858,43.411944,Non intersection,2,Non-reportable,Thru lane,unknown,unknown,SMV unattended vehicle,Unknown,Daylight,01 - Daylight,Municipal (excl. Twp. Rd.),No control,unknown,0,0,0,False,False,False,Clear,,True,Road 1: 88 RISTAU CRESCENT; Vehicle #1     Make:      Model:      Colour:      Style: ; Vehicle #2     Make: DODG     Model: RPC     Colour: BLK     Style: PK,4/9/2021 5:54:09 PM,,
49620,19211008,1567872000000,2019,9,7,16,0,0,Saturday,536912.28981,4807476.52581,-80.544026,43.419277,Non intersection,2,Non-reportable,Thru lane,unknown,unknown,SMV other,Unknown,Daylight,01 - Daylight,Municipal (excl. Twp. Rd.),No control,unknown,0,0,0,False,False,False,Clear,,True,Road 1: 50 TIMBERLANE CRESCENT; Road 2: ROLLING MEADOWS DR; Vehicle #1     Make: DODG     Model: CAR     Colour: BLU     Style: VN,4/9/2021 5:53:42 PM,,
49621,19211030,1567873800000,2019,9,7,16,30,0,Saturday,545761.36116,4810530.58228,-80.434462,43.446287999999996,Non intersection,2,Non-reportable,Thru lane,unknown,unknown,Rear end,Unknown,Daylight,01 - Daylight,Municipal (excl. Twp. Rd.),No control,unknown,0,0,0,False,False,False,Clear,,True,Road 1: OLD CHICOPEE DR; Road 2: OLD FIELD DR KITCHENER; Vehicle #1     Make: HOND     Model: AXL     Colour: GRY     Style: 2D; Vehicle #2     Make:      Model:      Colour:      Style:,4/9/2021 5:53:43 PM,,
49622,19211581,1567932300000,2019,9,8,8,45,0,Sunday,543483.24305,4804786.91162,-80.463073,43.394707,Non intersection,2,P.D. only,Right shoulder,unknown,unknown,SMV unattended vehicle,Unknown,Daylight,01 - Daylight,Municipal (excl. Twp. Rd.),No control,unknown,0,0,0,False,False,False,Clear,,True,Road 1: 512 NORTHBROOK PLACE; Vehicle #1     Make: NISS     Model: FRT     Colour: BLK     Style: CW; Vehicle #2     Make: CHEV     Model: CZT     Colour: GRY     Style: 4D,4/9/2021 5:53:24 PM,,
49623,19212488,1568029500000,2019,9,9,11,45,0,Monday,541864.21857,4812086.99755,-80.48250399999999,43.46053,At/near private drive,2,P.D. only,Thru lane,unknown,unknown,Other,Unknown,Daylight,01 - Daylight,Regional municipality,No control,unknown,0,0,0,False,False,False,Clear,,True,Road 1: BREITHAUPT ST; Road 2: LANCASTER ST W; Vehicle #1     Make: NISS     Model: CXT     Colour: SIL     Style: TY; Vehicle #2     Make: HYUN     Model: TUC     Colour: BLU     Style: TY,4/9/2021 5:54:52 PM,,
49624,19212576,1567968300000,2019,9,8,18,45,0,Sunday,540634.96519,4810366.64509,-80.497827,43.445107,Non intersection,2,P.D. only,Thru lane,unknown,unknown,SMV unattended vehicle,Unknown,Daylight,01 - Daylight,Municipal (excl. Twp. Rd.),No control,unknown,0,0,0,False,False,False,Clear,,True,Road 1: SCHNEIDER AVE (IFO 67); Vehicle #1     Make:      Model:      Colour:      Style: ; Vehicle #2     Make: HOND     Model: FKG     Colour: BLU     Style: 4B,4/9/2021 5:53:13 PM,,
49625,19212652,1568041200000,2019,9,9,15,0,0,Monday,539972.61037,4810989.92347,-80.505966,43.450755,Intersection related,2,P.D. only,Thru lane,unknown,unknown,Rear end,Unknown,Daylight,01 - Daylight,Municipal (excl. Twp. Rd.),Stop sign,Functioning,0,0,0,False,False,False,Clear,,True,Road 1: PARK ST; Road 2: STEWART ST; Distance:  N; Vehicle #1     Make: TOYT     Model: CIE     Colour: GRY     Style: VN; Vehicle #2     Make: BMW     Model: XI5     Colour: WHI     Style: 4D,4/9/2021 5:53:59 PM,,
49626,19213225,1567698900000,2019,9,5,15,55,0,Thursday,543039.76443,4814144.18461,-80.46781,43.478986,Non intersection,2,Non-reportable,Right shoulder,unknown,unknown,SMV unattended vehicle,Unknown,Daylight,01 - Daylight,Municipal (excl. Twp. Rd.),No control,unknown,0,0,0,False,False,False,Clear,,True,Road 1: STANLEY AVE; Road 2: TAGGE ST; Vehicle #1     Make: INTL     Model: PB1     Colour: YEL     Style: BU; Vehicle #2     Make: PONT     Model: G5T     Colour: BLU     Style: 2D,4/9/2021 5:54:06 PM,,
49627,19214154,1568192400000,2019,9,11,9,0,0,Wednesday,545809.59221,4803015.29643,-80.434496,43.378617,Other,1,Non-fatal injury,Off highway,unknown,unknown,Other,Unknown,Daylight,01 - Daylight,Municipal (excl. Twp. Rd.),No control,unknown,0,0,0,False,True,False,Clear,,False,Road 1: 551 ROBERT FERRIE DR; Road 2: ROBERT FERRIE DR; Vehicle #1     Make: NISS     Model: PFI     Colour: WHI     Style: TY; Vehicle #2     Make: PETE     Model:      Colour:      Style: BIC,4/9/2021 5:55:05 PM,,
49628,19214249,1568202300000,2019,9,11,11,45,0,Wednesday,543438.30602,4805626.28687,-80.463561,43.402268,Non intersection,2,P.D. only,Thru lane,unknown,unknown,Sideswipe,Unknown,Daylight,01 - Daylight,Municipal (excl. Twp. Rd.),No control,unknown,0,0,0,False,False,False,Clear,,True,Road 1: TRILLIUM DR; Road 2: ADAM FERRIE PL; Vehicle #1     Make: FORD     Model: EDG     Colour: BLK     Style: TY; Vehicle #2     Make: FRHT     Model: CSC     Colour: RED     Style: CT,4/9/2021 5:53:40 PM,,
49629,19214657,1568230200000,2019,9,11,19,30,0,Wednesday,543073.31676,4812801.71038,-80.467502,43.466896,Intersection related,2,P.D. only,Within intersection,unknown,unknown,Rear end,Unknown,Dusk,05 - Dusk,Municipal (excl. Twp. Rd.),unknown,Functioning,0,0,0,False,False,False,Rain,,True,Road 1: SHIRLEY AVE; Road 2: RIVERBEND; Vehicle #1     Make: CHEV     Model: EQU     Colour: WHI     Style: TY; Vehicle #2     Make: KIA     Model: RIE     Colour: BLK     Style: 4B,4/9/2021 5:54:00 PM,,
49630,19215293,1568301840000,2019,9,12,15,24,0,Thursday,539020.39729,4810305.04758,-80.51778399999999,43.444638999999995,At/near private drive,2,P.D. only,Not on roadway - left side,unknown,unknown,SMV other,Unknown,Daylight,01 - Daylight,Municipal (excl. Twp. Rd.),No control,unknown,0,0,0,False,False,False,Clear,,False,Road 1: 76  BRYBECK CRES (50 km/h); Road 2: BRYBECK CRES; Distance: 5.0 K E; Vehicle #1     Make: FORD     Model: SPE     Colour: RED     Style: TY,4/9/2021 5:54:40 PM,,
49631,19215411,1568309400000,2019,9,12,17,30,0,Thursday,545234.13037,4808099.7293,-80.44117899999999,43.424431999999996,At intersection,2,P.D. only,Within intersection,unknown,unknown,Angle,Unknown,Daylight,01 - Daylight,Municipal (excl. Twp. Rd.),Stop sign,Functioning,0,0,0,False,False,False,Clear,,True,Road 1: GREENFIELD AVE; Road 2: KINGSWAY DR; Vehicle #1     Make: TOYT     Model: CBS     Colour: WHI     Style: 4D; Vehicle #2     Make: TOYT     Model: CYR     Colour: SIL     Style: 4B,4/9/2021 5:54:22 PM,,
49632,19215566,1568308200000,2019,9,12,17,10,0,Thursday,548583.33092,4806624.86378,-80.399936,43.410942999999996,At intersection,2,P.D. only,Within intersection,unknown,unknown,Angle,Unknown,Daylight,01 - Daylight,Regional municipality,unknown,unknown,0,0,0,False,False,False,Clear,,True,Road 1: DEER RIDGE DR; Road 2: KING ST; Vehicle #1     Make: NISS     Model: VSL     Colour: WHI     Style: 4B; Vehicle #2     Make: AUDI     Model: 41Q     Colour: GRY     Style: 4D,8/16/2022 3:00:05 PM,,
49633,19216201,1568385900000,2019,9,13,14,45,0,Friday,544196.95902,4813244.96498,-80.453575,43.470822,Intersection related,2,P.D. only,Thru lane,unknown,unknown,Other,Unknown,Daylight,01 - Daylight,Municipal (excl. Twp. Rd.),Stop sign,unknown,0,0,0,False,False,False,Clear,,True,Road 1: BINGEMANS CENTRE DR; Road 2: SHIRLEY AVE; Vehicle #1     Make: FRHT     Model: CON     Colour: RED     Style: CT; Vehicle #2     Make: GMC     Model: SAV     Colour: WHI     Style: VN; Vehicle #3     Make: DODG     Model: CJO     Colour: GRY     S,4/9/2021 5:54:00 PM,,
49634,19216244,1568389200000,2019,9,13,15,40,0,Friday,545127.26268,4807641.54204,-80.442537,43.420313,Non intersection,2,P.D. only,Thru lane,unknown,unknown,Sideswipe,Unknown,Daylight,01 - Daylight,Regional municipality,No control,unknown,0,0,0,False,False,False,Clear,,True,Road 1: WILSON AVE; Road 2: FAIRWAY RD; Vehicle #1     Make: DODG     Model: JOU     Colour: SIL     Style: TY; Vehicle #2     Make: SMRT     Model: SMP     Colour: RED     Style: 2D,4/9/2021 5:53:27 PM,,
49635,19216527,1568410500000,2019,9,13,21,35,0,Friday,542011.27479,4804497.05169,-80.48127,43.392181,Non intersection,1,Non-fatal injury,Thru lane,unknown,unknown,SMV other,Unknown,"Dark, artificial","08 - Dark, artificial",Municipal (excl. Twp. Rd.),No control,unknown,1,0,0,False,False,False,Rain,,False,Road 1: 405 WOODBINE AVE (50 km/h); Road 2: WOODBINE AVE; Distance: 20.0 K W; Vehicle #1     Make:      Model: ATV     Colour:      Style: ATV,4/9/2021 5:53:02 PM,,
49636,19216953,1568463300000,2019,9,14,12,15,0,Saturday,545126.40073,4807650.33918,-80.44254699999999,43.420392,At/near private drive,2,P.D. only,Thru lane,unknown,unknown,Angle,Unknown,Daylight,01 - Daylight,Regional municipality,No control,unknown,0,0,0,False,False,False,Clear,,True,Road 1: WILSON AVE; Road 2: FAIRWAY RD; Vehicle #1     Make: AUDI     Model: N4A     Colour: BLK     Style: SW; Vehicle #2     Make: PONT     Model: SSL     Colour: GRY     Style: 4D,4/9/2021 5:54:48 PM,,
49637,19217861,1568452800000,2019,9,14,9,20,0,Saturday,541168.51172,4810840.23582,-80.491197,43.449342,Non intersection,2,Non-reportable,Thru lane,unknown,unknown,Other,Unknown,Daylight,01 - Daylight,Regional municipality,No control,unknown,0,0,0,False,False,False,Clear,,True,Road 1: 77 ONTARIO ST S; Vehicle #1     Make: FORD     Model: COF     Colour: GRN     Style: PK; Vehicle #2     Make:      Model:      Colour:      Style:,4/9/2021 5:53:43 PM,,