OBJECTID,ACCIDENTNUM,ACCIDENTDATE,ACCIDENT_YEAR,ACCIDENT_MONTH,ACCIDENT_DAY,ACCIDENT_HOUR,ACCIDENT_MINUTE,ACCIDENT_SECOND,ACCIDENT_WEEKDAY,XCOORD,YCOORD,LONGITUDE,LATITUDE,ACCIDENTLOCATION,COLLISIONTYPE,CLASSIFICATIONOFACCIDENT,IMPACTLOCATION,INITIALDIRECTIONOFTRAVELONE,INITIALDIRECTIONOFTRAVELTWO,INITIALIMPACTTYPE,INTTRAFFICCONTROL,LIGHT,LIGHTFORREPORT,ROADJURISDICTION,TRAFFICCONTROL,TRAFFICCONTROLCONDITION,THRULANENO,NORTHBOUNDDISOBEYCOUNT,SOUTHBOUNDDISOBEYCOUNT,PEDESTRIANINVOLVED,CYCLISTINVOLVED,MOTORCYCLISTINVOLVED,ENVIRONMENTCONDITION1,ENVIRONMENTCONDITION2,SELFREPORTED,XMLIMPORTNOTES,LASTEDITEDDATE,CREATE_BY,CREATE_DATE
49638,19218013,1568552400000,2019,9,15,13,0,0,Sunday,546756.89011,4809899.73226,-80.422214,43.440546,At/near private drive,2,P.D. only,Right shoulder,unknown,unknown,SMV unattended vehicle,Unknown,Daylight,01 - Daylight,Municipal (excl. Twp. Rd.),No control,unknown,0,0,0,False,False,False,Clear,,True,Road 1: 314 BRIARMEADOWS DRIVE (IN FRONT OF 314 BRIARMEADOWS DR); Road 2: BRIARMEADOWS DRIVE; Vehicle #1     Make:      Model:      Colour:      Style: ; Vehicle #2     Make: CHRY     Model: SEBR     Colour:      Style: 4DO,4/9/2021 5:54:35 PM,,
49639,19218024,1568500200000,2019,9,14,22,30,0,Saturday,542598.83714,4807332.75332,-80.473794,43.417680999999995,Non intersection,2,Non-reportable,Thru lane,unknown,unknown,SMV other,Unknown,Dark,07 - Dark,Municipal (excl. Twp. Rd.),No control,unknown,0,0,0,False,False,False,Clear,,True,Road 1: BLOCK LINE RD; Road 2: KINGSWOOD DR; Vehicle #1     Make: HYUN     Model: ASG     Colour: BLU     Style: 4D,4/9/2021 5:53:43 PM,,
49640,19218029,1568553000000,2019,9,15,13,10,0,Sunday,541735.75089,4810349.89273,-80.484225,43.444896,Non intersection,2,P.D. only,Right shoulder,unknown,unknown,SMV unattended vehicle,Unknown,Daylight,01 - Daylight,Municipal (excl. Twp. Rd.),No control,unknown,0,0,0,False,False,False,Clear,,True,Road 1: 155 CHURCH ST; Vehicle #1     Make: TOYT     Model: RV4     Colour: BLU     Style: TY; Vehicle #2     Make: CHEV     Model: S1L     Colour: WHI     Style: 4B,4/9/2021 5:53:32 PM,,
49641,19218389,1568623080000,2019,9,16,8,38,0,Monday,541874.67845,4810743.78753,-80.482478,43.448434999999996,Intersection related,1,Non-fatal injury,Within intersection,unknown,unknown,Angle,Unknown,Daylight,01 - Daylight,Regional municipality,unknown,Functioning,0,0,0,False,False,False,Clear,,False,Road 1: DUKE ST E (50 km/h); Road 2: CEDAR ST N (50 km/h); Vehicle #1     Make: SAA     Model: 93T     Colour: GRY     Style: 4D; Vehicle #2     Make: NFLY     Model: D8D     Colour: WHI     Style: BU,4/9/2021 5:53:51 PM,,
49642,19218620,1568530800000,2019,9,15,7,0,0,Sunday,544833.37267,4810029.18781,-80.445972,43.441829,Non intersection,2,Non-reportable,Thru lane,unknown,unknown,SMV other,Unknown,Daylight,01 - Daylight,Municipal (excl. Twp. Rd.),No control,unknown,0,0,0,False,False,False,Clear,,True,Road 1: KENNETH AVE; Road 2: FRANKLIN ST N; Vehicle #1     Make: CHEV     Model: EQU     Colour: BLU     Style: TY,4/9/2021 5:53:41 PM,,
49643,19218753,1568646900000,2019,9,16,15,15,0,Monday,545273.96695,4806433.46667,-80.44082499999999,43.409427,At intersection,2,Non-reportable,Within intersection,unknown,unknown,Rear end,Stop sign,Daylight,01 - Daylight,Regional municipality,Stop sign,unknown,0,0,0,False,False,False,Clear,,True,Road 1: WILSON AVE; Road 2: WABANAKI RD; Vehicle #1     Make: TOYT     Model: UVL     Colour: GRY     Style: 4D; Vehicle #2     Make:      Model:      Colour:      Style:,4/9/2021 5:54:21 PM,,
49644,19218841,1568525400000,2019,9,15,5,30,0,Sunday,546558.5622,4809765.51165,-80.42467599999999,43.43935,At/near private drive,2,P.D. only,Thru lane,unknown,unknown,SMV unattended vehicle,Unknown,Dark,07 - Dark,Municipal (excl. Twp. Rd.),No control,unknown,0,0,0,False,False,False,Clear,,True,Road 1: 57 SANDWELL CRT; Vehicle #1     Make:      Model:      Colour:      Style: ; Vehicle #2     Make: TOYT     Model: HIG     Colour: GRY     Style: TY,4/9/2021 5:54:33 PM,,
49645,19219450,1568708400000,2019,9,17,8,20,0,Tuesday,543131.53707,4805305.96705,-80.46737399999999,43.399401,Non intersection,2,P.D. only,Thru lane,unknown,unknown,Turning movement,Unknown,Daylight,01 - Daylight,Municipal (excl. Twp. Rd.),No control,unknown,0,0,0,False,False,False,Clear,,True,Road 1: STRASSBURG RD; Road 2: BATTLER RD; Vehicle #1     Make: NISS     Model: ROG     Colour: BLK     Style: TY; Vehicle #2     Make: TOYT     Model: PRC     Colour: BRN     Style: 4B,4/9/2021 5:53:34 PM,,
49646,19219461,1568709000000,2019,9,17,8,30,0,Tuesday,539302.93036,4805637.12037,-80.514628,43.402592999999996,Non intersection,2,P.D. only,Thru lane,unknown,unknown,SMV unattended vehicle,Unknown,Daylight,01 - Daylight,Municipal (excl. Twp. Rd.),No control,unknown,0,0,0,False,False,False,Clear,,True,Road 1: ACTIVA AVE; Road 2: HENHOEFFER CRESCENT; Vehicle #1     Make: TOYT     Model: CBL     Colour: GLD     Style: 4D; Vehicle #2     Make: DODG     Model: CAR     Colour: GLD     Style: VN,4/9/2021 5:53:33 PM,,
49647,19219531,1568651400000,2019,9,16,16,30,0,Monday,541068.0,4811108.0,0.0,0.0,Non intersection,2,Non-reportable,Thru lane,unknown,unknown,SMV unattended vehicle,Unknown,Daylight,01 - Daylight,Municipal (excl. Twp. Rd.),No control,unknown,0,0,0,False,False,False,Clear,,True,Road 1: 43 PIETER VOS DRIVE (IN FRONT OF 43 PIETER VOS DR); Road 2: PIETER VOS DR; Vehicle #1     Make:      Model:      Colour:      Style: ; Vehicle #2     Make: JEEP     Model: CHK     Colour: RED     Style: TY,4/9/2021 5:52:59 PM,,
49648,19219689,1568735100000,2019,9,17,15,45,0,Tuesday,542583.2139,4804040.90384,-80.474244,43.388042,At intersection,2,P.D. only,Within intersection,unknown,unknown,Turning movement,Unknown,Daylight,01 - Daylight,Municipal (excl. Twp. Rd.),Stop sign,unknown,0,0,0,False,False,False,Clear,,True,Road 1: FEATHERSTONE ST; Road 2: FEATHERSTONE CRESCENT; Vehicle #1     Make: LEXS     Model: RX0     Colour: BLK     Style: TY; Vehicle #2     Make: CHEV     Model: EXP     Colour: GRN     Style: FV,4/9/2021 5:54:26 PM,,
49649,19219759,1568740500000,2019,9,17,17,15,0,Tuesday,541517.76189,4811214.05996,-80.486853,43.452689,At intersection,1,Non-fatal injury,Thru lane,unknown,unknown,Angle,Unknown,Daylight,01 - Daylight,Regional municipality,Stop sign,Functioning,1,0,0,False,False,False,Clear,,False,Road 1: QUEEN ST N (50 km/h); Road 2: ROY ST (50 km/h); Distance: 10.0 M N; Vehicle #1     Make: HYUN     Model: HEL     Colour: BLK     Style: 4D; Vehicle #2     Make: TOYT     Model: PRI     Colour: GRY     Style: 4B,4/9/2021 5:54:15 PM,,
49650,19219927,1568469600000,2019,9,14,14,0,0,Saturday,545556.49958,4810544.84733,-80.436993,43.446428999999995,At/near private drive,2,Non-reportable,Thru lane,unknown,unknown,SMV unattended vehicle,Unknown,Daylight,01 - Daylight,Municipal (excl. Twp. Rd.),No control,unknown,0,0,0,False,False,False,Clear,,True,Road 1: 84 KENORA DR; Vehicle #1     Make:      Model:      Colour:      Style: ; Vehicle #2     Make: FORD     Model: FLE     Colour: GRY     Style: TY,4/9/2021 5:54:58 PM,,
49651,19220142,1568749500000,2019,9,17,19,45,0,Tuesday,542405.63867,4806619.76062,-80.476236,43.411272,At intersection,2,Non-reportable,Thru lane,unknown,unknown,Rear end,Unknown,Dusk,05 - Dusk,Municipal (excl. Twp. Rd.),unknown,Functioning,0,0,0,False,False,False,Clear,,True,Road 1: STRASSBURG RD; Road 2: OLD COUNTRY DR KITCHENER; Vehicle #1     Make: SUBA     Model: OBK     Colour: BLK     Style: TY; Vehicle #2     Make:      Model:      Colour:      Style:,4/9/2021 5:54:28 PM,,
49652,19220408,1568811600000,2019,9,18,13,0,0,Wednesday,539199.58256,4809083.94046,-80.51565699999999,43.433634,Intersection related,2,P.D. only,Thru lane,unknown,unknown,Angle,Unknown,Daylight,01 - Daylight,Municipal (excl. Twp. Rd.),Stop sign,Functioning,0,0,0,False,False,False,Clear,,True,Road 1: CECILE DR; Road 2: OVERLEA DR; Vehicle #1     Make: FORD     Model: SPE     Colour: WHI     Style: TY; Vehicle #2     Make: CADI     Model: ESC     Colour: WHI     Style: TY,4/9/2021 5:54:02 PM,,
49653,19220711,1568751540000,2019,9,17,20,19,0,Tuesday,545035.00526,4807868.59883,-80.443658,43.422363,Intersection related,2,Non-reportable,Right turn lane,unknown,unknown,Sideswipe,Unknown,Dark,07 - Dark,Municipal (excl. Twp. Rd.),Traffic signal,Functioning,0,0,0,False,False,False,Clear,,True,Road 1: WILSON AVE; Road 2: KINGSWAY DR; Vehicle #1     Make:      Model:      Colour:      Style: ; Vehicle #2     Make: TOYT     Model: FRS     Colour: GRY     Style: 2D,4/9/2021 5:54:03 PM,,
49654,19221370,1568755800000,2019,9,17,21,30,0,Tuesday,542574.26737,4806901.18201,-80.474131,43.413796,Non intersection,2,P.D. only,Right shoulder,unknown,unknown,SMV unattended vehicle,Unknown,Dark,07 - Dark,Municipal (excl. Twp. Rd.),No control,unknown,0,0,0,False,False,False,Clear,,True,Road 1: 70 HILLSIDE DR (IN FRONT OF 70 HILLSIDE DR); Road 2: HILLSIDE DR; Vehicle #1     Make:      Model:      Colour:      Style: ; Vehicle #2     Make: HOND     Model: CXG     Colour: BLK     Style: 4D,4/9/2021 5:53:35 PM,,
49655,19221398,1568904300000,2019,9,19,14,45,0,Thursday,547601.44366,4803883.85841,-80.412302,43.386326,Non intersection,2,P.D. only,Thru lane,unknown,unknown,Sideswipe,Unknown,Daylight,01 - Daylight,Municipal (excl. Twp. Rd.),No control,unknown,0,0,0,False,False,False,Clear,,True,Road 1: CONESTOGA COLLEGE BLVD; Road 2: HOMER WATSON BLVD; Vehicle #1     Make: INFI     Model: G35     Colour: GRY     Style: 2D; Vehicle #2     Make: HYUN     Model: ESS     Colour: WHI     Style: 4D,8/16/2022 2:55:46 PM,,
49656,19221431,1568880000000,2019,9,19,8,0,0,Thursday,542330.70576,4806521.82088,-80.47716899999999,43.410394,At/near private drive,2,P.D. only,Thru lane,unknown,unknown,SMV unattended vehicle,Unknown,Daylight,01 - Daylight,Municipal (excl. Twp. Rd.),No control,unknown,0,0,0,False,False,False,Clear,,True,Road 1: 131 THE COUNTRY WAY; Road 2: SETTLERS DR; Vehicle #1     Make: HOND     Model: FIL     Colour: GRY     Style: 4B; Vehicle #2     Make: MAZD     Model: 3TR     Colour: RED     Style: 4D,4/9/2021 5:54:55 PM,,
49657,19221435,1568907420000,2019,9,19,15,37,0,Thursday,544754.36325,4808024.68577,-80.44711199999999,43.423784999999995,Intersection related,1,Non-fatal injury,Within intersection,unknown,unknown,Rear end,Unknown,Daylight,01 - Daylight,Municipal (excl. Twp. Rd.),Traffic signal,Functioning,0,0,0,False,False,False,Clear,,False,Road 1: WILSON AVE (50 km/h); Road 2: TRAYNOR AVE (50 km/h); Vehicle #1     Make: DODG     Model: CAR     Colour: RED     Style: VN; Vehicle #2     Make: HYUN     Model: SAN     Colour: WHI     Style: TY,4/9/2021 5:53:50 PM,,
49658,19221546,1568915880000,2019,9,19,17,58,0,Thursday,546556.92813,4806772.7354,-80.424951,43.412403,At/near private drive,2,P.D. only,Not on roadway - left side,unknown,unknown,SMV other,Unknown,Daylight,01 - Daylight,Municipal (excl. Twp. Rd.),No control,unknown,0,0,0,False,False,False,Clear,,False,Road 1: 2231 HIDDEN VALLEY CRESCENT (50 km/h); Road 2: HIDDEN VALLEY CRES; Distance: 2.0 M E; Vehicle #1     Make: FORD     Model: MG3     Colour: BLK     Style: 2D,4/9/2021 5:54:41 PM,,
49659,19221700,1568908500000,2019,9,19,15,55,0,Thursday,544910.66453,4811013.68975,-80.444935,43.450689,Non intersection,2,P.D. only,Thru lane,unknown,unknown,Turning movement,Unknown,Daylight,01 - Daylight,Regional municipality,No control,unknown,0,0,0,False,False,False,Clear,,True,Road 1: OTTAWA ST N  KITCHENER; Road 2: RIVER RD S; Vehicle #1     Make: SUBA     Model: SWI     Colour: BLU     Style: 4D; Vehicle #2     Make:      Model:      Colour:      Style:,8/16/2022 3:02:49 PM,,
49660,19221708,1568908800000,2019,9,19,16,0,0,Thursday,545927.43914,4802982.01163,-80.433044,43.37831,Intersection related,2,P.D. only,Thru lane,unknown,unknown,Angle,Unknown,Daylight,01 - Daylight,Municipal (excl. Twp. Rd.),unknown,Functioning,0,0,0,False,False,False,Clear,,True,Road 1: DOON S DR; Road 2: ROBERT FERRIE DR; Vehicle #1     Make: HOND     Model: CLL     Colour: BLK     Style: 4D; Vehicle #2     Make: HYUN     Model: SFT     Colour: WHI     Style: TY,4/9/2021 5:54:01 PM,,
49661,19221716,1568828400000,2019,9,18,17,40,0,Wednesday,539058.91537,4806886.85448,-80.517552,43.413858999999995,Intersection related,2,P.D. only,Thru lane,unknown,unknown,Rear end,Unknown,Daylight,01 - Daylight,Municipal (excl. Twp. Rd.),Stop sign,Functioning,0,0,0,False,False,False,Clear,,True,Road 1: WAKE ROBIN DR; Road 2: INTERNATIONAL PL; Vehicle #1     Make: FORD     Model: SPE     Colour: GRY     Style: TY; Vehicle #2     Make: LEXS     Model: NXT     Colour: RED     Style: TY,4/9/2021 5:53:52 PM,,
49662,19221732,1568736000000,2019,9,17,16,0,0,Tuesday,545112.0669,4804620.91934,-80.44297399999999,43.393116,Non intersection,2,P.D. only,Thru lane,unknown,unknown,Rear end,Unknown,Daylight,01 - Daylight,Municipal (excl. Twp. Rd.),No control,unknown,0,0,0,False,False,False,Clear,,True,Road 1: 783 DOON VILLAGE RD; Road 2: BECHTEL DR; Vehicle #1     Make: TOYT     Model: MTL     Colour: GRY     Style: 4D; Vehicle #2     Make: HYUN     Model: EGS     Colour: GRY     Style: SW,4/9/2021 5:53:37 PM,,
49663,19221734,1568840400000,2019,9,18,21,0,0,Wednesday,540217.95784,4805818.97504,-80.503315,43.404182,At intersection,2,Non-reportable,Within intersection,unknown,unknown,Angle,Unknown,Dark,07 - Dark,Municipal (excl. Twp. Rd.),unknown,Functioning,0,0,0,False,False,False,Clear,,True,Road 1: COMMONWEALTH ST; Road 2: MAX BECKER DR; Vehicle #1     Make: VOLK     Model: JBS     Colour: BLK     Style: 4D; Vehicle #2     Make:      Model:      Colour:      Style:,4/9/2021 5:54:29 PM,,
49664,19222467,1569004200000,2019,9,20,18,30,0,Friday,544916.87398,4805085.48578,-80.445346,43.397310999999995,At/near private drive,2,P.D. only,Thru lane,unknown,unknown,SMV unattended vehicle,Unknown,Daylight,01 - Daylight,Municipal (excl. Twp. Rd.),No control,unknown,1,0,0,False,False,False,Clear,,False,Road 1: 25 UPPER CANADA DR (50 km/h); Road 2: UPPER CANADA DR; Distance: 40.0 M N; Vehicle #1     Make: JEEP     Model: WRA     Colour: BLK     Style: TY; Vehicle #2     Make: BMW     Model: 28X     Colour: SIL     Style: 4D,4/9/2021 5:54:35 PM,,
49665,19222488,1569005400000,2019,9,20,18,50,0,Friday,543599.52112,4808401.61693,-80.461348,43.427247,Intersection related,2,P.D. only,Thru lane,unknown,unknown,Angle,Unknown,Daylight,01 - Daylight,Municipal (excl. Twp. Rd.),Stop sign,Functioning,0,0,0,False,False,False,Clear,,True,Road 1: MASSEY AVE; Road 2: BONIFACE AVE; Vehicle #1     Make: MERZ     Model: C30     Colour: WHI     Style: 4D; Vehicle #2     Make:      Model:      Colour:      Style:,4/9/2021 5:54:03 PM,,
49666,19223130,1568982000000,2019,9,20,12,20,0,Friday,539080.53279,4811110.56235,-80.516983,43.451888,At intersection,2,Non-reportable,Thru lane,unknown,unknown,Sideswipe,Unknown,Daylight,01 - Daylight,Municipal (excl. Twp. Rd.),Traffic signal,Functioning,0,0,0,False,False,False,Clear,,True,Road 1: GLASGOW ST; Road 2: BELMONT AVE W; Distance: 6.0 M; Vehicle #1     Make: NISS     Model: A2B     Colour: SIL     Style: 4D; Vehicle #2     Make:      Model:      Colour:      Style:,4/9/2021 5:54:30 PM,,
49667,19223153,1568980800000,2019,9,20,12,0,0,Friday,541476.40523,4809172.19079,-80.48751899999999,43.434306,Non intersection,2,Non-reportable,Thru lane,unknown,unknown,SMV unattended vehicle,Unknown,Daylight,01 - Daylight,Municipal (excl. Twp. Rd.),No control,unknown,0,0,0,False,False,False,Clear,,True,Road 1: 70 HEIMAN ST; Vehicle #1     Make:      Model:      Colour:      Style: ; Vehicle #2     Make: HOND     Model: UDY     Colour: BLU     Style: VN,4/9/2021 5:54:06 PM,,
49668,19223155,1568955000000,2019,9,20,4,50,0,Friday,545860.57867,4805531.63307,-80.433656,43.401271,Non intersection,2,Non-reportable,Thru lane,unknown,unknown,SMV other,Unknown,Dark,07 - Dark,Regional municipality,No control,unknown,0,0,0,False,False,False,Clear,,True,Road 1: HURON RD; Road 2: MILL PARK DR; Vehicle #1     Make: TOYT     Model: UCS     Colour: RED     Style: 4D,4/9/2021 5:53:39 PM,,
49669,19223160,1568995200000,2019,9,20,16,0,0,Friday,540745.75947,4808829.81424,-80.496572,43.431264,Intersection related,2,Non-reportable,Thru lane,unknown,unknown,Rear end,Unknown,Daylight,01 - Daylight,Regional municipality,Traffic signal,unknown,0,0,0,False,False,False,Clear,,True,Road 1: STIRLING AVE S; Road 2: HOMER WATSON BLVD; Vehicle #1     Make: SUBA     Model: 9G2     Colour: RED     Style: 2D; Vehicle #2     Make:      Model:      Colour:      Style:,4/9/2021 5:53:53 PM,,
49670,19223897,1569002400000,2019,9,20,18,0,0,Friday,541880.14713,4807019.78891,-80.48269599999999,43.414902999999995,Non intersection,2,Non-reportable,Thru lane,unknown,unknown,SMV unattended vehicle,Unknown,Daylight,01 - Daylight,Municipal (excl. Twp. Rd.),No control,unknown,0,0,0,False,False,False,Clear,,True,Road 1: 65 BLACKHORNE DR; Vehicle #1     Make:      Model:      Colour:      Style: ; Vehicle #2     Make: MITS     Model: LST     Colour: BLK     Style: 4D,4/9/2021 5:54:07 PM,,
49671,19224048,1569162300000,2019,9,22,14,25,0,Sunday,549194.19469,4806305.40034,-80.392421,43.408027,At/near private drive,1,Non-fatal injury,Thru lane,unknown,unknown,Angle,Unknown,Daylight,01 - Daylight,Municipal (excl. Twp. Rd.),No control,unknown,1,0,0,False,False,False,Clear,,False,Road 1: 65 GATEWAY PARK DR (50 km/h); Road 2: GATEWAY PARK DR; Distance: 4.0 M W; Vehicle #1     Make: JEEP     Model: CHE     Colour: RED     Style: TY; Vehicle #2     Make: FORD     Model: ECO     Colour: BLU     Style: VN,4/9/2021 5:54:34 PM,,
49672,19224096,1569076200000,2019,9,21,14,30,0,Saturday,541522.63101,4811946.39209,-80.48673699999999,43.459283,Non intersection,2,Non-reportable,Thru lane,unknown,unknown,Approaching,Unknown,Daylight,01 - Daylight,Regional municipality,No control,unknown,0,0,0,False,False,False,Clear,,True,Road 1: ST LEGER ST; Road 2: WELLINGTON ST N; Vehicle #1     Make: DODG     Model: JOU     Colour: BLK     Style: TY; Vehicle #2     Make:      Model:      Colour:      Style:,4/9/2021 5:54:08 PM,,
49673,19224564,1569224100000,2019,9,23,7,35,0,Monday,538291.7734,4808227.07257,-80.526933,43.425965999999995,At/near private drive,2,P.D. only,Not on roadway - right side,unknown,unknown,SMV other,Unknown,Daylight,01 - Daylight,Municipal (excl. Twp. Rd.),No control,unknown,0,0,0,False,False,False,Rain,,False,Road 1: 175 ELM RIDGE DR (50 km/h); Road 2: ELM RIDGE DR; Distance: 2.0 K E; Vehicle #1     Make: HYUN     Model: TUC     Colour: GRY     Style: TY,4/9/2021 5:54:41 PM,,
49674,19224970,1569249000000,2019,9,23,14,30,0,Monday,541343.36084,4809063.15229,-80.489171,43.433332,At intersection,2,P.D. only,Within intersection,unknown,unknown,Angle,Unknown,Daylight,01 - Daylight,Regional municipality,unknown,Functioning,0,0,0,False,False,False,Clear,,True,Road 1: HIGHLAND RD E; Road 2: HEIMAN ST; Vehicle #1     Make: CHEV     Model: MLT     Colour: WHI     Style: 4D; Vehicle #2     Make: KIA     Model: CRO     Colour: SIL     Style: 4B,4/27/2022 10:41:44 AM,,
49675,19225179,1568989800000,2019,9,20,14,30,0,Friday,542644.444,4806658.33753,-80.47328399999999,43.411606,Non intersection,2,P.D. only,Thru lane,unknown,unknown,SMV other,Unknown,Daylight,01 - Daylight,Municipal (excl. Twp. Rd.),No control,unknown,0,0,0,False,False,False,Clear,,True,Road 1: CENTURY HILL DR; Road 2: DEVONGLEN DR; Vehicle #1     Make: MAZD     Model: 3TR     Colour: BLK     Style: 4D,4/9/2021 5:53:41 PM,,
49676,19225875,1569342000000,2019,9,24,16,20,0,Tuesday,544652.01712,4809073.7402,-80.448291,43.433237,Non intersection,2,P.D. only,Thru lane,unknown,unknown,Rear end,Unknown,Daylight,01 - Daylight,Municipal (excl. Twp. Rd.),No control,unknown,0,0,0,False,False,False,Clear,,True,Road 1: KINGSWAY DR; Road 2: FRANKLIN ST S; Vehicle #1     Make: HYUN     Model: SFT     Colour: GRY     Style: TY; Vehicle #2     Make:      Model:      Colour:      Style:,4/9/2021 5:53:42 PM,,
49677,19225918,1569344400000,2019,9,24,17,0,0,Tuesday,542857.98518,4807390.88233,-80.47058899999999,43.418189,At intersection,2,P.D. only,Within intersection,unknown,unknown,Angle,Unknown,Daylight,01 - Daylight,Regional municipality,Stop sign,Functioning,0,0,0,False,False,False,Clear,,True,Road 1: BLOCK LINE RD; Road 2: HOMER WATSON BLVD; Vehicle #1     Make: FORD     Model: SPE     Colour: BLK     Style: TY; Vehicle #2     Make: NISS     Model: PFI     Colour: RED     Style: TY,4/9/2021 5:54:17 PM,,
49678,19226444,1569399600000,2019,9,25,8,20,0,Wednesday,544874.90212,4804236.09566,-80.445934,43.389666,Non intersection,2,Non-reportable,Thru lane,unknown,unknown,SMV unattended vehicle,Unknown,Daylight,01 - Daylight,Municipal (excl. Twp. Rd.),No control,unknown,0,0,0,False,False,False,Clear,,True,Road 1: 160 BECHTEL DR; Vehicle #1     Make:      Model:      Colour:      Style: ; Vehicle #2     Make: DODG     Model: CAR     Colour: WHI     Style: VN,4/9/2021 5:54:10 PM,,
49679,19226934,1569437100000,2019,9,25,18,45,0,Wednesday,540107.78889,4811562.60029,-80.50425299999999,43.455904,At/near private drive,2,P.D. only,Thru lane,unknown,unknown,SMV unattended vehicle,Unknown,Daylight,01 - Daylight,Municipal (excl. Twp. Rd.),No control,unknown,0,0,0,False,False,False,Clear,,True,Road 1: 29 SHANLEY ST; Vehicle #1     Make: HOND     Model: UEX     Colour: BLK     Style: 2D; Vehicle #2     Make: MAZD     Model: 3TR     Colour: BLU     Style: 4B,4/9/2021 5:54:45 PM,,
49680,19227338,1569484800000,2019,9,26,8,0,0,Thursday,545410.83324,4809350.01272,-80.438892,43.435679,At/near private drive,2,Non-reportable,Thru lane,unknown,unknown,SMV unattended vehicle,Unknown,Daylight,01 - Daylight,Municipal (excl. Twp. Rd.),No control,unknown,0,0,0,False,False,False,Rain,,True,Road 1: 174 FERGUS AVE; Vehicle #1     Make:      Model:      Colour:      Style: ; Vehicle #2     Make: FORD     Model: TST     Colour: WHI     Style: FV,4/9/2021 5:55:01 PM,,
49681,19227341,1569430800000,2019,9,25,17,0,0,Wednesday,537309.39788,4807976.3129,-80.539087,43.423758,At/near private drive,2,P.D. only,Thru lane,unknown,unknown,SMV unattended vehicle,Unknown,Daylight,01 - Daylight,Municipal (excl. Twp. Rd.),No control,unknown,0,0,0,False,False,False,Clear,,True,Road 1: 137 HIGH ACRES CRESCENT; Vehicle #1     Make: DODG     Model: CAR     Colour: BLK     Style: VN; Vehicle #2     Make: GMC     Model: SIE     Colour: WHI     Style: PK,4/9/2021 5:54:58 PM,,
49682,19227413,1569487500000,2019,9,26,8,45,0,Thursday,540891.15681,4811040.90529,-80.49461,43.451164,Non intersection,2,Non-reportable,Thru lane,unknown,unknown,SMV unattended vehicle,Unknown,Daylight,01 - Daylight,Municipal (excl. Twp. Rd.),No control,unknown,0,0,0,False,False,False,Clear,,True,Road 1: HALLS LN W; Road 2: WATER ST S; Vehicle #1     Make:      Model:      Colour:      Style: ; Vehicle #2     Make: HYUN     Model: ESE     Colour: BLU     Style: 4D,4/9/2021 5:53:31 PM,,
49683,19227614,1569423600000,2019,9,25,15,0,0,Wednesday,539066.90853,4808702.02438,-80.517324,43.430202,At/near private drive,2,Non-reportable,Thru lane,unknown,unknown,SMV unattended vehicle,Unknown,Daylight,01 - Daylight,Municipal (excl. Twp. Rd.),No control,unknown,0,0,0,False,False,False,Clear,,True,Road 1: SILVERSPRING CRES (IFO 105); Vehicle #1     Make: CHEV     Model: SIL     Colour: BLK     Style: PK; Vehicle #2     Make: HOND     Model: CCL     Colour: BLK     Style: 2D,4/9/2021 5:55:00 PM,,
49684,19227744,1569518400000,2019,9,26,17,20,0,Thursday,545143.50623,4807734.48096,-80.442329,43.421149,Non intersection,2,P.D. only,Thru lane,unknown,unknown,Turning movement,Unknown,Daylight,01 - Daylight,Municipal (excl. Twp. Rd.),No control,unknown,0,0,0,False,False,False,Clear,,True,Road 1: WILSON AVE KITCHENER (385 FAIRWAY RD S KITCHENER); Road 2: FAIRWAY RD KITCHENER; Vehicle #1     Make: CHEV     Model: SPT     Colour: BLU     Style: VN; Vehicle #2     Make: CHRY     Model: 2LM     Colour: SIL     Style: 4D,4/9/2021 5:53:44 PM,,
49685,19227864,1569515400000,2019,9,26,16,30,0,Thursday,544973.31338,4811004.91264,-80.44416199999999,43.450606,At/near private drive,2,P.D. only,Thru lane,unknown,unknown,Angle,Unknown,Daylight,01 - Daylight,Regional municipality,No control,unknown,0,0,0,False,False,False,Clear,,True,Road 1: 1025 OTTAWA ST N; Vehicle #1     Make: HYUN     Model: SFT     Colour: GRY     Style: TY; Vehicle #2     Make: TOYT     Model: UCS     Colour: BLU     Style: 4D,4/27/2022 10:42:19 AM,,
49686,19228482,1569591000000,2019,9,27,13,30,0,Friday,545158.31747,4807240.29311,-80.44218699999999,43.416699,Intersection related,2,P.D. only,Within intersection,unknown,unknown,Sideswipe,Stop sign,Daylight,01 - Daylight,Regional municipality,Stop sign,Functioning,0,0,0,False,False,False,Clear,,True,Road 1: WEBSTER RD; Road 2: WILSON AVE; Vehicle #1     Make: DODG     Model: DAK     Colour: RED     Style: PK; Vehicle #2     Make: HOND     Model: UCL     Colour: SIL     Style: 2D,4/9/2021 5:53:54 PM,,
49687,19228524,1569595500000,2019,9,27,14,45,0,Friday,542583.59997,4810125.81735,-80.473765,43.442831,Intersection related,1,Non-fatal injury,Thru lane,unknown,unknown,Rear end,Unknown,Daylight,01 - Daylight,Regional municipality,Traffic signal,Functioning,0,0,0,False,False,False,Clear,,True,Road 1: KING ST E; Road 2: BORDEN AVE S; Vehicle #1     Make: HOND     Model: FIS     Colour: BLU     Style: 4B; Vehicle #2     Make: TOYO     Model: CORO     Colour:      Style: 4DO; Vehicle #3     Make: FORD     Model: FTU     Colour: GRY     Style: 4B,4/9/2021 5:53:57 PM,,