OBJECTID,ACCIDENTNUM,ACCIDENTDATE,ACCIDENT_YEAR,ACCIDENT_MONTH,ACCIDENT_DAY,ACCIDENT_HOUR,ACCIDENT_MINUTE,ACCIDENT_SECOND,ACCIDENT_WEEKDAY,XCOORD,YCOORD,LONGITUDE,LATITUDE,ACCIDENTLOCATION,COLLISIONTYPE,CLASSIFICATIONOFACCIDENT,IMPACTLOCATION,INITIALDIRECTIONOFTRAVELONE,INITIALDIRECTIONOFTRAVELTWO,INITIALIMPACTTYPE,INTTRAFFICCONTROL,LIGHT,LIGHTFORREPORT,ROADJURISDICTION,TRAFFICCONTROL,TRAFFICCONTROLCONDITION,THRULANENO,NORTHBOUNDDISOBEYCOUNT,SOUTHBOUNDDISOBEYCOUNT,PEDESTRIANINVOLVED,CYCLISTINVOLVED,MOTORCYCLISTINVOLVED,ENVIRONMENTCONDITION1,ENVIRONMENTCONDITION2,SELFREPORTED,XMLIMPORTNOTES,LASTEDITEDDATE,CREATE_BY,CREATE_DATE
49837,19255880,1572458100000,2019,10,30,17,55,0,Wednesday,540910.73674,4805594.73783,-80.494776,43.402125999999996,Non intersection,2,P.D. only,Thru lane,unknown,unknown,Rear end,Unknown,Daylight,01 - Daylight,Municipal (excl. Twp. Rd.),No control,unknown,0,0,0,False,False,False,Rain,,True,Road 1: BLEAMS RD; Road 2: FISCHER-HALLMAN RD; Vehicle #1     Make: FORD     Model: FMS     Colour: BLK     Style: 4D; Vehicle #2     Make: SUBA     Model: CRO     Colour: BLU     Style: TY,4/9/2021 5:53:32 PM,,
49838,19255969,1572421200000,2019,10,30,7,40,0,Wednesday,545944.50913,4804542.83614,-80.43270299999999,43.392362999999996,At/near private drive,2,P.D. only,Thru lane,unknown,unknown,SMV unattended vehicle,Unknown,Daylight,01 - Daylight,Municipal (excl. Twp. Rd.),No control,unknown,0,0,0,False,False,False,Clear,,True,Road 1: 71 OLD CARRIAGE DR; Road 2: OLD CARRIAGE CRT; Vehicle #1     Make: BMW     Model: TRG     Colour: BLK     Style: TY; Vehicle #2     Make: CHEV     Model: S1L     Colour: RED     Style: 4B,4/9/2021 5:54:53 PM,,
49839,19256195,1572465600000,2019,10,30,20,0,0,Wednesday,537239.81142,4808341.85833,-80.53992199999999,43.427051999999996,At/near private drive,2,P.D. only,Thru lane,unknown,unknown,SMV unattended vehicle,Unknown,Dark,07 - Dark,Municipal (excl. Twp. Rd.),No control,unknown,0,0,0,False,False,False,Rain,,True,Road 1: 333 BANKSIDE DR; Vehicle #1     Make: NISS     Model: A2B     Colour: GRY     Style: 4D; Vehicle #2     Make: SUBA     Model: OBK     Colour: GRY     Style: TY,4/9/2021 5:54:42 PM,,
49840,19256235,1572466800000,2019,10,30,20,20,0,Wednesday,544562.26288,4811739.93836,-80.449182,43.457249,Intersection related,2,P.D. only,Within intersection,unknown,unknown,Other,Unknown,Dark,07 - Dark,Regional municipality,Traffic signal,Functioning,0,0,0,False,False,False,Rain,,True,Road 1: RIVER RD E; Road 2: LORRAINE AVE; Vehicle #1     Make: ACUR     Model: ATL     Colour: BLK     Style: 4D; Vehicle #2     Make:      Model:      Colour:      Style:,4/9/2021 5:54:05 PM,,
49841,19256376,1572440400000,2019,10,30,13,0,0,Wednesday,543755.9193,4809221.94328,-80.45935,43.434625,At intersection,2,Non-reportable,Within intersection,unknown,unknown,Angle,Unknown,Daylight,01 - Daylight,Municipal (excl. Twp. Rd.),unknown,Functioning,0,0,0,False,False,False,Clear,,True,Road 1: DIXON ST; Road 2: ECKERT; Vehicle #1     Make: FORD     Model: CSC     Colour: RED     Style: IC; Vehicle #2     Make: HOND     Model: CRV     Colour: RED     Style: 4W,4/9/2021 5:54:20 PM,,
49842,19256532,1572533100000,2019,10,31,14,45,0,Thursday,546054.5036,4809161.59435,-80.430955,43.433943,Non intersection,2,P.D. only,Thru lane,unknown,unknown,Sideswipe,Unknown,Daylight,01 - Daylight,Municipal (excl. Twp. Rd.),No control,unknown,0,0,0,False,False,False,Clear,,True,Road 1: 158 THALER AVE; Vehicle #1     Make: PONT     Model: SV6     Colour: GRY     Style: 4D; Vehicle #2     Make: PONT     Model: TOR     Colour: GRY     Style: TY,4/9/2021 5:53:05 PM,,
49843,19256543,1572533400000,2019,10,31,14,50,0,Thursday,544708.56618,4807942.15881,-80.44768499999999,43.423044999999995,Non intersection,2,P.D. only,Thru lane,unknown,unknown,Rear end,Unknown,Daylight,01 - Daylight,Municipal (excl. Twp. Rd.),No control,unknown,0,0,0,False,False,False,Rain,,True,Road 1: 173 TRAYNOR AVE; Vehicle #1     Make: CHEV     Model: EQU     Colour: BLK     Style: TY; Vehicle #2     Make: HYUN     Model: ACC     Colour: BLU     Style: 2B,4/9/2021 5:53:10 PM,,
49844,19256582,1572534900000,2019,10,31,15,15,0,Thursday,540208.5637,4809374.57804,-80.503169,43.436198,Non intersection,2,P.D. only,Thru lane,unknown,unknown,Rear end,Unknown,Daylight,01 - Daylight,Municipal (excl. Twp. Rd.),No control,unknown,0,0,0,False,False,False,Rain,,True,Road 1: BELMONT AVE E; Road 2: QUEEN'S BLVD; Vehicle #1     Make: MITS     Model: EGS     Colour: RED     Style: 2B; Vehicle #2     Make: HOND     Model: UDY     Colour: RED     Style: TY,4/9/2021 5:54:08 PM,,
49845,19256601,1572535800000,2019,10,31,15,30,0,Thursday,544885.3055,4813068.25421,-80.44507999999999,43.46919,Non intersection,2,P.D. only,Thru lane,unknown,unknown,SMV unattended vehicle,Unknown,Daylight,01 - Daylight,Municipal (excl. Twp. Rd.),No control,unknown,0,0,0,False,False,False,Rain,,True,Road 1: 143 ROTHSAY AVE; Vehicle #1     Make:      Model:      Colour:      Style: ; Vehicle #2     Make: LEXS     Model: A35     Colour: BLK     Style: 4D,4/9/2021 5:53:11 PM,,
49846,19256644,1572539400000,2019,10,31,16,30,0,Thursday,545124.61875,4807656.94479,-80.44256899999999,43.420452,Non intersection,2,P.D. only,Thru lane,unknown,unknown,Angle,Unknown,Daylight,01 - Daylight,Municipal (excl. Twp. Rd.),No control,unknown,0,0,0,False,False,False,Rain,,True,Road 1: WILSON AVE; Road 2: FAIRWAY RD S; Vehicle #1     Make: CHEV     Model: EQU     Colour: GRY     Style: TY; Vehicle #2     Make: DODG     Model: CAR     Colour: BLU     Style: VN,4/9/2021 5:53:08 PM,,
49847,19256693,1572544200000,2019,10,31,17,50,0,Thursday,536914.06411,4808096.92173,-80.543962,43.424862999999995,Non intersection,2,P.D. only,Thru lane,unknown,unknown,Rear end,Unknown,Dark,07 - Dark,Municipal (excl. Twp. Rd.),No control,unknown,0,0,0,False,False,False,Rain,,True,Road 1: WESTHEIGHTS DR; Road 2: HIGHLAND RD W; Vehicle #1     Make: CHEV     Model: EQU     Colour: BLK     Style: TY; Vehicle #2     Make:      Model:      Colour:      Style:,4/9/2021 5:53:05 PM,,
49848,19256714,1572546900000,2019,10,31,18,35,0,Thursday,544884.13498,4804849.91133,-80.44577,43.395192,Intersection related,1,Non-fatal injury,Within intersection,unknown,unknown,SMV other,Unknown,"Dark, artificial","08 - Dark, artificial",Regional municipality,Traffic signal,Functioning,0,0,0,True,False,False,Rain,,False,Road 1: PIONEER DR (50 km/h); Road 2: DOON VILLAGE RD (40 km/h); Vehicle #1     Make: HOND     Model: CVL     Colour: RED     Style: 4D,4/9/2021 5:53:55 PM,,
49849,19256997,1572575340000,2019,11,1,2,29,0,Friday,541873.99004,4810745.86956,-80.482486,43.448454,Intersection related,2,P.D. only,Thru lane,unknown,unknown,SMV other,Unknown,Dark,07 - Dark,Regional municipality,unknown,unknown,1,0,0,False,False,False,Rain,,False,Road 1: CEDAR ST N (50 km/h); Road 2: DUKE ST E (50 km/h); Vehicle #1     Make: BMW     Model: 12I     Colour: BLK     Style: 2D,5/3/2021 10:39:15 AM,,
49850,19257145,1572534000000,2019,10,31,15,0,0,Thursday,539552.80609,4805821.04489,-80.511529,43.404236,Non intersection,2,Non-reportable,Thru lane,unknown,unknown,SMV unattended vehicle,Unknown,Daylight,01 - Daylight,Municipal (excl. Twp. Rd.),No control,unknown,0,0,0,False,False,False,Rain,,True,Road 1: MOUNTAIN LAUREL CRESCENT (IFO 4); Vehicle #1     Make:      Model:      Colour:      Style: ; Vehicle #2     Make: MAZD     Model: B30     Colour: BLK     Style: PK,4/9/2021 5:53:45 PM,,
49851,19257238,1572604200000,2019,11,1,10,30,0,Friday,541662.20365,4810411.3286,-80.485129,43.445453,At intersection,2,P.D. only,Within intersection,unknown,unknown,Angle,Unknown,Daylight,01 - Daylight,Regional municipality,Stop sign,Functioning,0,0,0,False,False,False,Clear,,True,Road 1: CEDAR ST S; Road 2: CHURCH ST; Vehicle #1     Make: TOYT     Model: CTR     Colour: GRY     Style: 4B; Vehicle #2     Make: FORD     Model: STF     Colour: YEL     Style: 4B,5/3/2021 10:40:18 AM,,
49852,19257249,1572602400000,2019,11,1,10,0,0,Friday,541385.16191,4810865.23461,-80.488518,43.449555,Non intersection,2,Non-reportable,Thru lane,unknown,unknown,Turning movement,Unknown,Daylight,01 - Daylight,Regional municipality,No control,unknown,0,0,0,False,False,False,Clear,,True,Road 1: KING ST E  KITCHENER; Road 2: QUEEN ST S; Vehicle #1     Make:      Model:      Colour:      Style: ; Vehicle #2     Make: TOYT     Model: MTL     Colour: GRY     Style: 4D,8/16/2022 3:00:54 PM,,
49853,19257256,1572607800000,2019,11,1,11,30,0,Friday,542134.70772,4811744.7241,-80.479187,43.457432999999995,Non intersection,2,P.D. only,Thru lane,unknown,unknown,SMV unattended vehicle,Unknown,Daylight,01 - Daylight,Municipal (excl. Twp. Rd.),No control,unknown,0,0,0,False,False,False,Clear,,True,Road 1: MANSION ST (FILBERT ST); Vehicle #1     Make: FRHT     Model: FM2     Colour: WHI     Style: CT; Vehicle #2     Make: CHEV     Model: SIL     Colour: GRY     Style: PK,5/3/2021 10:37:19 AM,,
49854,19258188,1572698400000,2019,11,2,12,40,0,Saturday,539116.55233,4810239.679,-80.5166,43.444044999999996,Intersection related,2,P.D. only,Off highway,unknown,unknown,SMV other,Unknown,Daylight,01 - Daylight,Municipal (excl. Twp. Rd.),Stop sign,Functioning,0,0,0,False,False,False,Rain,,False,Road 1: 428 LAWRENCE AVE (50 km/h); Road 2: KARN ST (50 km/h); Vehicle #1     Make: TOYT     Model: RG4     Colour: BLU     Style: TY,5/3/2021 10:39:12 AM,,
49855,19258261,1571601600000,2019,10,20,20,0,0,Sunday,537931.47639,4810045.24697,-80.531258,43.442355,At/near private drive,2,Non-reportable,Thru lane,unknown,unknown,SMV unattended vehicle,Unknown,Dark,07 - Dark,Municipal (excl. Twp. Rd.),No control,unknown,0,0,0,False,False,False,Clear,,True,Road 1: 123 MARKWOOD DR; Vehicle #1     Make:      Model:      Colour:      Style: ; Vehicle #2     Make: CHEV     Model: BGG     Colour: RED     Style: 4D,5/3/2021 10:41:01 AM,,
49856,19258457,1572723900000,2019,11,2,19,45,0,Saturday,539604.37544,4809636.47655,-80.510615,43.438587999999996,Non intersection,2,P.D. only,Thru lane,unknown,unknown,Sideswipe,Unknown,Dark,07 - Dark,Municipal (excl. Twp. Rd.),No control,unknown,0,0,0,False,False,False,Rain,,True,Road 1: LAWRENCE AVE; Road 2: HIGHLAND RD W; Vehicle #1     Make: FORD     Model: TRN     Colour: GRY     Style: VN; Vehicle #2     Make:      Model:      Colour:      Style:,5/3/2021 10:37:20 AM,,
49857,19258825,1572544800000,2019,10,31,18,0,0,Thursday,539028.9003,4811086.26782,-80.517623,43.451671999999995,Non intersection,2,P.D. only,Thru lane,unknown,unknown,Rear end,Unknown,Daylight,01 - Daylight,Municipal (excl. Twp. Rd.),No control,unknown,0,0,0,False,False,False,Rain,,True,Road 1: GLASGOW ST; Road 2: BELMONT AVE W; Vehicle #1     Make: GMC     Model: SAV     Colour: WHI     Style: FV; Vehicle #2     Make: HOND     Model: FKG     Colour: BLK     Style: 4B,4/9/2021 5:53:06 PM,,
49858,19258964,1572785580000,2019,11,3,12,53,0,Sunday,548117.61194,4810867.72791,-80.40531399999999,43.449176,At/near private drive,2,P.D. only,Right shoulder,unknown,unknown,SMV unattended vehicle,Unknown,Daylight,01 - Daylight,Municipal (excl. Twp. Rd.),No control,unknown,0,0,0,False,False,False,Clear,,False,Road 1: 1553 OLD ZELLER DR (50 km/h); Road 2: OLD ZELLER DR; Distance: 3.0 M E; Vehicle #1     Make: PETE     Model:      Colour:      Style: ; Vehicle #2     Make: HYUN     Model: ESM     Colour: GRY     Style: 4D,5/3/2021 10:40:59 AM,,
49859,19259055,1572795240000,2019,11,3,15,34,0,Sunday,545538.03614,4811220.84265,-80.437165,43.452515999999996,At/near private drive,1,Non-fatal injury,Not on roadway - right side,unknown,unknown,SMV other,Unknown,Daylight,01 - Daylight,Municipal (excl. Twp. Rd.),No control,unknown,0,0,0,False,False,False,Clear,,False,Road 1: 41 CARNABY CRES (50 km/h); Road 2: CARNABY CRES; Distance: 1.0 M N; Vehicle #1     Make: NISS     Model: ROG     Colour: SIL     Style: TY,5/3/2021 10:40:59 AM,,
49860,19259595,1571934600000,2019,10,24,16,30,0,Thursday,543233.26022,4810273.71841,-80.46572499999999,43.444125,Non intersection,2,Non-reportable,Thru lane,unknown,unknown,Rear end,Unknown,Daylight,01 - Daylight,Municipal (excl. Twp. Rd.),No control,unknown,0,0,0,False,False,False,Clear,,True,Road 1: MCKENZIE AVE; Road 2: OTTAWA ST; Vehicle #1     Make: NISS     Model: MUR     Colour: GRY     Style: TY; Vehicle #2     Make:      Model:      Colour:      Style:,4/9/2021 5:53:27 PM,,
49861,19259774,1572885000000,2019,11,4,16,30,0,Monday,543856.92987,4805116.09742,-80.458432,43.397649,Intersection related,2,P.D. only,Thru lane,unknown,unknown,Sideswipe,Unknown,Dusk,05 - Dusk,Municipal (excl. Twp. Rd.),Traffic signal,Functioning,0,0,0,False,False,False,Clear,,True,Road 1: HURON RD (TRILLIUM DR); Vehicle #1     Make: CHEV     Model: EXP     Colour: GRY     Style: VN; Vehicle #2     Make: HYUN     Model: AGG     Colour: BRZ     Style: 4D,5/3/2021 10:39:54 AM,,
49862,19260198,1572906600000,2019,11,4,22,30,0,Monday,539344.35275,4807639.95734,-80.513972,43.420625,At/near private drive,2,P.D. only,Thru lane,unknown,unknown,SMV unattended vehicle,Unknown,Dark,07 - Dark,Municipal (excl. Twp. Rd.),No control,unknown,0,0,0,False,False,False,Rain,,True,Road 1: 164 RUSKVIEW RD KITCHENER; Vehicle #1     Make: TOYT     Model: RV4     Colour: WHI     Style: TY; Vehicle #2     Make: MAZD     Model: 3TR     Colour: BLK     Style: 4D,5/3/2021 10:41:47 AM,,
49863,19260438,1572963000000,2019,11,5,14,10,0,Tuesday,544575.45384,4807156.84923,-80.449393,43.415982,Non intersection,2,Non-reportable,Thru lane,unknown,unknown,Angle,Unknown,Daylight,01 - Daylight,Municipal (excl. Twp. Rd.),No control,unknown,0,0,0,False,False,False,Clear,,True,Road 1: 100 CRESS LN TRILLIUM INDUSTRIAL PARK; Vehicle #1     Make: VOLK     Model: JTD     Colour: BLK     Style: SW; Vehicle #2     Make: FORD     Model: EPR     Colour: WHI     Style: PK,5/3/2021 10:36:59 AM,,
49864,19260602,1572074100000,2019,10,26,7,15,0,Saturday,538517.03043,4808032.70284,-80.524164,43.424203999999996,Non intersection,2,Non-reportable,Thru lane,unknown,unknown,SMV unattended vehicle,Unknown,Dawn,03 - Dawn,Municipal (excl. Twp. Rd.),No control,unknown,0,0,0,False,False,False,Clear,,True,Road 1: 81 HICKORY HEIGHTS CRESCENT (IN FRONT OF); Vehicle #1     Make:      Model:      Colour:      Style: ; Vehicle #2     Make: HYUN     Model: TUC     Colour: BLU     Style: TY,4/9/2021 5:53:25 PM,,
49865,19260737,1572989220000,2019,11,5,21,27,0,Tuesday,547648.63455,4804020.48097,-80.41170799999999,43.387553,At/near private drive,2,P.D. only,Thru lane,unknown,unknown,Turning movement,Unknown,Dark,07 - Dark,Regional municipality,No control,unknown,1,0,0,False,False,False,Clear,,False,Road 1: 591 CONESTOGA COLLEGE BLVD (50 km/h); Road 2: DOON VALLEY DR; Distance: 500.0 M S; Vehicle #1     Make: DODG     Model: CGS     Colour: BLK     Style: 4D; Vehicle #2     Make: HYUN     Model: VTO     Colour: WHI     Style: 4D; Vehicle #3     Make:,5/3/2021 10:41:10 AM,,
49866,19261413,1572877800000,2019,11,4,14,30,0,Monday,540106.30278,4810844.12049,-80.504325,43.449435,Non intersection,2,Non-reportable,Thru lane,unknown,unknown,Sideswipe,Unknown,Daylight,01 - Daylight,Municipal (excl. Twp. Rd.),No control,unknown,0,0,0,False,False,False,Clear,,True,Road 1: PARK ST; Road 2: CHERRY ST; Vehicle #1     Make: TOYT     Model: PRV     Colour: WHI     Style: 4W; Vehicle #2     Make:      Model:      Colour:      Style:,5/3/2021 10:38:45 AM,,
49867,19263146,1573259220000,2019,11,9,0,27,0,Saturday,540363.77138,4806502.52389,-80.501464,43.410329,Non intersection,2,P.D. only,Not on roadway - right side,unknown,unknown,SMV other,Unknown,Dark,07 - Dark,Municipal (excl. Twp. Rd.),No control,unknown,0,0,0,False,False,False,Clear,,False,Road 1: HIGHBROOK ST (50 km/h); Road 2: HIGHBROOK CRES; Distance: 50.0 M N; Vehicle #1     Make:      Model:      Colour:      Style:,5/3/2021 10:37:08 AM,,
49868,19264565,1573454640000,2019,11,11,6,44,0,Monday,545034.41003,4807868.61194,-80.443666,43.422363,At intersection,2,P.D. only,Thru lane,unknown,unknown,Rear end,Unknown,Dawn,03 - Dawn,Regional municipality,Traffic signal,Functioning,1,0,0,False,False,False,Clear,,False,Road 1: WILSON AVE (50 km/h); Road 2: KINGSWAY DR (50 km/h); Vehicle #1     Make: NISS     Model: ATS     Colour: BRN     Style: 4D; Vehicle #2     Make: ICRP     Model: BUD     Colour: YEL     Style: BU,5/3/2021 10:40:12 AM,,
49869,19264663,1573464600000,2019,11,11,9,30,0,Monday,545304.93838,4806386.30948,-80.44044699999999,43.409,Non intersection,2,P.D. only,Thru lane,unknown,unknown,Sideswipe,Unknown,Daylight,01 - Daylight,Municipal (excl. Twp. Rd.),No control,unknown,0,0,0,False,False,False,Snow,,True,Road 1: WILSON AVE; Road 2: WABANAKI DR; Vehicle #1     Make: HOND     Model: CRV     Colour: GRN     Style: 4B; Vehicle #2     Make: MAZD     Model: M3I     Colour: BLU     Style: 4D,5/3/2021 10:37:52 AM,,
49870,19264673,1573464900000,2019,11,11,9,35,0,Monday,541721.84738,4810500.85177,-80.484385,43.446256,Non intersection,2,P.D. only,Off highway,unknown,unknown,SMV other,Unknown,Daylight,01 - Daylight,Regional municipality,No control,unknown,0,0,0,False,False,False,Snow,,False,Road 1: 42 CEDAR ST S (50 km/h); Road 2: CEDAR ST S; Distance: 1.0 M W; Vehicle #1     Make: NISS     Model: ROG     Colour: BLU     Style: TY,5/3/2021 10:37:08 AM,,
49871,19264679,1572859800000,2019,11,4,9,30,0,Monday,537575.97638,4806990.86644,-80.535861,43.414871,Non intersection,2,P.D. only,Thru lane,unknown,unknown,SMV unattended vehicle,Unknown,Daylight,01 - Daylight,Municipal (excl. Twp. Rd.),No control,unknown,1,0,0,False,False,False,Snow,,False,Road 1: 50 PARKLAND CRES (40 km/h); Road 2: PARKLAND CRES; Distance: 100.0 M S; Vehicle #1     Make: FORD     Model: CTV     Colour: WHI     Style: BU; Vehicle #2     Make: TOYT     Model: SIE     Colour: WHI     Style: VN,5/3/2021 10:37:11 AM,,
49872,19264683,1573463700000,2019,11,11,9,15,0,Monday,541876.9727,4803490.41905,-80.48300499999999,43.383125,Intersection related,2,P.D. only,Within intersection,unknown,unknown,SMV other,Unknown,Daylight,01 - Daylight,Regional municipality,Stop sign,Functioning,0,0,0,False,False,False,Snow,,True,Road 1: HURON ROAD; Road 2: WOODBINE AVE; Vehicle #1     Make: HOND     Model: UDY     Colour: SIL     Style: VN,5/3/2021 10:39:36 AM,,
49873,19264694,1573464600000,2019,11,11,9,30,0,Monday,539367.77392,4807624.08921,-80.513684,43.420480999999995,Non intersection,2,P.D. only,Thru lane,unknown,unknown,SMV other,Unknown,Daylight,01 - Daylight,Municipal (excl. Twp. Rd.),No control,unknown,0,0,0,False,False,False,Snow,,True,Road 1: RUSKVIEW RD; Road 2: GREENBROOK DR; Vehicle #1     Make: MAZD     Model: CX9     Colour: GRY     Style: TY,5/3/2021 10:38:00 AM,,
49874,19264707,1573465200000,2019,11,11,9,40,0,Monday,538593.02775,4811202.72281,-80.523001,43.452743,Non intersection,2,P.D. only,Thru lane,unknown,unknown,SMV unattended vehicle,Unknown,Daylight,01 - Daylight,Municipal (excl. Twp. Rd.),No control,unknown,0,0,0,False,False,False,Snow,,True,Road 1: UNION BLVD (IFO 261); Vehicle #1     Make: FORD     Model: SPE     Colour: BLK     Style: TY; Vehicle #2     Make: CADI     Model: ATS     Colour: GRY     Style: 4D,5/3/2021 10:37:42 AM,,
49875,19264714,1573466400000,2019,11,11,10,0,0,Monday,538072.68737,4807548.18668,-80.529687,43.419864,Intersection related,2,P.D. only,Right turn lane,unknown,unknown,Rear end,Unknown,Daylight,01 - Daylight,Municipal (excl. Twp. Rd.),unknown,Functioning,0,0,0,False,False,False,Snow,,True,Road 1: WESTHEIGHTS DR; Road 2: MCGARRY DR KITCHENER; Vehicle #1     Make:      Model:      Colour:      Style: ; Vehicle #2     Make: HOND     Model: UCL     Colour: BLU     Style: 4D,5/3/2021 10:39:34 AM,,
49876,19264770,1573469700000,2019,11,11,10,55,0,Monday,539566.24546,4811425.49053,-80.51095699999999,43.454698,At intersection,2,Non-reportable,Left turn lane,unknown,unknown,SMV other,Unknown,Daylight,01 - Daylight,Municipal (excl. Twp. Rd.),Stop sign,Functioning,0,0,0,False,False,False,Snow,,True,"Road 1: PARK ST  KITCHENER , ONTARIO; Road 2: GREEN ST, KITCHENER; Vehicle #1     Make: HYUN     Model: TUC     Colour: RED     Style: TY",5/3/2021 10:40:43 AM,,
49877,19264772,1573471800000,2019,11,11,11,30,0,Monday,542709.75963,4808220.40382,-80.472355,43.425667,Non intersection,2,P.D. only,Thru lane,unknown,unknown,Sideswipe,Unknown,Daylight,01 - Daylight,Regional municipality,No control,unknown,0,0,0,False,False,False,Snow,,True,Road 1: HANSON AVE; Road 2: HOMER WATSON BLVD; Vehicle #1     Make: CHEV     Model: EXP     Colour: WHI     Style: FV; Vehicle #2     Make: FORD     Model: EDG     Colour: BLK     Style: TY,5/3/2021 10:38:00 AM,,
49878,19264790,1573473600000,2019,11,11,12,0,0,Monday,537334.78528,4807490.51054,-80.538806,43.419382,At intersection,2,P.D. only,Within intersection,unknown,unknown,Angle,Unknown,Daylight,01 - Daylight,Municipal (excl. Twp. Rd.),Stop sign,Functioning,0,0,0,False,False,False,Snow,,True,Road 1: WESTHEIGHTS DR; Road 2: DRIFTWOOD DR; Vehicle #1     Make: HOND     Model: CLL     Colour: BLK     Style: 4D; Vehicle #2     Make:      Model:      Colour:      Style:,5/3/2021 10:40:29 AM,,
49879,19264821,1573475400000,2019,11,11,12,30,0,Monday,540415.05002,4810595.76908,-80.50052699999999,43.447182,At intersection,2,P.D. only,Within intersection,unknown,unknown,Approaching,Unknown,Daylight,01 - Daylight,Municipal (excl. Twp. Rd.),Stop sign,Functioning,0,0,0,False,False,False,Snow,,True,Road 1: JUBILEE SR; Road 2: DEVON ST; Vehicle #1     Make: DODG     Model: CAR     Colour: BLK     Style: VN; Vehicle #2     Make: HOND     Model: FIL     Colour: WHI     Style: 4B,5/3/2021 10:40:30 AM,,
49880,19264834,1573471200000,2019,11,11,11,20,0,Monday,542511.24818,4806154.51763,-80.47496799999999,43.407077,Non intersection,2,P.D. only,Thru lane,unknown,unknown,SMV other,Unknown,Daylight,01 - Daylight,Municipal (excl. Twp. Rd.),No control,unknown,0,0,0,False,False,False,Snow,,True,Road 1: STRASBURG RD; Road 2: OTTAWA ST; Vehicle #1     Make: HOND     Model: UDY     Colour: PLE     Style: TY,5/3/2021 10:38:07 AM,,
49881,19264837,1573473780000,2019,11,11,12,3,0,Monday,541872.75838,4808923.2923,-80.482641,43.432043,Non intersection,2,P.D. only,Thru lane,unknown,unknown,SMV unattended vehicle,Unknown,Daylight,01 - Daylight,Municipal (excl. Twp. Rd.),No control,unknown,1,0,0,False,False,False,Snow,,False,Road 1: 72 HOFFMAN ST (50 km/h); Road 2: HOFFMAN ST; Distance: 5.0 M N; Vehicle #1     Make: DODG     Model: CAR     Colour: SIL     Style: VN; Vehicle #2     Make: NISS     Model: VSA     Colour: SIL     Style: 4B,5/3/2021 10:37:17 AM,,
49882,19264867,1573471800000,2019,11,11,11,30,0,Monday,544713.66737,4810090.88025,-80.447446,43.442392,Intersection related,2,Non-reportable,Thru lane,unknown,unknown,SMV other,Unknown,Daylight,01 - Daylight,Regional municipality,Stop sign,unknown,0,0,0,False,False,False,Snow,,True,Road 1: ROSS AVE; Road 2: FRANKLIN ST N; Vehicle #1     Make: DODG     Model: CJO     Colour: RED     Style: TY,5/3/2021 10:40:03 AM,,
49883,19264898,1573468800000,2019,11,11,10,40,0,Monday,543539.83104,4809500.16026,-80.461998,43.437142,Non intersection,2,P.D. only,Thru lane,unknown,unknown,Sideswipe,Unknown,Daylight,01 - Daylight,Municipal (excl. Twp. Rd.),No control,unknown,0,0,0,False,False,False,Clear,,True,Road 1: ROCKWAY DR; Road 2: DOON RD; Vehicle #1     Make: DODG     Model: CAR     Colour: WHI     Style: VN; Vehicle #2     Make: DODG     Model: SPR     Colour: WHI     Style: VN,5/3/2021 10:37:53 AM,,
49884,19264932,1573477200000,2019,11,11,13,0,0,Monday,541981.65992,4810675.71375,-80.481161,43.447815999999996,Intersection related,2,P.D. only,Within intersection,unknown,unknown,Angle,Unknown,Daylight,01 - Daylight,Municipal (excl. Twp. Rd.),Stop sign,Functioning,0,0,0,False,False,False,Snow,,True,Road 1: DUKE ST E; Road 2: MADISON AVE N; Vehicle #1     Make: NISS     Model: CUB     Colour: WHI     Style: TY; Vehicle #2     Make: HYUN     Model: TUC     Colour: SIL     Style: TY,5/3/2021 10:39:37 AM,,
49885,19264938,1573473600000,2019,11,11,12,0,0,Monday,543092.77032,4804798.62038,-80.46789299999999,43.394835,Non intersection,2,P.D. only,Thru lane,unknown,unknown,Approaching,Unknown,Daylight,01 - Daylight,Municipal (excl. Twp. Rd.),No control,unknown,0,0,0,False,False,False,Snow,,True,Road 1: 1760 STRASBURG RD; Vehicle #1     Make: FORD     Model: DRW     Colour: WHI     Style: CB; Vehicle #2     Make: STRN     Model: SC1     Colour: ONG     Style: 2D,5/3/2021 10:37:38 AM,,
49886,19264941,1573477740000,2019,11,11,13,9,0,Monday,540131.70618,4809841.20238,-80.50408399999999,43.440402999999996,Non intersection,2,P.D. only,Thru lane,unknown,unknown,Other,Unknown,Daylight,01 - Daylight,Municipal (excl. Twp. Rd.),No control,unknown,0,0,0,False,False,False,Snow,,True,Road 1: PATRICIA AVE; Road 2: HIGHLAND RD W; Vehicle #1     Make: HOND     Model: UAX     Colour: WHI     Style: 4D; Vehicle #2     Make:      Model:      Colour:      Style:,5/3/2021 10:38:03 AM,,
49887,19265051,1573486320000,2019,11,11,15,32,0,Monday,538018.6703,4807054.62814,-80.530389,43.415423,Non intersection,2,P.D. only,Thru lane,unknown,unknown,Approaching,Unknown,Daylight,01 - Daylight,Municipal (excl. Twp. Rd.),No control,unknown,1,0,0,False,False,False,Snow,,False,Road 1: ROYAL ORCHARD DR (50 km/h); Road 2: DEERWOOD CRES; Distance: 20.0 M N; Vehicle #1     Make: HYUN     Model: SAN     Colour: WHI     Style: TY; Vehicle #2     Make: CHEV     Model: EXP     Colour: YEL     Style: BU,5/3/2021 10:37:14 AM,,