OBJECTID,ACCIDENTNUM,ACCIDENTDATE,ACCIDENT_YEAR,ACCIDENT_MONTH,ACCIDENT_DAY,ACCIDENT_HOUR,ACCIDENT_MINUTE,ACCIDENT_SECOND,ACCIDENT_WEEKDAY,XCOORD,YCOORD,LONGITUDE,LATITUDE,ACCIDENTLOCATION,COLLISIONTYPE,CLASSIFICATIONOFACCIDENT,IMPACTLOCATION,INITIALDIRECTIONOFTRAVELONE,INITIALDIRECTIONOFTRAVELTWO,INITIALIMPACTTYPE,INTTRAFFICCONTROL,LIGHT,LIGHTFORREPORT,ROADJURISDICTION,TRAFFICCONTROL,TRAFFICCONTROLCONDITION,THRULANENO,NORTHBOUNDDISOBEYCOUNT,SOUTHBOUNDDISOBEYCOUNT,PEDESTRIANINVOLVED,CYCLISTINVOLVED,MOTORCYCLISTINVOLVED,ENVIRONMENTCONDITION1,ENVIRONMENTCONDITION2,SELFREPORTED,XMLIMPORTNOTES,LASTEDITEDDATE,CREATE_BY,CREATE_DATE
49888,19265052,1573491600000,2019,11,11,17,0,0,Monday,544187.97062,4808695.41848,-80.454055,43.429857999999996,Non intersection,2,P.D. only,Thru lane,unknown,unknown,Sideswipe,Unknown,Dusk,05 - Dusk,Municipal (excl. Twp. Rd.),No control,unknown,0,0,0,False,False,False,Snow,,True,Road 1: 178 FIFTH AVE; Vehicle #1     Make: FORD     Model: FMS     Colour: BLK     Style: 4D; Vehicle #2     Make:      Model:      Colour:      Style:,5/3/2021 10:37:54 AM,,
49889,19265071,1573494600000,2019,11,11,17,50,0,Monday,546589.60633,4802846.33934,-80.424882,43.377047999999995,At/near private drive,2,P.D. only,Thru lane,unknown,unknown,SMV unattended vehicle,Unknown,Dark,07 - Dark,Municipal (excl. Twp. Rd.),No control,unknown,0,0,0,False,False,False,Snow,,True,Road 1: 335 ROBERT FERRIE DR; Vehicle #1     Make:      Model:      Colour:      Style: ; Vehicle #2     Make: HOND     Model: UDY     Colour: GRN     Style: TY,5/3/2021 10:41:25 AM,,
49890,19265076,1573488600000,2019,11,11,16,10,0,Monday,541853.48527,4803513.00428,-80.483293,43.383328999999996,Intersection related,2,P.D. only,Thru lane,unknown,unknown,Rear end,Unknown,Daylight,01 - Daylight,Regional municipality,Stop sign,Functioning,0,0,0,False,False,False,Snow,,True,Road 1: WOODBINE AVE; Road 2: HURON RD; Vehicle #1     Make: FORD     Model: SPE     Colour: BLK     Style: TY; Vehicle #2     Make: HOND     Model: ULX     Colour: BLK     Style: 4D,5/3/2021 10:39:22 AM,,
49891,19265110,1573466400000,2019,11,11,10,0,0,Monday,542246.60961,4806725.01169,-80.47819199999999,43.412228999999996,At/near private drive,2,P.D. only,Thru lane,unknown,unknown,SMV unattended vehicle,Unknown,Daylight,01 - Daylight,Municipal (excl. Twp. Rd.),No control,unknown,0,0,0,False,False,False,Snow,,True,Road 1: 72 THE COUNTRY WAY; Vehicle #1     Make: VOLK     Model: CTG     Colour: BLU     Style: 4B; Vehicle #2     Make: NISS     Model: ROG     Colour: SIL     Style: TY,5/3/2021 10:41:26 AM,,
49892,19265352,1573485000000,2019,11,11,15,10,0,Monday,544184.8728,4808691.08493,-80.454093,43.429818999999995,Non intersection,2,P.D. only,Thru lane,unknown,unknown,Rear end,Unknown,Daylight,01 - Daylight,Municipal (excl. Twp. Rd.),No control,unknown,0,0,0,False,False,False,Snow,,True,Road 1: 176 FIFTH AVE; Road 2: CONNAUGHT ST; Vehicle #1     Make: NISS     Model: PFI     Colour: BLK     Style: TY; Vehicle #2     Make:      Model:      Colour:      Style:,5/3/2021 10:37:54 AM,,
49893,19265537,1573470000000,2019,11,11,11,0,0,Monday,539688.78732,4810677.17288,-80.509497,43.447953999999996,Non intersection,2,Non-reportable,Thru lane,unknown,unknown,Sideswipe,Unknown,Daylight,01 - Daylight,Municipal (excl. Twp. Rd.),No control,unknown,0,0,0,False,False,False,Snow,,True,Road 1: WAVERYLY RD; Road 2: GAGE AVE; Vehicle #1     Make: TOYO     Model: PRI     Colour: BLU     Style: 4D; Vehicle #2     Make: GMC     Model: SAV     Colour: WHI     Style: VN,5/3/2021 10:37:29 AM,,
49894,19265601,1573550700000,2019,11,12,9,25,0,Tuesday,540291.21473,4809599.91322,-80.50213099999999,43.438221999999996,Non intersection,2,Non-reportable,Thru lane,unknown,unknown,Rear end,Unknown,Daylight,01 - Daylight,Municipal (excl. Twp. Rd.),No control,unknown,0,0,0,False,False,False,Snow,,True,Road 1: 911 QUEEN'S BLVD; Road 2: BELMONT AVE; Vehicle #1     Make: MERZ     Model: 2C4     Colour: WHI     Style: 4D; Vehicle #2     Make: HOND     Model: UEX     Colour: SIL     Style: 2D,5/3/2021 10:38:52 AM,,
49895,19265823,1573585200000,2019,11,12,19,0,0,Tuesday,541980.22351,4810674.74659,-80.481179,43.447807,At intersection,2,P.D. only,Within intersection,unknown,unknown,Angle,Unknown,Dark,07 - Dark,Regional municipality,Stop sign,Functioning,0,0,0,False,False,False,Snow,,True,Road 1: DUKE ST E; Road 2: MADISON AVE; Vehicle #1     Make:      Model:      Colour:      Style: ; Vehicle #2     Make: KIA     Model: SOU     Colour: SIL     Style: TY,5/3/2021 10:40:09 AM,,
49896,19265890,1573574400000,2019,11,12,16,0,0,Tuesday,541733.07977,4810286.95684,-80.484262,43.444328999999996,Non intersection,2,P.D. only,Thru lane,unknown,unknown,SMV unattended vehicle,Unknown,Daylight,01 - Daylight,Municipal (excl. Twp. Rd.),No control,unknown,0,0,0,False,False,False,Clear,,True,Road 1: MADISON AVE S (IFO 94); Vehicle #1     Make:      Model:      Colour:      Style: ; Vehicle #2     Make: ACUR     Model: I2P     Colour: WHI     Style: 4D,5/3/2021 10:38:02 AM,,
49897,19266034,1573587900000,2019,11,12,19,45,0,Tuesday,544272.8778,4809958.56816,-80.45290299999999,43.441227,Non intersection,2,Non-reportable,Thru lane,unknown,unknown,SMV other,Unknown,Dark,07 - Dark,Municipal (excl. Twp. Rd.),No control,unknown,0,0,0,False,False,False,Clear,,True,Road 1: ROSS AVE; Road 2: WILFRED AVE; Vehicle #1     Make: TOYT     Model: VEN     Colour: GRY     Style: TY; Vehicle #2     Make:      Model:      Colour:      Style:,5/3/2021 10:38:48 AM,,
49898,19266091,1573591200000,2019,11,12,20,40,0,Tuesday,541508.73238,4807858.85631,-80.48722,43.422478999999996,Non intersection,2,Non-reportable,Thru lane,unknown,unknown,Sideswipe,Unknown,Dark,07 - Dark,Regional municipality,No control,unknown,0,0,0,False,False,False,Clear,,True,Road 1: STRASBURG RD (NEAR GAS STATION); Road 2: OTTAWA ST S; Vehicle #1     Make:      Model:      Colour:      Style: ; Vehicle #2     Make: TOYT     Model: MTL     Colour: GRY     Style: 4D,5/3/2021 10:37:29 AM,,
49899,19266116,1573595940000,2019,11,12,21,59,0,Tuesday,544039.14901,4807714.47106,-80.455973,43.421034999999996,Non intersection,2,P.D. only,Not on roadway - left side,unknown,unknown,SMV other,Unknown,Dark,07 - Dark,Municipal (excl. Twp. Rd.),No control,unknown,0,0,0,False,False,False,Snow,,False,Road 1: 551 VANIER DR (50 km/h); Road 2: VANIER DR; Distance: 20.0 M W; Vehicle #1     Make: TOYT     Model: UCS     Colour: GRY     Style: 4D,5/3/2021 10:37:08 AM,,
49900,19266277,1573632000000,2019,11,13,8,0,0,Wednesday,542407.12082,4806619.30286,-80.476218,43.411268,Intersection related,2,P.D. only,Within intersection,unknown,unknown,Approaching,Unknown,Daylight,01 - Daylight,Municipal (excl. Twp. Rd.),unknown,Functioning,0,0,0,False,False,False,Clear,,True,Road 1: STRASBURG RD; Road 2: OLD COUNTRY WAY; Vehicle #1     Make: DODG     Model: DAK     Colour: GRY     Style: PK; Vehicle #2     Make: HYUN     Model: SAN     Colour: WHI     Style: TY,4/22/2022 2:25:46 PM,,
49901,19266282,1573633500000,2019,11,13,8,25,0,Wednesday,541014.38411,4809676.77039,-80.49319,43.438874999999996,Intersection related,2,P.D. only,Within intersection,unknown,unknown,Turning movement,Unknown,Daylight,01 - Daylight,Regional municipality,Traffic signal,Functioning,0,0,0,False,False,False,Clear,,False,Road 1: HIGHLAND RD E (50 km/h); Road 2: SPADINA RD E (50 km/h); Vehicle #1     Make: HYUN     Model: ESS     Colour: GRY     Style: 4D; Vehicle #2     Make: CHRY     Model: 2LM     Colour: WHI     Style: 4D,5/3/2021 10:39:13 AM,,
49902,19266322,1573636500000,2019,11,13,9,15,0,Wednesday,540939.60736,4811216.64406,-80.49399799999999,43.452743999999996,Intersection related,2,P.D. only,Thru lane,unknown,unknown,Angle,Unknown,Daylight,01 - Daylight,Regional municipality,unknown,Functioning,0,0,0,False,False,False,Clear,,True,Road 1: WATER ST N; Road 2: DUKE ST W; Vehicle #1     Make: HYUN     Model: TSL     Colour: BLK     Style: 2B; Vehicle #2     Make: KIA     Model: 5SX     Colour: ONG     Style: 4B,4/27/2022 10:41:21 AM,,
49903,19266475,1573654200000,2019,11,13,14,10,0,Wednesday,546493.36209,4809669.87974,-80.42549,43.438493,Non intersection,2,P.D. only,Thru lane,unknown,unknown,Approaching,Unknown,Daylight,01 - Daylight,Regional municipality,No control,unknown,0,0,0,False,False,False,Clear,,True,Road 1: OLD CHICOPEE TRAIL; Road 2: FAIRWAY RD N; Distance: 200.0 M N; Vehicle #1     Make: TOYT     Model: CHL     Colour: BLK     Style: 4D; Vehicle #2     Make: TOYT     Model: HIG     Colour: BLK     Style: TY,5/3/2021 10:37:01 AM,,
49904,19266734,1573756800000,2019,11,14,18,40,0,Thursday,537074.10487,4806658.67554,-80.54208299999999,43.411905,At/near private drive,2,P.D. only,Thru lane,unknown,unknown,Other,Unknown,Dark,07 - Dark,Municipal (excl. Twp. Rd.),No control,unknown,0,0,0,False,False,False,Snow,,True,Road 1: 65 YELLOW BIRCH DR; Road 2: HODDLE CRESCENT; Vehicle #1     Make: FORD     Model: COF     Colour: WHI     Style: PK; Vehicle #2     Make: DODG     Model: CAR     Colour: GRY     Style: VN,5/3/2021 10:41:27 AM,,
49905,19267041,1573722480000,2019,11,14,9,8,0,Thursday,542518.2769,4807562.98465,-80.47477099999999,43.419757999999995,Intersection related,2,P.D. only,Right shoulder,unknown,unknown,SMV other,Unknown,Daylight,01 - Daylight,Municipal (excl. Twp. Rd.),Stop sign,Functioning,0,0,0,False,False,False,Snow,,False,Road 1: KINGSWOOD DR (50 km/h); Road 2: GRACEFIELD CRES (50 km/h); Vehicle #1     Make: HYUN     Model: TUC     Colour: GRY     Style: TY,5/3/2021 10:39:14 AM,,
49906,19267077,1573641000000,2019,11,13,10,30,0,Wednesday,543959.3342,4804877.45244,-80.45718699999999,43.395495,Non intersection,2,P.D. only,Thru lane,unknown,unknown,SMV unattended vehicle,Unknown,Daylight,01 - Daylight,Municipal (excl. Twp. Rd.),No control,unknown,0,0,0,False,False,False,Clear,,True,Road 1: MAXWELL DR; Road 2: BEIHN; Vehicle #1     Make: HOND     Model: UDY     Colour: GRY     Style: VN; Vehicle #2     Make: GMC     Model: SIE     Colour: WHI     Style: PK,5/3/2021 10:37:34 AM,,
49907,19267355,1573660800000,2019,11,13,16,0,0,Wednesday,539787.47498,4810585.00322,-80.508284,43.447119,At/near private drive,2,P.D. only,Thru lane,unknown,unknown,Other,Unknown,Daylight,01 - Daylight,Municipal (excl. Twp. Rd.),No control,unknown,0,0,0,False,False,False,Clear,,True,Road 1: 120 CHERRY ST; Vehicle #1     Make: HYUN     Model: PGS     Colour: GRY     Style: 4D; Vehicle #2     Make:      Model:      Colour:      Style:,5/3/2021 10:41:16 AM,,
49908,19267392,1573731000000,2019,11,14,11,30,0,Thursday,541141.27729,4810796.50797,-80.491537,43.448949999999996,Non intersection,2,Non-reportable,Thru lane,unknown,unknown,Other,Unknown,Daylight,01 - Daylight,Regional municipality,No control,unknown,0,0,0,False,False,False,Clear,,True,Road 1: ONTARIO ST S; Road 2: JOSEPH ST; Vehicle #1     Make:      Model:      Colour:      Style: ; Vehicle #2     Make: ALEX     Model: ENV     Colour: GRN     Style: BU,5/3/2021 10:38:50 AM,,
49909,19267516,1573667100000,2019,11,13,17,45,0,Wednesday,544492.98627,4811765.30535,-80.450036,43.457481,At intersection,2,Non-reportable,Thru lane,unknown,unknown,Sideswipe,Unknown,Dark,07 - Dark,Regional municipality,Stop sign,Functioning,0,0,0,False,False,False,Clear,,True,Road 1: RIVER RD E; Road 2: HALLIWELL DR; Vehicle #1     Make: TOYT     Model: RV4     Colour: GRY     Style: TY; Vehicle #2     Make:      Model:      Colour:      Style:,5/3/2021 10:40:42 AM,,
49910,19267684,1573785600000,2019,11,15,2,40,0,Friday,544592.30214,4808355.96007,-80.44908699999999,43.426778,Non intersection,2,P.D. only,Right shoulder,unknown,unknown,Rear end,Unknown,Dark,07 - Dark,Municipal (excl. Twp. Rd.),No control,unknown,0,0,0,False,False,False,Clear,,False,Road 1: GREENFIELD AVE (50 km/h); Road 2: CARROL ST; Distance: 5.0 M N; Vehicle #1     Make: FORD     Model: CTV     Colour: WHI     Style: CB; Vehicle #2     Make: KIA     Model: FLG     Colour: GRY     Style: 4D,5/3/2021 10:37:15 AM,,
49911,19267815,1573466400000,2019,11,11,10,0,0,Monday,542389.12202,4806193.51155,-80.476473,43.407435,At/near private drive,2,P.D. only,Thru lane,unknown,unknown,SMV unattended vehicle,Unknown,Daylight,01 - Daylight,Municipal (excl. Twp. Rd.),No control,unknown,0,0,0,False,False,False,Snow,,True,Road 1: 222 THE COUNTRY WAY (IN FRONT OF 222); Vehicle #1     Make: MITS     Model: OUT     Colour: WHI     Style: TY; Vehicle #2     Make:      Model:      Colour:      Style:,5/3/2021 10:41:27 AM,,
49912,19267908,1573815600000,2019,11,15,11,0,0,Friday,545124.7488,4807656.81525,-80.442567,43.420451,At/near private drive,2,P.D. only,Thru lane,unknown,unknown,Angle,Unknown,Daylight,01 - Daylight,Municipal (excl. Twp. Rd.),No control,unknown,0,0,0,False,False,False,Clear,,True,Road 1: CANADIAN TIRE DRIVEWAY; Road 2: WILSON AVE; Vehicle #1     Make: HYUN     Model: SAN     Colour: BLK     Style: TY; Vehicle #2     Make: TOYT     Model: UCS     Colour: BRN     Style: 4D,5/3/2021 10:41:22 AM,,
49913,19267943,1573819500000,2019,11,15,12,5,0,Friday,543744.05973,4805583.78071,-80.459788,43.401866999999996,Non intersection,2,P.D. only,Thru lane,unknown,unknown,Angle,Unknown,Daylight,01 - Daylight,Municipal (excl. Twp. Rd.),No control,unknown,0,0,0,False,False,False,Clear,,True,Road 1: BEASLEY DR; Road 2: TRILLIUM DR; Vehicle #1     Make: RAM     Model: RTR     Colour: BLK     Style: PK; Vehicle #2     Make: FORD     Model: FE     Colour: WHI     Style: 4D,5/3/2021 10:37:55 AM,,
49914,19268162,1573462200000,2019,11,11,8,50,0,Monday,540875.78769,4810596.85693,-80.494833,43.447167,Non intersection,2,Non-reportable,Thru lane,unknown,unknown,Rear end,Unknown,Daylight,01 - Daylight,Municipal (excl. Twp. Rd.),No control,unknown,0,0,0,False,False,False,Snow,,True,Road 1: JUBILEE DR; Road 2: DAVID ST; Vehicle #1     Make: HOND     Model: UCL     Colour: BLU     Style: 4D; Vehicle #2     Make: FORD     Model: FSE     Colour: RED     Style: 4D,5/3/2021 10:37:07 AM,,
49915,19268173,1573585200000,2019,11,12,19,0,0,Tuesday,540488.70305,4810093.36495,-80.49965399999999,43.442654999999995,At/near private drive,2,Non-reportable,Thru lane,unknown,unknown,SMV unattended vehicle,Unknown,Dark,07 - Dark,Municipal (excl. Twp. Rd.),No control,unknown,0,0,0,False,False,False,Clear,,True,Road 1: 62 HOMEWOOD AVE; Vehicle #1     Make: NISS     Model: MUR     Colour: BRN     Style: TY; Vehicle #2     Make: KIA     Model: SOU     Colour: BLU     Style: TY,5/3/2021 10:41:05 AM,,
49916,19268661,1573464600000,2019,11,11,9,30,0,Monday,539035.60942,4810148.80663,-80.517607,43.443231,At/near private drive,2,P.D. only,Thru lane,unknown,unknown,SMV unattended vehicle,Unknown,Daylight,01 - Daylight,Municipal (excl. Twp. Rd.),No control,unknown,0,0,0,False,False,False,Snow,,True,Road 1: 428 ALICE AVE; Vehicle #1     Make:      Model:      Colour:      Style: ; Vehicle #2     Make: TOYT     Model: CAM     Colour: GRY     Style: 4D,5/3/2021 10:41:24 AM,,
49917,19268668,1573470600000,2019,11,11,11,10,0,Monday,545896.78723,4802879.124,-80.433431,43.377386,At intersection,2,P.D. only,Thru lane,unknown,unknown,Rear end,Unknown,Daylight,01 - Daylight,Municipal (excl. Twp. Rd.),Stop sign,Functioning,0,0,0,False,False,False,Snow,,True,Road 1: DOON S DR; Road 2: STEEPLERIDGE ST; Vehicle #1     Make: MITS     Model: LES     Colour: BLU     Style: 4D; Vehicle #2     Make: HYUN     Model: ESS     Colour: RED     Style: 4D,5/3/2021 10:40:11 AM,,
49918,19268743,1573896600000,2019,11,16,9,30,0,Saturday,542252.85763,4811381.21989,-80.477755,43.454153,At intersection,2,Non-reportable,Within intersection,unknown,unknown,Rear end,Unknown,Daylight,01 - Daylight,Municipal (excl. Twp. Rd.),Stop sign,Functioning,0,0,0,False,False,False,Clear,,True,Road 1: BINGEMAN ST; Road 2: SIMEON ST; Vehicle #1     Make: TOYT     Model: MTL     Colour: WHI     Style: 4D; Vehicle #2     Make:      Model:      Colour:      Style:,5/3/2021 10:40:45 AM,,
49919,19268811,1573921200000,2019,11,16,16,20,0,Saturday,545957.47314,4809853.46223,-80.432096,43.440179,At intersection,1,Non-fatal injury,Within intersection,unknown,unknown,Angle,Unknown,Daylight,01 - Daylight,Municipal (excl. Twp. Rd.),Stop sign,Functioning,0,0,0,False,False,False,Clear,,False,Road 1: OLD CHICOPEE DR (50 km/h); Road 2: BANCROFT ST (50 km/h); Vehicle #1     Make: KIA     Model: FLX     Colour: GRY     Style: 4D; Vehicle #2     Make: HOND     Model: UCL     Colour: BLK     Style: 4D,5/3/2021 10:40:16 AM,,
49920,19269024,1573942320000,2019,11,16,22,12,0,Saturday,545176.22785,4810081.50245,-80.44173099999999,43.44228,Non intersection,2,P.D. only,Thru lane,unknown,unknown,SMV unattended vehicle,Unknown,Dark,07 - Dark,Municipal (excl. Twp. Rd.),No control,unknown,1,0,0,False,False,False,Clear,,False,Road 1: 131 RENNIE DR (50 km/h); Road 2: RENNIE DR; Distance: 2.0 M N; Vehicle #1     Make: HYUN     Model: ESM     Colour: GRY     Style: 4D; Vehicle #2     Make: HOND     Model: CIV     Colour: BLU     Style: 4D,5/3/2021 10:37:20 AM,,
49921,19269314,1573925400000,2019,11,16,17,30,0,Saturday,539937.90514,4805756.27822,-80.506778,43.403633,Non intersection,2,Non-reportable,Thru lane,unknown,unknown,SMV unattended vehicle,Unknown,Dark,07 - Dark,Municipal (excl. Twp. Rd.),No control,unknown,0,0,0,False,False,False,Clear,,True,Road 1: 160 MAX BECKER DR; Vehicle #1     Make: RAM     Model: RTR     Colour: BLU     Style: CW; Vehicle #2     Make:      Model:      Colour:      Style:,5/3/2021 10:38:58 AM,,
49922,19269346,1573991400000,2019,11,17,11,50,0,Sunday,539051.1345,4811176.01275,-80.517341,43.452479,Non intersection,2,P.D. only,Left turn lane,unknown,unknown,Sideswipe,Unknown,Daylight,01 - Daylight,Regional municipality,No control,unknown,0,0,0,False,False,False,Clear,,True,Road 1: BELMONT AVE W; Road 2: ROCK AVE; Vehicle #1     Make: DODG     Model: CGS     Colour: BLK     Style: 4D; Vehicle #2     Make: BUIC     Model: ACX     Colour: PLE     Style: 4D,5/3/2021 10:37:31 AM,,
49923,19269483,1573878600000,2019,11,16,4,30,0,Saturday,543009.70049,4814402.09063,-80.46816199999999,43.48131,At/near private drive,2,P.D. only,Thru lane,unknown,unknown,SMV unattended vehicle,Unknown,Dark,07 - Dark,Municipal (excl. Twp. Rd.),No control,unknown,0,0,0,False,False,False,Clear,,True,Road 1: 95 SCHWEITZER ST; Vehicle #1     Make:      Model:      Colour:      Style: ; Vehicle #2     Make: KIA     Model: RBL     Colour: SIL     Style: 4D,5/3/2021 10:41:27 AM,,
49924,19269523,1573479000000,2019,11,11,13,30,0,Monday,540477.49273,4812166.50885,-80.499639,43.461321999999996,Intersection related,2,Non-reportable,Thru lane,unknown,unknown,Sideswipe,Unknown,Daylight,01 - Daylight,Regional municipality,Traffic signal,Functioning,0,0,0,False,False,False,Clear,,True,Road 1: GUELPH ST; Road 2: WEBER ST W; Vehicle #1     Make:      Model:      Colour:      Style: ; Vehicle #2     Make: CHEV     Model: TRV     Colour: BLK     Style: TY,5/3/2021 10:39:19 AM,,
49925,19269528,1573475400000,2019,11,11,12,30,0,Monday,542486.12564,4812879.15949,-80.474755,43.467627,Non intersection,2,P.D. only,Thru lane,unknown,unknown,Approaching,Unknown,Daylight,01 - Daylight,Municipal (excl. Twp. Rd.),No control,unknown,0,0,0,False,False,False,Clear,,True,Road 1: SEREDA RD; Road 2: GUELPH ST; Vehicle #1     Make:      Model:      Colour:      Style: ; Vehicle #2     Make: GMC     Model: SAV     Colour: RED     Style: VN,5/3/2021 10:37:35 AM,,
49926,19269529,1574009400000,2019,11,17,16,50,0,Sunday,538516.03818,4810501.50696,-80.524002,43.446433999999996,Non intersection,2,P.D. only,Thru lane,unknown,unknown,Angle,Unknown,Dusk,05 - Dusk,Municipal (excl. Twp. Rd.),No control,unknown,0,0,0,False,False,False,Clear,,True,Road 1: 10 WESTWOOD DR; Vehicle #1     Make: TOYT     Model: RV4     Colour: GRY     Style: TY; Vehicle #2     Make: ACUR     Model: 32S     Colour: SIL     Style: 2D,5/3/2021 10:37:56 AM,,
49927,19269563,1574011800000,2019,11,17,17,30,0,Sunday,547452.38991,4811314.04603,-80.41349699999999,43.453237,Non intersection,1,Non-fatal injury,Thru lane,unknown,unknown,Approaching,Unknown,Dark,07 - Dark,Municipal (excl. Twp. Rd.),No control,unknown,1,0,0,False,False,False,Clear,,False,Road 1: 514 BRIDGEMILL CRES (50 km/h); Road 2: BRIDGEMILL CRES; Distance: 5.0 M W; Vehicle #1     Make:      Model:      Colour:      Style: ; Vehicle #2     Make: TOYT     Model: UCS     Colour: GRY     Style: 4D; Vehicle #3     Make:      Model: TRAC   ,5/3/2021 10:37:15 AM,,
49928,19269667,1574011980000,2019,11,17,17,33,0,Sunday,546766.60736,4811147.74453,-80.421987,43.451782,Non intersection,2,P.D. only,Thru lane,unknown,unknown,Approaching,Unknown,Dark,07 - Dark,Municipal (excl. Twp. Rd.),No control,unknown,1,0,0,False,False,False,Clear,,False,Road 1: 63 ZELLER DR (50 km/h); Road 2: ZELLER DR; Distance: 5.0 M W; Vehicle #1     Make:      Model:      Colour:      Style: ; Vehicle #2     Make: FORD     Model: FE     Colour: BLU     Style: 4D,5/3/2021 10:37:17 AM,,
49929,19269795,1574044200000,2019,11,18,2,30,0,Monday,542209.20178,4814348.43637,-80.478064,43.480872,Non intersection,2,P.D. only,Thru lane,unknown,unknown,SMV other,Unknown,Dark,07 - Dark,Regional municipality,No control,unknown,0,0,0,False,False,False,Clear,,True,Road 1: BLOOMINGDALE RD N; Road 2: BRIDGE ST E; Vehicle #1     Make: NISS     Model: PFI     Colour: SIL     Style: TY,5/3/2021 10:37:58 AM,,
49930,19270045,1574079300000,2019,11,18,12,15,0,Monday,541559.53324,4810927.78236,-80.486358,43.450109,At/near private drive,2,Non-reportable,Thru lane,unknown,unknown,SMV unattended vehicle,Unknown,Daylight,01 - Daylight,Regional municipality,No control,unknown,0,0,0,False,False,False,Clear,,True,Road 1: DUKE ST E; Road 2: FREDERICK ST; Vehicle #1     Make:      Model:      Colour:      Style: ; Vehicle #2     Make: NISS     Model: ROG     Colour: BLK     Style: TY,8/16/2022 2:56:48 PM,,
49931,19270211,1574090400000,2019,11,18,15,20,0,Monday,544514.8004,4808391.0136,-80.450042,43.427098,Intersection related,2,P.D. only,Within intersection,unknown,unknown,Angle,Unknown,Daylight,01 - Daylight,Municipal (excl. Twp. Rd.),Stop sign,Functioning,0,0,1,False,False,False,Clear,,True,Road 1: GREENFIELD AVE; Road 2: 9TH AVE; Vehicle #1     Make: HOND     Model: UDY     Colour: RED     Style: VN; Vehicle #2     Make: CHEV     Model: AVT     Colour: BLK     Style: 4D,5/3/2021 10:39:29 AM,,
49932,19270345,1574005800000,2019,11,17,15,50,0,Sunday,543664.95843,4812460.71254,-80.46021499999999,43.463792,Non intersection,2,P.D. only,Thru lane,unknown,unknown,Other,Unknown,Daylight,01 - Daylight,Municipal (excl. Twp. Rd.),No control,unknown,0,0,0,False,False,False,Clear,,True,Road 1: 68 TURNER AVE; Vehicle #1     Make: MITS     Model: LES     Colour: BLK     Style: 4D; Vehicle #2     Make:      Model:      Colour:      Style:,5/3/2021 10:37:58 AM,,
49933,19270405,1574098200000,2019,11,18,17,30,0,Monday,541149.42571,4810647.8259,-80.49144799999999,43.447610999999995,Intersection related,2,P.D. only,Thru lane,unknown,unknown,Angle,Unknown,Dark,07 - Dark,Municipal (excl. Twp. Rd.),Stop sign,unknown,0,0,0,False,False,False,Clear,,True,Road 1: ST GEORGE ST; Road 2: QUEEN ST S; Vehicle #1     Make: TOYT     Model: MTL     Colour: GRY     Style: 4D; Vehicle #2     Make:      Model:      Colour:      Style:,5/3/2021 10:39:29 AM,,
49934,19270625,1574152800000,2019,11,19,8,40,0,Tuesday,542066.78178,4807089.98523,-80.480385,43.415524999999995,Non intersection,2,P.D. only,Thru lane,unknown,unknown,Rear end,Unknown,Daylight,01 - Daylight,Municipal (excl. Twp. Rd.),No control,unknown,0,0,0,False,False,False,Clear,,True,Road 1: BLOCK LINE RD; Road 2: FALLOWFIELD; Vehicle #1     Make: NISS     Model: ROS     Colour: WHI     Style: 4W; Vehicle #2     Make: HOND     Model: CTU     Colour: GRY     Style: 4D,5/3/2021 10:38:54 AM,,
49935,19270934,1573470000000,2019,11,11,11,0,0,Monday,539546.0627,4811443.35786,-80.51120499999999,43.45486,Non intersection,2,Non-reportable,Thru lane,unknown,unknown,Rear end,Unknown,Daylight,01 - Daylight,Municipal (excl. Twp. Rd.),No control,unknown,0,0,0,False,False,False,Snow,,True,Road 1: PARK ST KITCHENER; Road 2: GLIDNER ST; Vehicle #1     Make: HOND     Model: UDY     Colour: SIL     Style: VN; Vehicle #2     Make: TOYT     Model: RV4     Colour: GRY     Style: TY,5/3/2021 10:37:16 AM,,
49936,19271043,1574184600000,2019,11,19,17,30,0,Tuesday,540145.72268,4810120.9341,-80.503891,43.442921,Intersection related,2,P.D. only,Thru lane,unknown,unknown,Sideswipe,Unknown,Dark,07 - Dark,Municipal (excl. Twp. Rd.),Stop sign,unknown,0,0,0,False,False,False,Clear,,True,Road 1: HOMEWOOD AVE; Road 2: WEST AVE; Vehicle #1     Make: RAM     Model: RTR     Colour: BLU     Style: PK; Vehicle #2     Make: CHEV     Model: SIL     Colour: GRY     Style: PK,5/3/2021 10:39:35 AM,,
49937,19271056,1573463400000,2019,11,11,9,10,0,Monday,539822.35185,4811431.36742,-80.507791,43.454738,Non intersection,2,Non-reportable,Off highway,unknown,unknown,Sideswipe,Unknown,Daylight,01 - Daylight,Municipal (excl. Twp. Rd.),No control,unknown,0,0,0,False,False,False,Snow,,True,Road 1: WALTER ST; Road 2: GRUHN ST; Vehicle #1     Make: TOYT     Model: CHB     Colour: GRN     Style: 4D; Vehicle #2     Make:      Model:      Colour:      Style:,5/3/2021 10:37:16 AM,,