OBJECTID,ACCIDENTNUM,ACCIDENTDATE,ACCIDENT_YEAR,ACCIDENT_MONTH,ACCIDENT_DAY,ACCIDENT_HOUR,ACCIDENT_MINUTE,ACCIDENT_SECOND,ACCIDENT_WEEKDAY,XCOORD,YCOORD,LONGITUDE,LATITUDE,ACCIDENTLOCATION,COLLISIONTYPE,CLASSIFICATIONOFACCIDENT,IMPACTLOCATION,INITIALDIRECTIONOFTRAVELONE,INITIALDIRECTIONOFTRAVELTWO,INITIALIMPACTTYPE,INTTRAFFICCONTROL,LIGHT,LIGHTFORREPORT,ROADJURISDICTION,TRAFFICCONTROL,TRAFFICCONTROLCONDITION,THRULANENO,NORTHBOUNDDISOBEYCOUNT,SOUTHBOUNDDISOBEYCOUNT,PEDESTRIANINVOLVED,CYCLISTINVOLVED,MOTORCYCLISTINVOLVED,ENVIRONMENTCONDITION1,ENVIRONMENTCONDITION2,SELFREPORTED,XMLIMPORTNOTES,LASTEDITEDDATE,CREATE_BY,CREATE_DATE
49989,19276598,1573381800000,2019,11,10,10,30,0,Sunday,545730.68483,4803824.32669,-80.435403,43.385906,At/near private drive,2,P.D. only,Thru lane,unknown,unknown,SMV unattended vehicle,Unknown,Daylight,01 - Daylight,Municipal (excl. Twp. Rd.),No control,unknown,0,0,0,False,False,False,Clear,,True,Road 1: 40 APPLE RIDGE DR; Vehicle #1     Make:      Model:      Colour:      Style: ; Vehicle #2     Make: BMW     Model: BX3     Colour: WHI     Style: TY,5/3/2021 10:41:30 AM,,
49990,19277355,1574873100000,2019,11,27,16,45,0,Wednesday,545122.36072,4807669.77443,-80.442596,43.420567999999996,At/near private drive,2,P.D. only,Thru lane,unknown,unknown,Angle,Unknown,"Dusk, artificial","06 - Dusk, artificial",Regional municipality,No control,unknown,0,0,0,False,False,False,Clear,,True,Road 1: WILSONE AVE (IFO 385 FAIRWAY RD); Road 2: FAIRWAY RD; Vehicle #1     Make: MERZ     Model: MEA     Colour: SIL     Style: 4D; Vehicle #2     Make: TOYT     Model: RG4     Colour: RED     Style: TY,5/3/2021 10:41:49 AM,,
49991,19278524,1575017100000,2019,11,29,8,45,0,Friday,541876.95006,4803490.06783,-80.48300499999999,43.383122,At intersection,2,Non-reportable,Within intersection,unknown,unknown,Sideswipe,Unknown,Daylight,01 - Daylight,Municipal (excl. Twp. Rd.),Stop sign,Functioning,0,0,0,False,False,False,Clear,,True,Road 1: HURON RD KITCHENER (ROUNDABOUT); Road 2: WOODBINE AVE KITCHENER; Vehicle #1     Make: CHEV     Model: CZT     Colour: RED     Style: 4D; Vehicle #2     Make: WEST     Model: WB1     Colour: BLK     Style: DP,5/3/2021 10:40:25 AM,,
49992,19278612,1575019800000,2019,11,29,9,30,0,Friday,541885.35621,4808113.26629,-80.482548,43.424749,Non intersection,2,P.D. only,Thru lane,unknown,unknown,Sideswipe,Unknown,Daylight,01 - Daylight,Municipal (excl. Twp. Rd.),No control,unknown,0,0,0,False,False,False,Clear,,True,Road 1: 16 ALPINE RD; Vehicle #1     Make: MAZD     Model: MCX     Colour: WHI     Style: TY; Vehicle #2     Make: HYUN     Model: SGL     Colour: WHI     Style: 4D,5/3/2021 10:38:25 AM,,
49993,19278656,1575019200000,2019,11,29,9,20,0,Friday,542405.77078,4806620.98923,-80.47623399999999,43.411283,At intersection,2,P.D. only,Thru lane,unknown,unknown,Rear end,Unknown,Daylight,01 - Daylight,Municipal (excl. Twp. Rd.),unknown,Functioning,0,0,0,False,False,False,Clear,,True,Road 1: STRASBURG RD; Road 2: OLD COUNTRY DR; Vehicle #1     Make:      Model:      Colour:      Style: ; Vehicle #2     Make: HYUN     Model: 2SP     Colour: GRN     Style: 4D,5/3/2021 10:40:45 AM,,
49994,19278847,1575046800000,2019,11,29,17,0,0,Friday,542843.65647,4809874.16933,-80.47057099999999,43.440549999999995,Intersection related,2,P.D. only,Within intersection,unknown,unknown,Angle,Unknown,Dark,07 - Dark,Regional municipality,Stop sign,Functioning,0,0,0,False,False,False,Clear,,True,Road 1: CHARLES ST E; Road 2: SYDNEY ST S; Vehicle #1     Make: HYUN     Model: AGG     Colour: RED     Style: 4D; Vehicle #2     Make: MERZ     Model: GLA     Colour: WHI     Style: TY,5/3/2021 10:39:49 AM,,
49995,19278859,1575041400000,2019,11,29,15,30,0,Friday,546176.2952,4809209.7445,-80.429446,43.434369,Non intersection,2,P.D. only,Thru lane,unknown,unknown,Other,Unknown,Daylight,01 - Daylight,Municipal (excl. Twp. Rd.),No control,unknown,0,0,0,False,False,False,Clear,,True,Road 1: 211 GRULKE ST; Vehicle #1     Make:      Model:      Colour:      Style: ; Vehicle #2     Make: DODG     Model: CAR     Colour: RED     Style: VN,5/3/2021 10:38:22 AM,,
49996,19278946,1575048600000,2019,11,29,17,30,0,Friday,540170.80573,4809411.7417,-80.503633,43.436533999999995,Intersection related,2,P.D. only,Within intersection,unknown,unknown,Sideswipe,Unknown,Dark,07 - Dark,Municipal (excl. Twp. Rd.),Traffic signal,Functioning,0,0,0,False,False,False,Clear,,True,Road 1: QUEEN'S BLVD; Road 2: BELMONT RD; Vehicle #1     Make: NISS     Model: ROG     Colour: SIL     Style: TY; Vehicle #2     Make: TOYT     Model: VEN     Colour: WHI     Style: TY,5/3/2021 10:39:49 AM,,
49997,19278950,1574959200000,2019,11,28,16,40,0,Thursday,542110.97084,4812325.69513,-80.479435,43.462665,Intersection related,2,P.D. only,Left turn lane,unknown,unknown,Sideswipe,Unknown,Dusk,05 - Dusk,Municipal (excl. Twp. Rd.),Stop sign,Functioning,0,0,0,False,False,False,Clear,,True,Road 1: SPRING VALLEY RD; Road 2: WELLINGTON RD; Vehicle #1     Make: FORD     Model: MUS     Colour: RED     Style: CV; Vehicle #2     Make: TOYT     Model: RV4     Colour: WHI     Style: TY,5/3/2021 10:40:06 AM,,
49998,19278980,1575054000000,2019,11,29,19,0,0,Friday,547790.01978,4810729.31569,-80.409375,43.44795,At/near private drive,2,P.D. only,Thru lane,unknown,unknown,Other,Unknown,Dark,07 - Dark,Municipal (excl. Twp. Rd.),No control,unknown,0,0,0,False,False,False,Clear,,True,Road 1: 328 COLTON CIRCLE (STREETWAY); Vehicle #1     Make: FORD     Model: COF     Colour: RED     Style: PK; Vehicle #2     Make: NISS     Model: ROG     Colour: SIL     Style: TY,5/3/2021 10:41:33 AM,,
49999,19279543,1575120180000,2019,11,30,13,23,0,Saturday,541120.54891,4811004.6946,-80.491778,43.450826,Non intersection,2,P.D. only,Thru lane,unknown,unknown,Sideswipe,Unknown,Daylight,01 - Daylight,Regional municipality,No control,unknown,0,0,0,False,False,False,Clear,,True,Road 1: KING ST W; Road 2: YOUNG ST; Vehicle #1     Make: SUBA     Model: SUBA     Colour: WHI     Style: IMP; Vehicle #2     Make: HOND     Model: ULX     Colour: GRY     Style: 4D,5/3/2021 10:38:53 AM,,
50000,19280135,1575189900000,2019,12,1,8,45,0,Sunday,541922.4949,4811447.04685,-80.481833,43.454764,Non intersection,2,P.D. only,Thru lane,unknown,unknown,SMV other,Unknown,Daylight,01 - Daylight,Municipal (excl. Twp. Rd.),No control,unknown,1,0,0,False,False,False,Freezing Rain,,False,Road 1: LANCASTER ST E (40 km/h); Road 2: MANSION ST; Distance: 3.0 M E; Vehicle #1     Make: NISS     Model: NV2     Colour: WHI     Style: FV,4/27/2022 10:40:32 AM,,
50001,19280314,1575207600000,2019,12,1,13,40,0,Sunday,539568.83757,4811425.87511,-80.510925,43.454702,Intersection related,2,P.D. only,Thru lane,unknown,unknown,Sideswipe,Unknown,Daylight,01 - Daylight,Municipal (excl. Twp. Rd.),Stop sign,unknown,0,0,0,False,False,False,Snow,,True,Road 1: PARK ST; Road 2: JUBILEE ST; Vehicle #1     Make: HYUN     Model: ESM     Colour: WHI     Style: 4D; Vehicle #2     Make: FORD     Model: SPE     Colour: BLK     Style: TY,5/3/2021 10:39:50 AM,,
50002,19280799,1575275400000,2019,12,2,8,30,0,Monday,539555.09806,4806208.74793,-80.511473,43.407727,At/near private drive,2,P.D. only,Thru lane,unknown,unknown,Angle,Unknown,Daylight,01 - Daylight,Municipal (excl. Twp. Rd.),No control,unknown,0,0,0,False,False,False,Snow,,True,Road 1: 185 ACTIVA AVE; Vehicle #1     Make: MAZD     Model: MA5     Colour: GRY     Style: SW; Vehicle #2     Make: FRHT     Model: CHA     Colour: YEL     Style: BU,5/3/2021 10:41:35 AM,,
50003,19280895,1575282600000,2019,12,2,10,30,0,Monday,549487.2354,4806211.00203,-80.38880999999999,43.407157999999995,Intersection related,2,P.D. only,Thru lane,unknown,unknown,Turning movement,Unknown,Daylight,01 - Daylight,Municipal (excl. Twp. Rd.),Stop sign,unknown,0,0,0,False,False,False,Clear,,True,Road 1: GATEWAY PARK DR; Road 2: TU LANE; Vehicle #1     Make: NISS     Model: PFI     Colour: WHI     Style: TY; Vehicle #2     Make: TOYT     Model: MTL     Colour: BLK     Style: 4D,5/3/2021 10:39:47 AM,,
50004,19280898,1575280800000,2019,12,2,10,0,0,Monday,541309.2642,4809728.38559,-80.489542,43.439322999999995,At intersection,2,P.D. only,Thru lane,unknown,unknown,Angle,Unknown,Daylight,01 - Daylight,Municipal (excl. Twp. Rd.),Stop sign,Functioning,0,0,0,False,False,False,Snow,,True,Road 1: MILL ST (IFO 170); Road 2: SPADINA RD E; Vehicle #1     Make: FORD     Model: COF     Colour: RED     Style: CW; Vehicle #2     Make: DODG     Model: CAR     Colour: BLU     Style: VN,5/3/2021 10:40:37 AM,,
50005,19281123,1575300960000,2019,12,2,15,36,0,Monday,545851.06154,4809757.26894,-80.433419,43.439319,Intersection related,2,P.D. only,Within intersection,unknown,unknown,Angle,Unknown,Daylight,01 - Daylight,Municipal (excl. Twp. Rd.),Traffic signal,Functioning,0,0,0,False,False,False,Clear,,False,Road 1: RIVER RD E (60 km/h); Road 2: OLD CHICOPEE DR (60 km/h); Vehicle #1     Make: HOND     Model: UDY     Colour: BLU     Style: TY; Vehicle #2     Make: TOYT     Model: HV4     Colour: GRY     Style: TY,5/3/2021 10:39:17 AM,,
50006,19281191,1575295200000,2019,12,2,14,0,0,Monday,540205.05871,4808316.69694,-80.50328999999999,43.426673,At/near private drive,2,P.D. only,Thru lane,unknown,unknown,SMV unattended vehicle,Unknown,Daylight,01 - Daylight,Municipal (excl. Twp. Rd.),No control,unknown,0,0,0,False,False,False,Clear,,True,Road 1: 90 VILLAGE RD; Vehicle #1     Make: LEXS     Model: NXT     Colour: BLK     Style: TY; Vehicle #2     Make: FORD     Model: FSE     Colour: GRY     Style: 4B,5/3/2021 10:41:35 AM,,
50007,19281303,1575210900000,2019,12,1,14,35,0,Sunday,545384.94047,4804699.61334,-80.439599,43.393808,Non intersection,2,P.D. only,Thru lane,unknown,unknown,SMV unattended vehicle,Unknown,Daylight,01 - Daylight,Municipal (excl. Twp. Rd.),No control,unknown,0,0,0,False,False,False,Snow,,True,Road 1: PIONEER DR; Road 2: DOON VILLAGE; Vehicle #1     Make: TOYT     Model: XLL     Colour: RED     Style: 4D; Vehicle #2     Make: FORD     Model: TLA     Colour: GRY     Style: 4D,5/3/2021 10:38:29 AM,,
50008,19281352,1574852400000,2019,11,27,11,0,0,Wednesday,536396.22496,4809501.06396,-80.550266,43.437532,Non intersection,2,Non-reportable,Thru lane,unknown,unknown,Other,Unknown,Daylight,01 - Daylight,Municipal (excl. Twp. Rd.),No control,unknown,0,0,0,False,False,False,Rain,,True,Road 1: BEECHMANOR CRESCENT; Road 2: RESURRECTION DR; Vehicle #1     Make: FORD     Model: CSC     Colour: WHI     Style: IC; Vehicle #2     Make:      Model:      Colour:      Style:,5/3/2021 10:39:03 AM,,
50009,19281529,1575353760000,2019,12,3,6,16,0,Tuesday,544610.18705,4809094.639,-80.44880599999999,43.433428,Intersection related,1,Non-fatal injury,Thru lane,unknown,unknown,SMV other,Unknown,Dark,07 - Dark,Regional municipality,Traffic signal,Functioning,1,0,0,True,False,False,Clear,,False,Road 1: FRANKLIN ST S (50 km/h); Road 2: KINGSWAY DR (50 km/h); Vehicle #1     Make: GMC     Model: TER     Colour: GRY     Style: TY,5/3/2021 10:38:45 AM,,
50010,19281588,1575333000000,2019,12,3,0,30,0,Tuesday,542530.50276,4812534.43849,-80.474233,43.464521,At/near private drive,2,P.D. only,Thru lane,unknown,unknown,Other,Unknown,Dark,07 - Dark,Municipal (excl. Twp. Rd.),No control,unknown,0,0,0,False,False,False,Clear,,True,Road 1: 610 WELLINGTON ST N; Vehicle #1     Make: KIA     Model: RES     Colour: RED     Style: 4D; Vehicle #2     Make: ALEX     Model: ENV     Colour: GRN     Style: BU,5/3/2021 10:41:41 AM,,
50011,19281598,1575356400000,2019,12,3,7,0,0,Tuesday,544819.65485,4808723.78174,-80.446248,43.430076,Non intersection,2,P.D. only,Thru lane,unknown,unknown,Approaching,Unknown,Dawn,03 - Dawn,Municipal (excl. Twp. Rd.),No control,unknown,0,0,0,False,False,False,Clear,,True,Road 1: 100 SAINT JEROME CRESCENT; Vehicle #1     Make: CHEV     Model: CZT     Colour: WHI     Style: 4D; Vehicle #2     Make: RAM     Model: RTR     Colour: BLU     Style: PK,5/3/2021 10:38:31 AM,,
50012,19281831,1575381600000,2019,12,3,14,0,0,Tuesday,541707.3502,4810679.15475,-80.48455,43.447862,At intersection,2,P.D. only,Thru lane,unknown,unknown,Rear end,Unknown,Daylight,01 - Daylight,Regional municipality,Stop sign,unknown,0,0,0,False,False,False,Clear,,True,Road 1: KING ST E; Road 2: EBY ST N; Vehicle #1     Make: PONT     Model: 6XP     Colour: SIL     Style: 4D; Vehicle #2     Make: FORD     Model: TST     Colour: WHI     Style: FV; Vehicle #3     Make: VOLK     Model: PTL     Colour: BLK     Style: 4D,5/3/2021 10:40:37 AM,,
50013,19281951,1575391500000,2019,12,3,16,45,0,Tuesday,539698.43853,4811084.13889,-80.509348,43.451617999999996,Intersection related,1,Non-fatal injury,Thru lane,unknown,unknown,SMV other,Stop sign,Dusk,05 - Dusk,unknown,Stop sign,unknown,1,0,0,True,False,False,Clear,,False,Road 1: DOMINION ST (50 km/h); Road 2: STRANGE ST (50 km/h); Vehicle #1     Make: HOND     Model: UCD     Colour: SIL     Style: 2D,5/3/2021 10:39:30 AM,,
50014,19282033,1575201300000,2019,12,1,11,55,0,Sunday,541634.00534,4811415.3265,-80.485401,43.454495,Intersection related,2,P.D. only,Thru lane,unknown,unknown,Other,Unknown,Daylight,01 - Daylight,Regional municipality,Traffic signal,Functioning,0,0,0,False,False,False,Snow,,True,Road 1: QUEEN ST N; Road 2: OTTO ST; Vehicle #1     Make: NISS     Model: SML     Colour: RED     Style: 4D; Vehicle #2     Make:      Model:      Colour:      Style:,5/3/2021 10:39:51 AM,,
50015,19282037,1575138000000,2019,11,30,18,20,0,Saturday,539761.07211,4807539.71567,-80.508832,43.4197,At/near private drive,2,Non-reportable,Thru lane,unknown,unknown,SMV unattended vehicle,Unknown,Dark,07 - Dark,Municipal (excl. Twp. Rd.),No control,unknown,0,0,0,False,False,False,Clear,,True,Road 1: 48 WINDALE CRESCENT; Vehicle #1     Make: HOND     Model: UDY     Colour: GRY     Style: VN; Vehicle #2     Make:      Model:      Colour:      Style:,5/3/2021 10:41:03 AM,,
50016,19282067,1573554600000,2019,11,12,10,30,0,Tuesday,544099.58607,4804910.61905,-80.455452,43.395785,At/near private drive,2,P.D. only,Right shoulder,unknown,unknown,SMV unattended vehicle,Unknown,Daylight,01 - Daylight,Municipal (excl. Twp. Rd.),No control,unknown,0,0,0,False,False,False,Clear,,True,Road 1: 61 BIEHN DR; Vehicle #1     Make: TOYT     Model: SIE     Colour: GRY     Style: VN; Vehicle #2     Make: TESL     Model: MSS     Colour: WHI     Style: 4D,5/3/2021 10:41:30 AM,,
50017,19282085,1575372600000,2019,12,3,11,30,0,Tuesday,540874.50055,4811047.66074,-80.494815,43.451226,Intersection related,2,Non-reportable,Thru lane,unknown,unknown,Sideswipe,Unknown,Daylight,01 - Daylight,Regional municipality,Stop sign,Functioning,0,0,0,False,False,False,Clear,,True,Road 1: WATER ST S; Road 2: HALLS LN W; Vehicle #1     Make: KIA     Model: FLG     Colour: SIL     Style: 4D; Vehicle #2     Make:      Model:      Colour:      Style:,5/3/2021 10:39:26 AM,,
50018,19282135,1573464600000,2019,11,11,9,30,0,Monday,542670.03538,4806929.28292,-80.472946,43.414044,Intersection related,2,P.D. only,Left turn lane,unknown,unknown,Rear end,Unknown,Daylight,01 - Daylight,Municipal (excl. Twp. Rd.),Stop sign,Functioning,0,0,0,False,False,False,Snow,,True,Road 1: COUNTRY HILL DR; Road 2: OLD COUNTRY DR; Vehicle #1     Make: TOYT     Model: MTL     Colour: RED     Style: 4D; Vehicle #2     Make:      Model:      Colour:      Style:,5/3/2021 10:40:09 AM,,
50019,19282222,1575418020000,2019,12,4,0,7,0,Wednesday,540906.02533,4806245.27438,-80.49478599999999,43.407983,Non intersection,2,P.D. only,Not on roadway - right side,unknown,unknown,SMV other,Unknown,Dark,07 - Dark,Municipal (excl. Twp. Rd.),No control,unknown,0,0,0,False,False,False,Other,,False,Road 1: 384 RITTENHOUSE RD (50 km/h); Road 2: RITTENHOUSE RD; Distance: 3.0 M W; Vehicle #1     Make: VOLK     Model: JSA     Colour: WHI     Style: 4D,5/3/2021 10:37:36 AM,,
50020,19282330,1573468800000,2019,11,11,10,40,0,Monday,543248.77201,4804523.24064,-80.465988,43.392347,Intersection related,2,P.D. only,Within intersection,unknown,unknown,SMV other,Unknown,Daylight,01 - Daylight,Municipal (excl. Twp. Rd.),Stop sign,unknown,0,0,0,False,False,False,Snow,,True,Road 1: HURON RD; Road 2: STRASSBURG; Vehicle #1     Make: VOLK     Model: ATL     Colour: WHI     Style: TY,5/3/2021 10:40:04 AM,,
50021,19282347,1573461900000,2019,11,11,8,45,0,Monday,542196.77235,4804187.41087,-80.47900299999999,43.389382999999995,At intersection,2,Non-reportable,Within intersection,unknown,unknown,Rear end,Unknown,Daylight,01 - Daylight,Municipal (excl. Twp. Rd.),Stop sign,Functioning,0,0,0,False,False,False,Snow,,True,Road 1: PARKVALE DR; Road 2: WOODBINE; Vehicle #1     Make: FORD     Model: FL     Colour: GRY     Style: 4D; Vehicle #2     Make:      Model:      Colour:      Style:,5/3/2021 10:40:13 AM,,
50022,19282537,1573464600000,2019,11,11,9,30,0,Monday,540918.24097,4812368.61434,-80.494176,43.463118,Intersection related,2,P.D. only,Within intersection,unknown,unknown,Angle,Unknown,Daylight,01 - Daylight,Municipal (excl. Twp. Rd.),Traffic signal,Functioning,0,0,0,False,False,False,Snow,,True,Road 1: MARGARET AVE; Road 2: GUELPH ST; Vehicle #1     Make: GMC     Model: SIE     Colour: BLK     Style: PK; Vehicle #2     Make: TOYT     Model: PRC     Colour: SIL     Style: 4B,5/3/2021 10:39:22 AM,,
50023,19282733,1575478800000,2019,12,4,17,0,0,Wednesday,537699.41303,4808958.03118,-80.534201,43.432578,At/near private drive,2,P.D. only,Off highway,unknown,unknown,SMV other,Unknown,Dark,07 - Dark,Municipal (excl. Twp. Rd.),No control,unknown,0,0,0,False,False,False,Snow,,False,Road 1: 314 OPRINGTON PL (50 km/h); Road 2: OPRINGTON PL; Distance: 3.0 M N; Vehicle #1     Make: TOYT     Model: RG4     Colour: BRN     Style: TY,5/3/2021 10:41:04 AM,,
50024,19282742,1575478800000,2019,12,4,17,0,0,Wednesday,540865.524,4809781.84045,-80.495021,43.439828999999996,At/near private drive,2,P.D. only,Thru lane,unknown,unknown,Rear end,Unknown,Dark,07 - Dark,Municipal (excl. Twp. Rd.),No control,unknown,0,0,0,False,False,False,Clear,,True,Road 1: HIGHLAND RD E (IFO 89); Vehicle #1     Make: GMC     Model: SIE     Colour: BLK     Style: PK; Vehicle #2     Make: TOYT     Model: SXC     Colour: GRY     Style: 2B,8/16/2022 2:59:26 PM,,
50025,19282864,1574853300000,2019,11,27,11,15,0,Wednesday,545340.19348,4811322.26712,-80.439601,43.453441999999995,Non intersection,2,Non-reportable,Thru lane,unknown,unknown,SMV unattended vehicle,Unknown,Daylight,01 - Daylight,Municipal (excl. Twp. Rd.),No control,unknown,0,0,0,False,False,False,Rain,,True,Road 1: 175 MONTCALM DR; Vehicle #1     Make: TOYT     Model: CBL     Colour: GRY     Style: 4D; Vehicle #2     Make: FORD     Model: COF     Colour: GRN     Style: PK,5/3/2021 10:37:46 AM,,
50026,19282948,1575503100000,2019,12,4,23,45,0,Wednesday,546535.6519,4805002.51014,-80.425365,43.396465,Non intersection,2,P.D. only,Thru lane,unknown,unknown,SMV other,Unknown,Dark,07 - Dark,Municipal (excl. Twp. Rd.),No control,unknown,0,0,0,False,False,False,Clear,,True,Road 1: MILL PARK DR; Road 2: GRAND VALLEY DR KITCHENER; Vehicle #1     Make: CHEV     Model: AVE     Colour: GRY     Style: 4D,5/3/2021 10:37:57 AM,,
50027,19283145,1573465200000,2019,11,11,9,40,0,Monday,546003.40758,4808535.56585,-80.43163899999999,43.428309999999996,Non intersection,2,P.D. only,Within intersection,unknown,unknown,Angle,Unknown,Daylight,01 - Daylight,Municipal (excl. Twp. Rd.),No control,unknown,0,0,0,False,False,False,Snow,,True,Road 1: KING ST E; Road 2: ONWARD; Vehicle #1     Make: TOYT     Model: MTL     Colour: WHI     Style: 4D; Vehicle #2     Make: DODG     Model: CAR     Colour: GRY     Style: VN,5/3/2021 10:37:46 AM,,
50028,19283158,1575531000000,2019,12,5,7,30,0,Thursday,539689.0659,4805683.64573,-80.509856,43.402992,At intersection,2,P.D. only,Within intersection,unknown,unknown,Angle,Unknown,Dawn,03 - Dawn,Municipal (excl. Twp. Rd.),unknown,Functioning,0,0,0,False,False,False,Clear,,True,Road 1: ACTIVA AVE; Road 2: DONNENWERTH DR; Vehicle #1     Make:      Model:      Colour:      Style: ; Vehicle #2     Make: TOYT     Model: CBL     Colour: GRY     Style: 4D,5/3/2021 10:40:28 AM,,
50029,19283401,1575525600000,2019,12,5,6,0,0,Thursday,546684.85821,4802332.33721,-80.42375,43.372414,Non intersection,2,Non-reportable,Thru lane,unknown,unknown,Approaching,Unknown,Dark,07 - Dark,Regional municipality,No control,unknown,0,0,0,False,False,False,Clear,,True,Road 1: REICHERT DR; Road 2: NEW DUNDEE RD; Vehicle #1     Make:      Model:      Colour:      Style: ; Vehicle #2     Make: TOYT     Model: SIE     Colour: GRY     Style: VN,5/3/2021 10:38:35 AM,,
50030,19283413,1575559560000,2019,12,5,15,26,0,Thursday,543067.10787,4807437.72184,-80.468002,43.418599,Intersection related,2,P.D. only,Thru lane,unknown,unknown,Rear end,Unknown,Daylight,01 - Daylight,Regional municipality,Stop sign,Functioning,1,0,0,False,False,False,Clear,,False,Road 1: BLOCK LINE RD (50 km/h); Road 2: FALLOWFIELD DR (50 km/h); Vehicle #1     Make: NISS     Model: KIC     Colour: WHI     Style: 4B; Vehicle #2     Make: FORD     Model: CTV     Colour: WHI     Style: BU,5/3/2021 10:39:12 AM,,
50031,19283491,1575555600000,2019,12,5,14,20,0,Thursday,548143.35312,4804535.50702,-80.405554,43.392159,Non intersection,2,Non-reportable,Thru lane,unknown,unknown,Turning movement,Unknown,Daylight,01 - Daylight,Municipal (excl. Twp. Rd.),No control,unknown,0,0,0,False,False,False,Clear,,True,Road 1: 299 DOON VALLEY DR; Vehicle #1     Make: DODG     Model: CXA     Colour: WHI     Style: 4D; Vehicle #2     Make:      Model:      Colour:      Style:,5/3/2021 10:37:45 AM,,
50032,19283496,1575564600000,2019,12,5,16,50,0,Thursday,542108.45981,4807133.40077,-80.479867,43.415914,At intersection,2,P.D. only,Within intersection,unknown,unknown,Angle,Unknown,Dusk,05 - Dusk,Municipal (excl. Twp. Rd.),Traffic signal,Functioning,0,0,0,False,False,False,Clear,,True,Road 1: STRASBURG RD; Road 2: BLOCK LINE RD; Vehicle #1     Make: MAZD     Model: MA5     Colour: GRN     Style: 4B; Vehicle #2     Make: TOYT     Model: HIG     Colour: GRY     Style: TY,5/3/2021 10:40:35 AM,,
50033,19284027,1575394200000,2019,12,3,17,30,0,Tuesday,545679.42349,4808991.56249,-80.435604,43.432435,Non intersection,2,Non-reportable,Thru lane,unknown,unknown,Sideswipe,Unknown,Dark,07 - Dark,Regional municipality,No control,unknown,0,0,0,False,False,False,Clear,,True,Road 1: WALKER ST; Road 2: BRIDE ST; Vehicle #1     Make:      Model:      Colour:      Style: ; Vehicle #2     Make: CHEV     Model: IMP     Colour: RED     Style: 4D,5/3/2021 10:38:46 AM,,
50034,19284229,1575647400000,2019,12,6,15,50,0,Friday,541711.53115,4812093.23493,-80.484391,43.460594,Non intersection,2,P.D. only,Thru lane,unknown,unknown,Turning movement,Unknown,Daylight,01 - Daylight,Municipal (excl. Twp. Rd.),No control,unknown,0,0,0,False,False,False,Clear,,True,Road 1: WELLINGTON ST N; Road 2: MAJOR ST KITCHENER; Vehicle #1     Make: CHEV     Model: AVT     Colour: WHI     Style: 4D; Vehicle #2     Make: HOND     Model: ULX     Colour: SIL     Style: 4D,5/3/2021 10:37:51 AM,,
50035,19284267,1575650100000,2019,12,6,16,35,0,Friday,540746.27082,4808830.31948,-80.496566,43.431267999999996,Intersection related,2,P.D. only,Thru lane,unknown,unknown,Rear end,Unknown,Dusk,05 - Dusk,Regional municipality,Traffic signal,Functioning,0,0,0,False,False,False,Clear,,True,Road 1: HOMER WATSON BLVD; Road 2: STIRLING AVE S; Vehicle #1     Make: CHEV     Model: CZT     Colour: RED     Style: 4D; Vehicle #2     Make: FORD     Model: COF     Colour: BLK     Style: PK,5/3/2021 10:39:45 AM,,
50036,19284486,1575668400000,2019,12,6,21,40,0,Friday,537038.55786,4808500.8341,-80.542397,43.428494,At/near private drive,2,P.D. only,Thru lane,unknown,unknown,SMV unattended vehicle,Unknown,Dark,07 - Dark,Municipal (excl. Twp. Rd.),No control,unknown,0,0,0,False,False,False,Clear,,True,Road 1: 471 HIDDEN CREEK DR; Vehicle #1     Make: MAZD     Model: 3TR     Colour: WHI     Style: 4D; Vehicle #2     Make: FORD     Model: EDG     Colour: BLK     Style: TY; Vehicle #3     Make:      Model:      Colour:      Style:,5/3/2021 10:41:23 AM,,
50037,19284761,1575710100000,2019,12,7,9,15,0,Saturday,540452.26102,4805983.59104,-80.50040899999999,43.405651999999996,At/near private drive,2,Non-reportable,Thru lane,unknown,unknown,Angle,Unknown,Daylight,01 - Daylight,Regional municipality,No control,unknown,0,0,0,False,False,False,Clear,,True,Road 1: MAX BECKER DR; Road 2: FISCHER-HALLMAN RD; Vehicle #1     Make: LEXS     Model: RX5     Colour: BLK     Style: TY; Vehicle #2     Make:      Model:      Colour:      Style:,5/3/2021 10:41:54 AM,,
50038,19284791,1575639000000,2019,12,6,13,30,0,Friday,544403.13056,4808640.43105,-80.45140099999999,43.42935,At/near private drive,2,P.D. only,Thru lane,unknown,unknown,SMV unattended vehicle,Unknown,Daylight,01 - Daylight,Municipal (excl. Twp. Rd.),No control,unknown,0,0,0,False,False,False,Freezing Rain,,True,Road 1: 172 FRANKLIN ST S; Vehicle #1     Make: DODG     Model: CAR     Colour: BGE     Style: VN; Vehicle #2     Make:      Model:      Colour:      Style:,5/3/2021 10:41:23 AM,,
50039,19284918,1575671400000,2019,12,6,22,30,0,Friday,544610.08337,4809093.50052,-80.448807,43.433417999999996,At intersection,2,P.D. only,Within intersection,unknown,unknown,Angle,Unknown,Dark,07 - Dark,Regional municipality,Traffic signal,Functioning,0,0,0,False,False,False,Clear,,True,Road 1: FRANKLIN ST N; Road 2: KINGSWAY DR; Vehicle #1     Make: MITS     Model: LST     Colour: GRY     Style: 4D; Vehicle #2     Make: CHEV     Model: IMT     Colour: WHI     Style: 4D,5/3/2021 10:40:33 AM,,