OBJECTID,ACCIDENTNUM,ACCIDENTDATE,ACCIDENT_YEAR,ACCIDENT_MONTH,ACCIDENT_DAY,ACCIDENT_HOUR,ACCIDENT_MINUTE,ACCIDENT_SECOND,ACCIDENT_WEEKDAY,XCOORD,YCOORD,LONGITUDE,LATITUDE,ACCIDENTLOCATION,COLLISIONTYPE,CLASSIFICATIONOFACCIDENT,IMPACTLOCATION,INITIALDIRECTIONOFTRAVELONE,INITIALDIRECTIONOFTRAVELTWO,INITIALIMPACTTYPE,INTTRAFFICCONTROL,LIGHT,LIGHTFORREPORT,ROADJURISDICTION,TRAFFICCONTROL,TRAFFICCONTROLCONDITION,THRULANENO,NORTHBOUNDDISOBEYCOUNT,SOUTHBOUNDDISOBEYCOUNT,PEDESTRIANINVOLVED,CYCLISTINVOLVED,MOTORCYCLISTINVOLVED,ENVIRONMENTCONDITION1,ENVIRONMENTCONDITION2,SELFREPORTED,XMLIMPORTNOTES,LASTEDITEDDATE,CREATE_BY,CREATE_DATE
50190,20017675,1579802400000,2020,1,23,18,0,0,Thursday,545169.4008,4807296.20768,-80.442045,43.417201,Non intersection,2,P.D. only,Thru lane,unknown,unknown,Sideswipe,Unknown,Dark,07 - Dark,Municipal (excl. Twp. Rd.),No control,unknown,0,0,0,False,False,False,Clear,,True,Road 1: WILSON AVE; Road 2: WEBSTER RD; Vehicle #1     Make: HYUN     Model: ESM     Colour: BLU     Style: 4D; Vehicle #2     Make:      Model:      Colour:      Style:,5/3/2021 10:39:00 AM,,
50191,20018200,1579865400000,2020,1,24,11,30,0,Friday,541752.2888,4810651.1288,-80.483997,43.447607,Non intersection,2,Non-reportable,Right shoulder,unknown,unknown,SMV unattended vehicle,Unknown,Daylight,01 - Daylight,Regional municipality,No control,unknown,0,0,0,False,False,False,Clear,,True,Road 1: KING ST E (IFO KITCHENER MARKET); Road 2: CEDAR ST N; Vehicle #1     Make:      Model:      Colour:      Style: ; Vehicle #2     Make: TOYT     Model: MTL     Colour: GRY     Style: 4D,8/16/2022 3:00:15 PM,,
50192,20018214,1579865820000,2020,1,24,11,37,0,Friday,544912.55524,4811949.29305,-80.444835,43.459112999999995,Non intersection,2,P.D. only,Not on roadway - left side,unknown,unknown,SMV other,Unknown,Daylight,01 - Daylight,Municipal (excl. Twp. Rd.),No control,unknown,0,0,0,False,False,False,Clear,,False,Road 1: LORRAINE AVE (50 km/h); Road 2: CARSON DR; Distance: 200.0 M N; Vehicle #1     Make: KIA     Model: SPO     Colour: WHI     Style: TY,5/3/2021 10:37:11 AM,,
50193,20018384,1579874400000,2020,1,24,14,0,0,Friday,542239.68977,4807839.62975,-80.478191,43.422264999999996,Non intersection,2,P.D. only,Thru lane,unknown,unknown,SMV other,Unknown,Daylight,01 - Daylight,Municipal (excl. Twp. Rd.),No control,unknown,0,0,0,False,False,False,Rain,,True,Road 1: ALPINE RD; Road 2: KINGSWOOD DR; Vehicle #1     Make: VOLK     Model: GFR     Colour: BLU     Style: 4B,5/3/2021 10:39:01 AM,,
50194,20018963,1579944600000,2020,1,25,9,30,0,Saturday,541876.16844,4810742.35663,-80.48245899999999,43.448422,At intersection,2,Non-reportable,Within intersection,unknown,unknown,Angle,Unknown,Daylight,01 - Daylight,Regional municipality,unknown,Functioning,0,0,0,False,False,False,Rain,,True,Road 1: CEDAR ST N; Road 2: DUKE ST E; Vehicle #1     Make: CHRY     Model: PIF     Colour: BLK     Style: 4W; Vehicle #2     Make: HYUN     Model: SFT     Colour: BLK     Style: TY,5/3/2021 10:40:25 AM,,
50195,20019048,1579953600000,2020,1,25,12,0,0,Saturday,544080.3792,4807527.64123,-80.455478,43.41935,Intersection related,2,P.D. only,Within intersection,unknown,unknown,Sideswipe,Unknown,Daylight,01 - Daylight,Regional municipality,Stop sign,Functioning,0,0,0,False,False,False,Clear,,True,Road 1: BALZER RD; Road 2: COURTLAND AVE E; Vehicle #1     Make: MAZD     Model: TRI     Colour: GRN     Style: TY; Vehicle #2     Make: MAZD     Model: M3I     Colour: BLU     Style: 4D,5/3/2021 10:39:52 AM,,
50196,20019115,1579874400000,2020,1,24,14,0,0,Friday,542030.84909,4810642.14237,-80.480555,43.447511,At/near private drive,2,P.D. only,Thru lane,unknown,unknown,SMV unattended vehicle,Unknown,Daylight,01 - Daylight,Municipal (excl. Twp. Rd.),No control,unknown,0,0,0,False,False,False,Rain,,True,Road 1: DUKE ST E (IFO 240); Road 2: MADISON AVE N; Vehicle #1     Make:      Model:      Colour:      Style: ; Vehicle #2     Make: KIA     Model: FNG     Colour: WHI     Style: 4D,5/3/2021 10:41:31 AM,,
50197,20019298,1579948200000,2020,1,25,10,30,0,Saturday,541482.95131,4810133.05859,-80.487365,43.442958,Intersection related,2,P.D. only,Thru lane,unknown,unknown,Other,Unknown,Daylight,01 - Daylight,Regional municipality,Stop sign,unknown,0,0,0,False,False,False,Rain,,True,Road 1: CEDAR ST S; Road 2: COURTLAND AVE E; Vehicle #1     Make: RAM     Model: DUR     Colour: BLK     Style: PK; Vehicle #2     Make: MERC     Model: C300     Colour: BLU     Style: 4DO,5/3/2021 10:39:51 AM,,
50198,20019303,1579964400000,2020,1,25,15,0,0,Saturday,547066.56902,4804808.70856,-80.418826,43.394687,Non intersection,2,P.D. only,Thru lane,unknown,unknown,Rear end,Unknown,Daylight,01 - Daylight,Regional municipality,No control,unknown,0,0,0,False,False,False,Rain,,True,Road 1: 1754 OLD MILL RD; Road 2: BLOCKLINE RD; Vehicle #1     Make:      Model:      Colour:      Style: ; Vehicle #2     Make: TOYT     Model: CTR     Colour: GRY     Style: 4B,5/3/2021 10:38:31 AM,,
50199,20019388,1579979700000,2020,1,25,19,15,0,Saturday,541402.29674,4809503.46884,-80.48841,43.437293,At/near private drive,2,P.D. only,Thru lane,unknown,unknown,Angle,Unknown,Dark,07 - Dark,Municipal (excl. Twp. Rd.),No control,unknown,0,0,0,False,False,False,Rain,,True,"Road 1: STIRLING AVE S KITCHENER WATERLOO REGIONAL MUNICIPALITY , ONTARIO , ONTARIO; Vehicle #1     Make: HOND     Model: UCL     Colour: SIL     Style: 4D; Vehicle #2     Make: FORD     Model: COF     Colour: BLK     Style: PK",5/3/2021 10:41:42 AM,,
50200,20019538,1579993260000,2020,1,25,23,1,0,Saturday,537342.49878,4809966.32267,-80.53854199999999,43.441674,Non intersection,2,P.D. only,Not on roadway - left side,unknown,unknown,SMV unattended vehicle,Unknown,Dark,07 - Dark,Municipal (excl. Twp. Rd.),No control,unknown,0,0,0,False,False,False,Clear,,False,Road 1: 367 WESTWOOD DR (50 km/h); Road 2: WESTWOOD DR; Distance: 0.0 M E; Vehicle #1     Make: LEXS     Model: I25     Colour: BLK     Style: 4D; Vehicle #2     Make: TOYT     Model: PRC     Colour: GRY     Style: 4B,5/3/2021 10:37:04 AM,,
50201,20019641,1580007600000,2020,1,26,3,0,0,Sunday,539384.3879,4810650.45416,-80.513261,43.44773,Non intersection,2,P.D. only,Not on roadway - left side,unknown,unknown,SMV other,Unknown,"Dark, artificial","08 - Dark, artificial",Municipal (excl. Twp. Rd.),No control,unknown,0,0,0,False,False,False,Clear,,False,Road 1: GAGE AVE (50 km/h); Road 2: BELMONT AVE W; Distance: 75.0 M E; Vehicle #1     Make: DODG     Model: RPC     Colour:      Style: PK,5/3/2021 10:37:09 AM,,
50202,20019696,1579862700000,2020,1,24,10,45,0,Friday,544909.71257,4811012.24614,-80.444947,43.450676,Non intersection,2,P.D. only,Thru lane,unknown,unknown,Sideswipe,Unknown,Daylight,01 - Daylight,Regional municipality,No control,unknown,0,0,0,False,False,False,Clear,,True,Road 1: OTTAWA ST N; Road 2: RIVER RD E; Vehicle #1     Make: MAZD     Model: M5T     Colour: BLK     Style: SW; Vehicle #2     Make: CHEV     Model: ML2     Colour: BLK     Style: 4D,8/16/2022 3:02:43 PM,,
50203,20019937,1579959000000,2020,1,25,13,30,0,Saturday,545856.76754,4804741.8515,-80.433769,43.39416,Intersection related,2,Non-reportable,Thru lane,unknown,unknown,Angle,Unknown,Daylight,01 - Daylight,Municipal (excl. Twp. Rd.),Stop sign,unknown,0,0,0,False,False,False,"Fog, mist, smoke, dust",,True,Road 1: PIONEER DR; Road 2: OLD CARRIAGE DR; Vehicle #1     Make: PONT     Model: GRA     Colour: RED     Style: 4D; Vehicle #2     Make:      Model:      Colour:      Style:,5/3/2021 10:39:24 AM,,
50204,20020031,1580004000000,2020,1,26,2,0,0,Sunday,541931.79379,4808646.86178,-80.481933,43.429551,Non intersection,2,P.D. only,Thru lane,unknown,unknown,Rear end,Unknown,Dark,07 - Dark,Municipal (excl. Twp. Rd.),No control,unknown,0,0,0,False,False,False,Clear,,True,Road 1: 242 KEHL ST; Vehicle #1     Make:      Model:      Colour:      Style: ; Vehicle #2     Make: MAZD     Model: 3TR     Colour: GRY     Style: 4D,5/3/2021 10:38:28 AM,,
50205,20020326,1580135400000,2020,1,27,14,30,0,Monday,538435.2312,4811149.98604,-80.52495499999999,43.452276999999995,Non intersection,2,P.D. only,Not on roadway - right side,unknown,unknown,SMV other,Unknown,Daylight,01 - Daylight,Municipal (excl. Twp. Rd.),No control,unknown,0,0,0,False,False,False,Snow,,False,Road 1: 319 UNION BLVD (50 km/h); Road 2: UNION BLVD; Distance: 1.0 M E; Vehicle #1     Make: FORD     Model: SPE     Colour: BLK     Style: TY,5/3/2021 10:37:09 AM,,
50206,20020662,1580133540000,2020,1,27,13,59,0,Monday,539424.8785,4810323.50762,-80.512784,43.444784,At intersection,2,P.D. only,Within intersection,unknown,unknown,Turning movement,Unknown,Daylight,01 - Daylight,Regional municipality,Stop sign,Functioning,0,0,0,False,False,False,Clear,,False,Road 1: BELMONT AVE W (50 km/h); Road 2: ADELAIDE ST (50 km/h); Distance: 0.0 M N; Vehicle #1     Make: CHEV     Model: SIL     Colour: WHI     Style: PK; Vehicle #2     Make: HOND     Model: CIV     Colour: GRY     Style: 4D,5/3/2021 10:40:15 AM,,
50207,20020862,1579853400000,2020,1,24,8,10,0,Friday,537674.57023,4809355.49562,-80.534481,43.436158,At/near private drive,2,Non-reportable,Thru lane,unknown,unknown,Other,Unknown,Daylight,01 - Daylight,Municipal (excl. Twp. Rd.),No control,unknown,0,0,0,False,False,False,Clear,,True,Road 1: 33 STOKE DR (IFO 33 STOKE DR); Vehicle #1     Make:      Model:      Colour:      Style: ; Vehicle #2     Make: NISS     Model: ATS     Colour: BLU     Style: 4D,5/3/2021 10:41:17 AM,,
50208,20021185,1580197500000,2020,1,28,7,45,0,Tuesday,539894.33429,4809696.26383,-80.50702799999999,43.439111,At/near private drive,2,Non-reportable,Thru lane,unknown,unknown,Other,Unknown,Dawn,03 - Dawn,Municipal (excl. Twp. Rd.),No control,unknown,0,0,0,False,False,False,Clear,,True,Road 1: BELMONT AVE W (IFO 129); Road 2: MARLBOROUGH AVE; Vehicle #1     Make: HOND     Model: CVT     Colour: RED     Style: 4D; Vehicle #2     Make:      Model:      Colour:      Style:,5/3/2021 10:41:18 AM,,
50209,20021557,1580215200000,2020,1,28,12,40,0,Tuesday,538898.2117,4806067.10834,-80.519595,43.406486,At/near private drive,2,P.D. only,Thru lane,unknown,unknown,Other,Unknown,Daylight,01 - Daylight,Municipal (excl. Twp. Rd.),No control,unknown,0,0,0,False,False,False,Clear,,True,Road 1: 22 PEACH BLOSSOM CRESCENT; Vehicle #1     Make: CHEV     Model: XLT     Colour: BLK     Style: 4D; Vehicle #2     Make: FORD     Model: SPE     Colour: BLK     Style: TY,5/3/2021 10:41:44 AM,,
50210,20022086,1580904000000,2020,2,5,12,0,0,Wednesday,542819.54559,4807409.33244,-80.471062,43.418358,Intersection related,2,P.D. only,Thru lane,unknown,unknown,Angle,Unknown,Daylight,01 - Daylight,Regional municipality,Stop sign,Functioning,0,0,0,False,False,False,Clear,,True,Road 1: BLOCK LINE RD; Road 2: HOME WATSON BLVD; Vehicle #1     Make: HYUN     Model: ETG     Colour: WHI     Style: 4B; Vehicle #2     Make: FORD     Model: COF     Colour: GRY     Style: PK,5/3/2021 10:39:35 AM,,
50211,20022320,1579557600000,2020,1,20,22,0,0,Monday,541459.72776,4809014.26989,-80.487737,43.432885,Non intersection,2,Non-reportable,Thru lane,unknown,unknown,SMV unattended vehicle,Unknown,Dark,07 - Dark,Municipal (excl. Twp. Rd.),No control,unknown,0,0,0,False,False,False,Clear,,True,Road 1: SOUTHDALE AVE (IFO 11); Vehicle #1     Make:      Model:      Colour:      Style: ; Vehicle #2     Make: SUBA     Model: IWX     Colour: WHI     Style: 4D,5/3/2021 10:37:43 AM,,
50212,20022535,1580329860000,2020,1,29,20,31,0,Wednesday,545807.37546,4812505.40004,-80.433728,43.464065999999995,At/near private drive,2,P.D. only,Thru lane,unknown,unknown,Rear end,Unknown,"Dark, artificial","08 - Dark, artificial",Municipal (excl. Twp. Rd.),No control,unknown,1,0,0,False,False,False,Clear,,False,Road 1: 276 KEEWATIN AVE (50 km/h); Road 2: KEEWATIN AVE; Distance: 5.0 M S; Vehicle #1     Make: VOLK     Model: CTG     Colour: BLK     Style: 4B; Vehicle #2     Make: DODG     Model: JOU     Colour: GRY     Style: TY; Vehicle #3     Make: CHEV     Mode,5/3/2021 10:40:55 AM,,
50213,20022973,1581068940000,2020,2,7,9,49,0,Friday,536409.08591,4806663.39629,-80.550296,43.41198,At/near private drive,2,P.D. only,Thru lane,unknown,unknown,Approaching,Unknown,Daylight,01 - Daylight,Municipal (excl. Twp. Rd.),No control,unknown,0,0,0,False,False,True,Snow,,True,Road 1: 238 YELLOW BIRCH DR; Vehicle #1     Make:      Model:      Colour:      Style: ; Vehicle #2     Make: FORD     Model: TLA     Colour: WHI     Style: 4D,5/3/2021 10:41:28 AM,,
50214,20022982,1580380200000,2020,1,30,10,30,0,Thursday,539739.62162,4811436.71155,-80.50881299999999,43.454789999999996,Non intersection,2,Non-reportable,Right turn lane,unknown,unknown,Angle,Unknown,Daylight,01 - Daylight,Municipal (excl. Twp. Rd.),No control,unknown,0,0,0,False,False,False,Clear,,True,Road 1: 7 GLASGOW ST; Road 2: LEAVING KCI PARKING LOT; Vehicle #1     Make: HOND     Model: PIL     Colour: BLK     Style: TY; Vehicle #2     Make:      Model:      Colour:      Style:,5/3/2021 10:37:42 AM,,
50215,20023080,1580380200000,2020,1,30,10,30,0,Thursday,539743.04711,4811598.57097,-80.508759,43.456247,At/near private drive,2,Non-reportable,Thru lane,unknown,unknown,Angle,Unknown,Daylight,01 - Daylight,Regional municipality,No control,unknown,0,0,0,False,False,False,Clear,,True,Road 1: 787 KING ST W (IFO); Vehicle #1     Make: CHRY     Model: PTC     Colour: RED     Style: VN; Vehicle #2     Make:      Model:      Colour:      Style:,4/27/2022 10:42:48 AM,,
50216,20023123,1580396280000,2020,1,30,14,58,0,Thursday,540895.06786,4809765.6512,-80.49465699999999,43.439682,Non intersection,2,P.D. only,Not on roadway - left side,unknown,unknown,SMV unattended vehicle,Unknown,Daylight,01 - Daylight,Regional municipality,No control,unknown,0,0,0,False,False,False,Clear,,False,Road 1: HIGHLAND RD E (50 km/h); Road 2: SPADINA RD E; Distance: 150.0 M W; Vehicle #1     Make: RAM     Model: DUR     Colour: GRY     Style: PK; Vehicle #2     Make: FORD     Model: COF     Colour: BLU     Style: PK,5/3/2021 10:37:13 AM,,
50217,20023217,1580402100000,2020,1,30,16,35,0,Thursday,541141.36966,4806763.70686,-80.49184,43.412639,At intersection,2,Non-reportable,Thru lane,unknown,unknown,Rear end,Unknown,Daylight,01 - Daylight,Regional municipality,unknown,Functioning,0,0,0,False,False,False,Clear,,True,Road 1: BLOCK LINE RD; Road 2: LAURENTIAN DR; Vehicle #1     Make: CHRY     Model: PTC     Colour: BLU     Style: VN; Vehicle #2     Make:      Model:      Colour:      Style:,5/3/2021 10:40:26 AM,,
50218,20023405,1580416200000,2020,1,30,20,30,0,Thursday,543713.50362,4805684.84018,-80.46015799999999,43.402778999999995,Intersection related,2,P.D. only,Within intersection,unknown,unknown,Angle,Unknown,"Dark, artificial","08 - Dark, artificial",Municipal (excl. Twp. Rd.),Traffic signal,unknown,0,0,0,False,False,False,Clear,,False,Road 1: TRILLIUM DR (50 km/h); Road 2: STECKLE PL (50 km/h); Vehicle #1     Make: PONT     Model: GPG     Colour: GRY     Style: 4D; Vehicle #2     Make: VOLK     Model: JBS     Colour: WHI     Style: 4D,5/3/2021 10:39:11 AM,,
50219,20023719,1580463600000,2020,1,31,9,40,0,Friday,546617.15268,4802815.57696,-80.424545,43.376768999999996,Non intersection,2,P.D. only,Thru lane,unknown,unknown,Other,Unknown,Daylight,01 - Daylight,Municipal (excl. Twp. Rd.),No control,unknown,0,0,0,False,False,False,Clear,,True,Road 1: 324 ROBERT FERRIE DR; Vehicle #1     Make: ISU     Model: NRR     Colour: WHI     Style: CO; Vehicle #2     Make: NISS     Model: MUR     Colour: BRN     Style: TY,5/3/2021 10:38:34 AM,,
50220,20023872,1580403600000,2020,1,30,17,0,0,Thursday,540527.79086,4810998.12078,-80.499104,43.450798999999996,Non intersection,2,P.D. only,Thru lane,unknown,unknown,SMV unattended vehicle,Unknown,Dusk,05 - Dusk,Regional municipality,No control,unknown,0,0,0,False,False,False,Clear,,True,Road 1: JOSEPH ST; Road 2: VICTORIA ST S; Vehicle #1     Make:      Model:      Colour:      Style: ; Vehicle #2     Make: CHEV     Model: VTL     Colour: RED     Style: 4B,5/3/2021 10:38:34 AM,,
50221,20023983,1582215600000,2020,2,20,16,20,0,Thursday,538726.15015,4808992.53928,-80.521513,43.432835999999995,At/near private drive,2,Non-reportable,Thru lane,unknown,unknown,Other,Unknown,Daylight,01 - Daylight,Municipal (excl. Twp. Rd.),No control,unknown,0,0,0,False,False,False,Clear,,True,Road 1: 81 EAGEN DR; Vehicle #1     Make:      Model:      Colour:      Style: ; Vehicle #2     Make: NISS     Model: ATS     Colour: GRY     Style: 4D,5/3/2021 10:41:00 AM,,
50222,20024019,1580484600000,2020,1,31,15,30,0,Friday,542635.00398,4805360.47151,-80.473501,43.399919999999995,At intersection,2,P.D. only,Within intersection,unknown,unknown,Angle,Unknown,Daylight,01 - Daylight,Municipal (excl. Twp. Rd.),Stop sign,Functioning,0,0,0,False,False,False,Clear,,True,Road 1: MCBRINE DR; Road 2: TRILLIUM DR; Vehicle #1     Make: TOYT     Model: CHL     Colour: GRY     Style: 4D; Vehicle #2     Make:      Model:      Colour:      Style:,5/3/2021 10:40:39 AM,,
50223,20024037,1580486400000,2020,1,31,16,0,0,Friday,544611.52608,4809093.51006,-80.44878899999999,43.433417999999996,At intersection,2,P.D. only,Within intersection,unknown,unknown,Turning movement,Unknown,Daylight,01 - Daylight,Municipal (excl. Twp. Rd.),Traffic signal,Functioning,0,0,0,False,False,False,Snow,,True,Road 1: KINGSWAY DR; Road 2: FRANKLIN ST N; Vehicle #1     Make: MAZD     Model: MA5     Colour: SIL     Style: 4B; Vehicle #2     Make: MITS     Model: RVR     Colour: BLK     Style: TY,5/3/2021 10:40:33 AM,,
50224,20024074,1580425200000,2020,1,30,23,0,0,Thursday,538844.87986,4811612.09924,-80.519859,43.456416,Non intersection,2,Non-reportable,Thru lane,unknown,unknown,SMV unattended vehicle,Unknown,Dark,07 - Dark,Municipal (excl. Twp. Rd.),No control,unknown,0,0,0,False,False,False,Clear,,True,Road 1: ESSON ST (IFO 21); Vehicle #1     Make:      Model:      Colour:      Style: ; Vehicle #2     Make: KIA     Model: OLS     Colour: WHI     Style: 4D,5/3/2021 10:38:58 AM,,
50225,20024162,1580490000000,2020,1,31,17,0,0,Friday,536015.76485,4809076.86882,-80.55499499999999,43.43373,At/near private drive,2,Non-reportable,Thru lane,unknown,unknown,SMV unattended vehicle,Unknown,Dusk,05 - Dusk,Municipal (excl. Twp. Rd.),No control,unknown,0,0,0,False,False,False,Clear,,True,Road 1: COUNTRYSTONE CRESCENT (IFO 279); Vehicle #1     Make: HYUN     Model: SHY     Colour: BLU     Style: 4D; Vehicle #2     Make: TOYT     Model: CHB     Colour: GRY     Style: 4D,5/3/2021 10:41:18 AM,,
50226,20024680,1605604320000,2020,11,17,9,12,0,Tuesday,542312.92807,4810287.03691,-80.477097,43.444297999999996,Intersection related,2,P.D. only,Thru lane,unknown,unknown,Approaching,Unknown,Daylight,01 - Daylight,Municipal (excl. Twp. Rd.),Traffic signal,Functioning,2,0,0,False,False,False,Clear,,False,Road 1: KING ST E (50 km/h); Road 2: STIRLING AVE N (50 km/h); Vehicle #1     Make: HOND     Model: UAX     Colour: GRY     Style: 4D; Vehicle #2     Make: FORD     Model: SPE     Colour: BRN     Style: TY,5/13/2021 11:51:06 AM,,
50227,20024735,1580558400000,2020,2,1,12,0,0,Saturday,541232.15268,4810946.93801,-80.490403,43.4503,Intersection related,2,Non-reportable,Within intersection,unknown,unknown,Rear end,Unknown,Daylight,01 - Daylight,Regional municipality,Traffic signal,unknown,0,0,0,False,False,False,Clear,,True,Road 1: KING ST W; Road 2: ONTARIO ST S; Vehicle #1     Make: FORD     Model: COF     Colour: BLK     Style: CW; Vehicle #2     Make: MAZD     Model: M3I     Colour: BLK     Style: 4B,5/3/2021 10:39:25 AM,,
50228,20024766,1580569200000,2020,2,1,15,0,0,Saturday,544594.14394,4807961.9426,-80.449097,43.42323,At/near private drive,2,Non-reportable,Thru lane,unknown,unknown,Other,Unknown,Daylight,01 - Daylight,Municipal (excl. Twp. Rd.),No control,unknown,0,0,0,False,False,False,Clear,,True,Road 1: BELWOOD CRESCENT (IFO 49); Vehicle #1     Make: TOYT     Model: UCS     Colour: GRY     Style: 4D; Vehicle #2     Make: KIA     Model: RIO     Colour: BLU     Style: 4B,5/3/2021 10:41:21 AM,,
50229,20024778,1580490000000,2020,1,31,17,0,0,Friday,543809.23704,4809563.17074,-80.458664,43.437694,Non intersection,2,P.D. only,Thru lane,unknown,unknown,Sideswipe,Unknown,Dusk,05 - Dusk,Regional municipality,No control,unknown,0,0,0,False,False,False,Clear,,True,Road 1: MONTGOMERY RD; Road 2: WEBER ST E; Vehicle #1     Make: VOLK     Model: C2T     Colour: SIL     Style: 4D; Vehicle #2     Make: DODG     Model: RPC     Colour: BLK     Style: PK,5/3/2021 10:38:37 AM,,
50230,20024946,1580580000000,2020,2,1,18,0,0,Saturday,544034.90011,4807718.01774,-80.456025,43.421067,Non intersection,2,P.D. only,Thru lane,unknown,unknown,SMV unattended vehicle,Unknown,Dark,07 - Dark,Municipal (excl. Twp. Rd.),No control,unknown,0,0,0,False,False,False,Snow,,True,Road 1: VANIER DR (IFO 553); Vehicle #1     Make: LEXS     Model: RX3     Colour: GLD     Style: TY; Vehicle #2     Make: HOND     Model: CCL     Colour: WHI     Style: 4D,5/3/2021 10:38:38 AM,,
50231,20024947,1580580900000,2020,2,1,18,15,0,Saturday,544676.33177,4808081.69735,-80.448072,43.424302999999995,At intersection,2,P.D. only,Within intersection,unknown,unknown,Angle,Unknown,Dark,07 - Dark,Municipal (excl. Twp. Rd.),Stop sign,Functioning,0,0,0,False,False,False,Snow,,True,Road 1: FAIRLAWN RD; Road 2: WILSON AVE; Vehicle #1     Make: TOYT     Model: CTX     Colour: GRN     Style: 4B; Vehicle #2     Make: FORD     Model: SPE     Colour: GRY     Style: TY,5/3/2021 10:40:39 AM,,
50232,20024984,1580584500000,2020,2,1,19,15,0,Saturday,538136.05992,4809506.01822,-80.528768,43.43749,Non intersection,1,Non-fatal injury,Thru lane,unknown,unknown,Angle,Unknown,Dark,07 - Dark,Municipal (excl. Twp. Rd.),No control,unknown,1,0,0,False,False,False,Snow,,False,Road 1: 97 FENWICK CRT (50 km/h); Road 2: FENWICK CRT; Distance: 1.0 K S; Vehicle #1     Make: HOND     Model: UEX     Colour: WHI     Style: 4D; Vehicle #2     Make: HYUN     Model: EGM     Colour: SIL     Style: 4D,5/3/2021 10:37:10 AM,,
50233,20024992,1580584260000,2020,2,1,19,11,0,Saturday,538535.52055,4809041.29782,-80.523865,43.433285,Non intersection,2,P.D. only,Thru lane,unknown,unknown,SMV unattended vehicle,Unknown,Dark,07 - Dark,Municipal (excl. Twp. Rd.),No control,unknown,1,0,0,False,False,False,Snow,,False,Road 1: 210 HIGHLAND CRES (50 km/h); Road 2: HIGHLAND CRES; Distance: 4.0 K W; Vehicle #1     Make: HYUN     Model: ESM     Colour: WHI     Style: 4D; Vehicle #2     Make: GMC     Model: SIE     Colour: WHI     Style: CW,4/27/2022 10:40:40 AM,,
50234,20025011,1580581800000,2020,2,1,18,30,0,Saturday,540352.13152,4807000.63603,-80.501571,43.414815,Non intersection,2,P.D. only,Thru lane,unknown,unknown,Approaching,Unknown,Dark,07 - Dark,Municipal (excl. Twp. Rd.),No control,unknown,0,0,0,False,False,False,Clear,,True,Road 1: LITTLEFIELD CRESCENT; Road 2: WILLIAMSBURG RD; Vehicle #1     Make: LNDR     Model: EQU     Colour: WHI     Style: TY; Vehicle #2     Make: DODG     Model: CXT     Colour: SIL     Style: 4D,5/3/2021 10:38:48 AM,,
50235,20025033,1580588100000,2020,2,1,20,15,0,Saturday,543755.56415,4807863.0967,-80.459464,43.422388999999995,Non intersection,2,P.D. only,Not on roadway - right side,unknown,unknown,SMV other,Unknown,Dark,07 - Dark,Municipal (excl. Twp. Rd.),No control,unknown,0,0,0,False,False,False,Snow,,False,Road 1: 1144 SHELLEY DR (50 km/h); Road 2: COURTLAND AVE E; Distance: 200.0 K N; Vehicle #1     Make: CHRY     Model: 2LX     Colour: BLU     Style: 4D,5/3/2021 10:37:18 AM,,
50236,20025451,1580643300000,2020,2,2,11,35,0,Sunday,544560.19249,4811740.76011,-80.449208,43.457256,At intersection,2,P.D. only,Right turn lane,unknown,unknown,Angle,Unknown,Daylight,01 - Daylight,Regional municipality,Traffic signal,Functioning,0,0,0,False,False,False,Snow,,True,Road 1: RIVER RD E; Road 2: LORRAINE AVE; Vehicle #1     Make: CHEV     Model: CDL     Colour: BLK     Style: 4D; Vehicle #2     Make: HYUN     Model: ESS     Colour: BLK     Style: 4D,5/3/2021 10:40:27 AM,,
50237,20025491,1580642400000,2020,2,2,11,20,0,Sunday,540919.68208,4807861.63272,-80.494496,43.422536,Non intersection,2,P.D. only,Off highway,unknown,unknown,SMV other,Unknown,Daylight,01 - Daylight,Regional municipality,No control,unknown,0,0,0,False,False,False,Snow,,False,Road 1: ELMSDALE DR (50 km/h); Road 2: OTTAWA ST S; Distance: 100.0 M N; Vehicle #1     Make: MAZD     Model: MA2     Colour: WHI     Style: 4B,5/3/2021 10:37:28 AM,,
50238,20025542,1580650500000,2020,2,2,13,35,0,Sunday,539974.93632,4810478.26655,-80.50597499999999,43.446148,At/near private drive,2,P.D. only,Thru lane,unknown,unknown,Sideswipe,Unknown,Daylight,01 - Daylight,Municipal (excl. Twp. Rd.),No control,unknown,0,0,0,False,False,False,Clear,,True,Road 1: 11 STRANGE ST; Vehicle #1     Make: LEXS     Model: NXT     Colour: RED     Style: TY; Vehicle #2     Make: HYUN     Model: EGM     Colour: BLK     Style: 4D,5/3/2021 10:41:48 AM,,
50239,20025755,1580671800000,2020,2,2,19,30,0,Sunday,547901.3449,4804475.63432,-80.408548,43.391635,Non intersection,2,P.D. only,Thru lane,unknown,unknown,Approaching,Unknown,Dark,07 - Dark,Municipal (excl. Twp. Rd.),No control,unknown,0,0,0,False,False,False,Clear,,True,Road 1: 218 DOON VALLEY DR; Vehicle #1     Make: HOND     Model: UAX     Colour: RED     Style: 4D; Vehicle #2     Make: CHEV     Model: CZT     Colour: BLK     Style: 4D,5/3/2021 10:38:50 AM,,